date,total_arrivals,foreign_tourists,mre_arrivals,month
2001-01-01,6081,3101,2980,1
2001-01-02,5824,2970,2854,1
2001-01-03,7284,3715,3569,1
2001-01-04,6678,3406,3272,1
2001-01-05,6232,3178,3054,1
2001-01-06,6303,3215,3088,1
2001-01-07,7321,3734,3587,1
2001-01-08,5889,3003,2886,1
2001-01-09,6795,3465,3330,1
2001-01-10,7167,3655,3512,1
2001-01-11,6024,3072,2952,1
2001-01-12,5915,3017,2898,1
2001-01-13,5760,2938,2822,1
2001-01-14,6716,3425,3291,1
2001-01-15,6286,3206,3080,1
2001-01-16,7338,3742,3596,1
2001-01-17,6739,3437,3302,1
2001-01-18,6370,3249,3121,1
2001-01-19,6459,3294,3165,1
2001-01-20,6836,3486,3350,1
2001-01-21,7408,3778,3630,1
2001-01-22,6850,3494,3356,1
2001-01-23,6358,3243,3115,1
2001-01-24,6239,3182,3057,1
2001-01-25,7035,3588,3447,1
2001-01-26,7010,3575,3435,1
2001-01-27,7220,3682,3538,1
2001-01-28,6765,3450,3315,1
2001-01-01,7292,3719,3573,1
2001-01-02,7007,3574,3433,1
2001-01-03,6158,3141,3017,1
2001-02-04,6077,3099,2978,2
2001-02-05,5723,2919,2804,2
2001-02-06,5940,3029,2911,2
2001-02-07,5462,2786,2676,2
2001-02-08,6219,3172,3047,2
2001-02-09,5690,2902,2788,2
2001-02-10,5615,2864,2751,2
2001-02-11,4819,2458,2361,2
2001-02-12,5367,2737,2630,2
2001-02-13,5459,2784,2675,2
2001-02-14,6081,3101,2980,2
2001-02-15,5938,3028,2910,2
2001-02-16,6055,3088,2967,2
2001-02-17,5124,2613,2511,2
2001-02-18,4919,2509,2410,2
2001-02-19,5901,3010,2891,2
2001-02-20,5765,2940,2825,2
2001-02-21,5694,2904,2790,2
2001-02-22,5504,2807,2697,2
2001-02-23,6135,3129,3006,2
2001-02-24,5964,3042,2922,2
2001-02-25,4690,2392,2298,2
2001-02-26,5298,2702,2596,2
2001-02-27,4995,2547,2448,2
2001-02-28,5592,2852,2740,2
2001-02-01,5262,2684,2578,2
2001-02-02,6087,3104,2983,2
2001-02-03,5704,2909,2795,2
2001-02-04,6204,3164,3040,2
2001-02-05,5303,2705,2598,2
2001-03-06,6567,3349,3218,3
2001-03-07,7847,4002,3845,3
2001-03-08,8367,4267,4100,3
2001-03-09,7445,3797,3648,3
2001-03-10,7755,3955,3800,3
2001-03-11,8665,4419,4246,3
2001-03-12,6817,3477,3340,3
2001-03-13,7736,3945,3791,3
2001-03-14,8324,4245,4079,3
2001-03-15,8551,4361,4190,3
2001-03-16,7668,3911,3757,3
2001-03-17,7655,3904,3751,3
2001-03-18,7857,4007,3850,3
2001-03-19,8082,4122,3960,3
2001-03-20,6857,3497,3360,3
2001-03-21,8218,4191,4027,3
2001-03-22,8004,4082,3922,3
2001-03-23,7200,3672,3528,3
2001-03-24,6561,3346,3215,3
2001-03-25,8017,4089,3928,3
2001-03-26,8635,4404,4231,3
2001-03-27,7826,3991,3835,3
2001-03-28,7899,4028,3871,3
2001-03-01,8303,4235,4068,3
2001-03-02,7443,3796,3647,3
2001-03-03,7601,3877,3724,3
2001-03-04,7353,3750,3603,3
2001-03-05,8026,4093,3933,3
2001-03-06,6633,3383,3250,3
2001-03-07,8510,4340,4170,3
2001-03-08,8232,4198,4034,3
2001-04-09,8058,4110,3948,4
2001-04-10,9694,4944,4750,4
2001-04-11,9708,4951,4757,4
2001-04-12,9972,5086,4886,4
2001-04-13,8864,4521,4343,4
2001-04-14,9408,4798,4610,4
2001-04-15,8723,4449,4274,4
2001-04-16,9887,5042,4845,4
2001-04-17,7577,3864,3713,4
2001-04-18,9097,4639,4458,4
2001-04-19,7935,4047,3888,4
2001-04-20,9349,4768,4581,4
2001-04-21,7820,3988,3832,4
2001-04-22,9726,4960,4766,4
2001-04-23,9821,5009,4812,4
2001-04-24,8962,4571,4391,4
2001-04-25,10034,5117,4917,4
2001-04-26,9562,4877,4685,4
2001-04-27,8296,4231,4065,4
2001-04-28,9624,4908,4716,4
2001-04-01,7956,4058,3898,4
2001-04-02,8565,4368,4197,4
2001-04-03,9361,4774,4587,4
2001-04-04,7712,3933,3779,4
2001-04-05,7669,3911,3758,4
2001-04-06,8706,4440,4266,4
2001-04-07,8708,4441,4267,4
2001-04-08,8611,4392,4219,4
2001-04-09,9754,4975,4779,4
2001-04-10,8156,4160,3996,4
2001-05-11,9151,4667,4484,5
2001-05-12,9086,4634,4452,5
2001-05-13,8488,4329,4159,5
2001-05-14,9359,4773,4586,5
2001-05-15,8044,4102,3942,5
2001-05-16,8822,4499,4323,5
2001-05-17,7763,3959,3804,5
2001-05-18,9415,4802,4613,5
2001-05-19,8289,4227,4062,5
2001-05-20,8093,4127,3966,5
2001-05-21,9810,5003,4807,5
2001-05-22,9601,4897,4704,5
2001-05-23,9295,4740,4555,5
2001-05-24,8574,4373,4201,5
2001-05-25,8266,4216,4050,5
2001-05-26,8360,4264,4096,5
2001-05-27,7516,3833,3683,5
2001-05-28,9363,4775,4588,5
2001-05-01,9000,4590,4410,5
2001-05-02,8281,4223,4058,5
2001-05-03,9759,4977,4782,5
2001-05-04,8639,4406,4233,5
2001-05-05,7673,3913,3760,5
2001-05-06,8548,4359,4189,5
2001-05-07,7941,4050,3891,5
2001-05-08,7727,3941,3786,5
2001-05-09,8661,4417,4244,5
2001-05-10,9033,4607,4426,5
2001-05-11,9652,4923,4729,5
2001-05-12,9010,4595,4415,5
2001-05-13,9639,4916,4723,5
2001-06-14,7602,3877,3725,6
2001-06-15,7018,3579,3439,6
2001-06-16,7857,4007,3850,6
2001-06-17,7688,3921,3767,6
2001-06-18,8658,4416,4242,6
2001-06-19,8445,4307,4138,6
2001-06-20,7954,4057,3897,6
2001-06-21,7195,3669,3526,6
2001-06-22,8725,4450,4275,6
2001-06-23,8691,4432,4259,6
2001-06-24,6987,3563,3424,6
2001-06-25,8030,4095,3935,6
2001-06-26,7553,3852,3701,6
2001-06-27,6831,3484,3347,6
2001-06-28,6626,3379,3247,6
2001-06-01,7244,3694,3550,6
2001-06-02,8149,4156,3993,6
2001-06-03,7109,3626,3483,6
2001-06-04,7866,4012,3854,6
2001-06-05,8272,4219,4053,6
2001-06-06,7039,3590,3449,6
2001-06-07,7167,3655,3512,6
2001-06-08,6864,3501,3363,6
2001-06-09,8144,4153,3991,6
2001-06-10,8577,4374,4203,6
2001-06-11,6736,3435,3301,6
2001-06-12,7831,3994,3837,6
2001-06-13,8345,4256,4089,6
2001-06-14,7357,3752,3605,6
2001-06-15,6820,3478,3342,6
2001-07-16,12674,6464,6210,7
2001-07-17,12324,6285,6039,7
2001-07-18,13712,6993,6719,7
2001-07-19,14827,7562,7265,7
2001-07-20,11536,5883,5653,7
2001-07-21,12999,6629,6370,7
2001-07-22,11158,5691,5467,7
2001-07-23,14611,7452,7159,7
2001-07-24,12171,6207,5964,7
2001-07-25,12111,6177,5934,7
2001-07-26,14531,7411,7120,7
2001-07-27,14001,7141,6860,7
2001-07-28,11696,5965,5731,7
2001-07-01,14113,7198,6915,7
2001-07-02,14675,7484,7191,7
2001-07-03,12268,6257,6011,7
2001-07-04,14040,7160,6880,7
2001-07-05,14401,7345,7056,7
2001-07-06,12774,6515,6259,7
2001-07-07,15048,7674,7374,7
2001-07-08,12405,6327,6078,7
2001-07-09,14396,7342,7054,7
2001-07-10,12074,6158,5916,7
2001-07-11,12892,6575,6317,7
2001-07-12,13390,6829,6561,7
2001-07-13,13477,6873,6604,7
2001-07-14,13283,6774,6509,7
2001-07-15,13332,6799,6533,7
2001-07-16,12349,6298,6051,7
2001-07-17,13377,6822,6555,7
2001-08-18,15028,7664,7364,8
2001-08-19,13301,6784,6517,8
2001-08-20,16759,8547,8212,8
2001-08-21,14954,7627,7327,8
2001-08-22,15664,7989,7675,8
2001-08-23,16115,8219,7896,8
2001-08-24,17258,8802,8456,8
2001-08-25,13210,6737,6473,8
2001-08-26,13792,7034,6758,8
2001-08-27,16772,8554,8218,8
2001-08-28,16798,8567,8231,8
2001-08-01,17582,8967,8615,8
2001-08-02,17354,8851,8503,8
2001-08-03,17143,8743,8400,8
2001-08-04,14106,7194,6912,8
2001-08-05,13455,6862,6593,8
2001-08-06,15410,7859,7551,8
2001-08-07,17497,8923,8574,8
2001-08-08,14508,7399,7109,8
2001-08-09,15714,8014,7700,8
2001-08-10,16513,8422,8091,8
2001-08-11,15281,7793,7488,8
2001-08-12,13229,6747,6482,8
2001-08-13,16822,8579,8243,8
2001-08-14,17525,8938,8587,8
2001-08-15,16708,8521,8187,8
2001-08-16,16085,8203,7882,8
2001-08-17,14076,7179,6897,8
2001-08-18,13041,6651,6390,8
2001-08-19,14975,7637,7338,8
2001-08-20,13237,6751,6486,8
2001-09-21,12120,6181,5939,9
2001-09-22,12425,6337,6088,9
2001-09-23,11939,6089,5850,9
2001-09-24,12278,6262,6016,9
2001-09-25,9800,4998,4802,9
2001-09-26,10232,5218,5014,9
2001-09-27,11869,6053,5816,9
2001-09-28,11090,5656,5434,9
2001-09-01,10729,5472,5257,9
2001-09-02,9599,4895,4704,9
2001-09-03,10522,5366,5156,9
2001-09-04,10362,5285,5077,9
2001-09-05,11139,5681,5458,9
2001-09-06,11896,6067,5829,9
2001-09-07,12552,6402,6150,9
2001-09-08,11669,5951,5718,9
2001-09-09,11883,6060,5823,9
2001-09-10,11151,5687,5464,9
2001-09-11,12430,6339,6091,9
2001-09-12,10478,5344,5134,9
2001-09-13,12106,6174,5932,9
2001-09-14,12496,6373,6123,9
2001-09-15,11851,6044,5807,9
2001-09-16,10783,5499,5284,9
2001-09-17,11249,5737,5512,9
2001-09-18,11611,5922,5689,9
2001-09-19,10691,5452,5239,9
2001-09-20,9993,5096,4897,9
2001-09-21,10850,5534,5316,9
2001-09-22,12220,6232,5988,9
2001-10-23,10791,5503,5288,10
2001-10-24,8659,4416,4243,10
2001-10-25,9093,4637,4456,10
2001-10-26,10563,5387,5176,10
2001-10-27,8866,4522,4344,10
2001-10-28,9617,4905,4712,10
2001-10-01,10776,5496,5280,10
2001-10-02,9761,4978,4783,10
2001-10-03,10331,5269,5062,10
2001-10-04,9118,4650,4468,10
2001-10-05,10490,5350,5140,10
2001-10-06,10124,5163,4961,10
2001-10-07,9107,4645,4462,10
2001-10-08,9609,4901,4708,10
2001-10-09,8961,4570,4391,10
2001-10-10,10260,5233,5027,10
2001-10-11,10796,5506,5290,10
2001-10-12,9811,5004,4807,10
2001-10-13,8493,4331,4162,10
2001-10-14,8940,4559,4381,10
2001-10-15,10261,5233,5028,10
2001-10-16,9234,4709,4525,10
2001-10-17,9264,4725,4539,10
2001-10-18,10089,5145,4944,10
2001-10-19,8371,4269,4102,10
2001-10-20,10350,5279,5071,10
2001-10-21,10565,5388,5177,10
2001-10-22,9768,4982,4786,10
2001-10-23,9619,4906,4713,10
2001-10-24,10991,5605,5386,10
2001-10-25,9142,4662,4480,10
2001-11-26,6756,3446,3310,11
2001-11-27,6570,3351,3219,11
2001-11-28,7083,3612,3471,11
2001-11-01,7730,3942,3788,11
2001-11-02,7223,3684,3539,11
2001-11-03,7681,3917,3764,11
2001-11-04,7292,3719,3573,11
2001-11-05,8027,4094,3933,11
2001-11-06,8296,4231,4065,11
2001-11-07,7306,3726,3580,11
2001-11-08,8226,4195,4031,11
2001-11-09,8215,4190,4025,11
2001-11-10,7621,3887,3734,11
2001-11-11,7328,3737,3591,11
2001-11-12,6615,3374,3241,11
2001-11-13,7711,3933,3778,11
2001-11-14,7251,3698,3553,11
2001-11-15,7548,3849,3699,11
2001-11-16,7906,4032,3874,11
2001-11-17,6986,3563,3423,11
2001-11-18,6723,3429,3294,11
2001-11-19,6864,3501,3363,11
2001-11-20,7489,3819,3670,11
2001-11-21,8397,4282,4115,11
2001-11-22,7501,3826,3675,11
2001-11-23,6764,3450,3314,11
2001-11-24,7640,3896,3744,11
2001-11-25,7162,3653,3509,11
2001-11-26,6943,3541,3402,11
2001-11-27,7509,3830,3679,11
2001-12-28,8499,4334,4165,12
2001-12-01,8460,4315,4145,12
2001-12-02,8403,4286,4117,12
2001-12-03,8174,4169,4005,12
2001-12-04,8181,4172,4009,12
2001-12-05,6868,3503,3365,12
2001-12-06,8701,4438,4263,12
2001-12-07,8094,4128,3966,12
2001-12-08,7085,3613,3472,12
2001-12-09,6812,3474,3338,12
2001-12-10,6517,3324,3193,12
2001-12-11,8793,4484,4309,12
2001-12-12,6931,3535,3396,12
2001-12-13,7385,3766,3619,12
2001-12-14,7613,3883,3730,12
2001-12-15,7741,3948,3793,12
2001-12-16,7310,3728,3582,12
2001-12-17,8782,4479,4303,12
2001-12-18,8304,4235,4069,12
2001-12-19,7852,4005,3847,12
2001-12-20,8163,4163,4000,12
2001-12-21,7151,3647,3504,12
2001-12-22,6945,3542,3403,12
2001-12-23,8167,4165,4002,12
2001-12-24,7243,3694,3549,12
2001-12-25,6800,3468,3332,12
2001-12-26,8765,4470,4295,12
2001-12-27,7008,3574,3434,12
2001-12-28,8069,4115,3954,12
2001-12-01,8558,4365,4193,12
2002-01-01,6788,3462,3326,1
2002-01-02,6477,3303,3174,1
2002-01-03,8062,4112,3950,1
2002-01-04,6315,3221,3094,1
2002-01-05,6591,3361,3230,1
2002-01-06,6404,3266,3138,1
2002-01-07,8079,4120,3959,1
2002-01-08,6969,3554,3415,1
2002-01-09,6016,3068,2948,1
2002-01-10,6471,3300,3171,1
2002-01-11,6501,3316,3185,1
2002-01-12,7953,4056,3897,1
2002-01-13,7562,3857,3705,1
2002-01-14,6055,3088,2967,1
2002-01-15,7869,4013,3856,1
2002-01-16,7981,4070,3911,1
2002-01-17,7393,3770,3623,1
2002-01-18,6318,3222,3096,1
2002-01-19,7426,3787,3639,1
2002-01-20,5977,3048,2929,1
2002-01-21,6992,3566,3426,1
2002-01-22,6294,3210,3084,1
2002-01-23,6773,3454,3319,1
2002-01-24,6371,3249,3122,1
2002-01-25,6209,3167,3042,1
2002-01-26,7385,3766,3619,1
2002-01-27,7524,3837,3687,1
2002-01-28,7923,4041,3882,1
2002-01-01,6327,3227,3100,1
2002-01-02,7277,3711,3566,1
2002-01-03,6178,3151,3027,1
2002-02-04,6007,3064,2943,2
2002-02-05,5306,2706,2600,2
2002-02-06,6612,3372,3240,2
2002-02-07,5499,2804,2695,2
2002-02-08,6732,3433,3299,2
2002-02-09,6649,3391,3258,2
2002-02-10,6211,3168,3043,2
2002-02-11,5050,2576,2474,2
2002-02-12,5656,2885,2771,2
2002-02-13,5157,2630,2527,2
2002-02-14,6244,3184,3060,2
2002-02-15,6079,3100,2979,2
2002-02-16,6494,3312,3182,2
2002-02-17,6203,3164,3039,2
2002-02-18,6048,3084,2964,2
2002-02-19,5963,3041,2922,2
2002-02-20,5394,2751,2643,2
2002-02-21,6300,3213,3087,2
2002-02-22,5786,2951,2835,2
2002-02-23,5576,2844,2732,2
2002-02-24,6524,3327,3197,2
2002-02-25,5517,2814,2703,2
2002-02-26,6085,3103,2982,2
2002-02-27,6502,3316,3186,2
2002-02-28,5863,2990,2873,2
2002-02-01,6707,3421,3286,2
2002-02-02,5332,2719,2613,2
2002-02-03,5245,2675,2570,2
2002-02-04,5666,2890,2776,2
2002-02-05,6276,3201,3075,2
2002-03-06,7935,4047,3888,3
2002-03-07,8518,4344,4174,3
2002-03-08,9056,4619,4437,3
2002-03-09,7845,4001,3844,3
2002-03-10,8332,4249,4083,3
2002-03-11,7148,3645,3503,3
2002-03-12,7800,3978,3822,3
2002-03-13,7711,3933,3778,3
2002-03-14,7844,4000,3844,3
2002-03-15,9177,4680,4497,3
2002-03-16,7252,3699,3553,3
2002-03-17,8069,4115,3954,3
2002-03-18,8577,4374,4203,3
2002-03-19,8705,4440,4265,3
2002-03-20,7575,3863,3712,3
2002-03-21,8031,4096,3935,3
2002-03-22,9354,4771,4583,3
2002-03-23,8355,4261,4094,3
2002-03-24,8821,4499,4322,3
2002-03-25,8816,4496,4320,3
2002-03-26,9104,4643,4461,3
2002-03-27,8612,4392,4220,3
2002-03-28,8735,4455,4280,3
2002-03-01,8106,4134,3972,3
2002-03-02,8022,4091,3931,3
2002-03-03,8647,4410,4237,3
2002-03-04,9079,4630,4449,3
2002-03-05,9036,4608,4428,3
2002-03-06,7750,3953,3797,3
2002-03-07,8677,4425,4252,3
2002-03-08,9249,4717,4532,3
2002-04-09,9660,4927,4733,4
2002-04-10,9638,4915,4723,4
2002-04-11,8693,4433,4260,4
2002-04-12,8336,4251,4085,4
2002-04-13,9909,5054,4855,4
2002-04-14,10134,5168,4966,4
2002-04-15,10188,5196,4992,4
2002-04-16,10754,5485,5269,4
2002-04-17,9309,4748,4561,4
2002-04-18,8220,4192,4028,4
2002-04-19,10352,5280,5072,4
2002-04-20,8334,4250,4084,4
2002-04-21,10046,5123,4923,4
2002-04-22,10296,5251,5045,4
2002-04-23,9442,4815,4627,4
2002-04-24,9776,4986,4790,4
2002-04-25,8723,4449,4274,4
2002-04-26,8907,4543,4364,4
2002-04-27,10020,5110,4910,4
2002-04-28,9133,4658,4475,4
2002-04-01,8991,4585,4406,4
2002-04-02,8219,4192,4027,4
2002-04-03,9477,4833,4644,4
2002-04-04,10672,5443,5229,4
2002-04-05,8016,4088,3928,4
2002-04-06,10472,5341,5131,4
2002-04-07,8823,4500,4323,4
2002-04-08,10143,5173,4970,4
2002-04-09,8283,4224,4059,4
2002-04-10,10019,5110,4909,4
2002-05-11,10203,5204,4999,5
2002-05-12,9253,4719,4534,5
2002-05-13,9605,4899,4706,5
2002-05-14,8299,4232,4067,5
2002-05-15,9940,5069,4871,5
2002-05-16,9925,5062,4863,5
2002-05-17,8587,4379,4208,5
2002-05-18,8299,4232,4067,5
2002-05-19,10327,5267,5060,5
2002-05-20,8903,4541,4362,5
2002-05-21,9418,4803,4615,5
2002-05-22,8848,4512,4336,5
2002-05-23,10604,5408,5196,5
2002-05-24,8747,4461,4286,5
2002-05-25,9573,4882,4691,5
2002-05-26,8858,4518,4340,5
2002-05-27,10088,5145,4943,5
2002-05-28,8400,4284,4116,5
2002-05-01,9385,4786,4599,5
2002-05-02,9559,4875,4684,5
2002-05-03,8421,4295,4126,5
2002-05-04,9746,4970,4776,5
2002-05-05,9722,4958,4764,5
2002-05-06,10312,5259,5053,5
2002-05-07,9804,5000,4804,5
2002-05-08,9206,4695,4511,5
2002-05-09,10544,5377,5167,5
2002-05-10,8591,4381,4210,5
2002-05-11,8050,4106,3944,5
2002-05-12,10432,5320,5112,5
2002-05-13,9180,4682,4498,5
2002-06-14,8478,4324,4154,6
2002-06-15,8425,4297,4128,6
2002-06-16,7460,3805,3655,6
2002-06-17,8652,4413,4239,6
2002-06-18,8990,4585,4405,6
2002-06-19,9121,4652,4469,6
2002-06-20,8958,4569,4389,6
2002-06-21,8066,4114,3952,6
2002-06-22,8442,4305,4137,6
2002-06-23,7561,3856,3705,6
2002-06-24,6991,3565,3426,6
2002-06-25,8051,4106,3945,6
2002-06-26,7062,3602,3460,6
2002-06-27,7020,3580,3440,6
2002-06-28,8906,4542,4364,6
2002-06-01,7952,4056,3896,6
2002-06-02,8955,4567,4388,6
2002-06-03,8665,4419,4246,6
2002-06-04,8817,4497,4320,6
2002-06-05,7000,3570,3430,6
2002-06-06,8659,4416,4243,6
2002-06-07,7112,3627,3485,6
2002-06-08,7246,3695,3551,6
2002-06-09,7854,4006,3848,6
2002-06-10,8415,4292,4123,6
2002-06-11,7446,3797,3649,6
2002-06-12,8016,4088,3928,6
2002-06-13,8640,4406,4234,6
2002-06-14,8034,4097,3937,6
2002-06-15,8270,4218,4052,6
2002-07-16,13385,6826,6559,7
2002-07-17,14261,7273,6988,7
2002-07-18,13597,6934,6663,7
2002-07-19,15681,7997,7684,7
2002-07-20,12384,6316,6068,7
2002-07-21,12411,6330,6081,7
2002-07-22,13972,7126,6846,7
2002-07-23,15382,7845,7537,7
2002-07-24,12794,6525,6269,7
2002-07-25,15908,8113,7795,7
2002-07-26,12243,6244,5999,7
2002-07-27,12029,6135,5894,7
2002-07-28,13629,6951,6678,7
2002-07-01,15022,7661,7361,7
2002-07-02,14603,7448,7155,7
2002-07-03,13306,6786,6520,7
2002-07-04,12163,6203,5960,7
2002-07-05,14865,7581,7284,7
2002-07-06,14451,7370,7081,7
2002-07-07,14607,7450,7157,7
2002-07-08,14472,7381,7091,7
2002-07-09,14643,7468,7175,7
2002-07-10,13597,6934,6663,7
2002-07-11,15520,7915,7605,7
2002-07-12,15850,8084,7766,7
2002-07-13,12549,6400,6149,7
2002-07-14,15068,7685,7383,7
2002-07-15,15409,7859,7550,7
2002-07-16,14474,7382,7092,7
2002-07-17,15662,7988,7674,7
2002-08-18,15154,7729,7425,8
2002-08-19,16726,8530,8196,8
2002-08-20,15223,7764,7459,8
2002-08-21,16040,8180,7860,8
2002-08-22,18700,9537,9163,8
2002-08-23,18383,9375,9008,8
2002-08-24,16071,8196,7875,8
2002-08-25,15805,8061,7744,8
2002-08-26,18189,9276,8913,8
2002-08-27,15871,8094,7777,8
2002-08-28,14490,7390,7100,8
2002-08-01,16437,8383,8054,8
2002-08-02,16709,8522,8187,8
2002-08-03,14670,7482,7188,8
2002-08-04,17203,8774,8429,8
2002-08-05,17866,9112,8754,8
2002-08-06,16625,8479,8146,8
2002-08-07,14784,7540,7244,8
2002-08-08,18504,9437,9067,8
2002-08-09,14205,7245,6960,8
2002-08-10,14582,7437,7145,8
2002-08-11,14262,7274,6988,8
2002-08-12,14943,7621,7322,8
2002-08-13,17302,8824,8478,8
2002-08-14,17033,8687,8346,8
2002-08-15,17789,9072,8717,8
2002-08-16,16805,8571,8234,8
2002-08-17,15102,7702,7400,8
2002-08-18,16654,8494,8160,8
2002-08-19,16501,8416,8085,8
2002-08-20,14809,7553,7256,8
2002-09-21,12350,6299,6051,9
2002-09-22,12895,6576,6319,9
2002-09-23,13311,6789,6522,9
2002-09-24,11927,6083,5844,9
2002-09-25,11653,5943,5710,9
2002-09-26,11788,6012,5776,9
2002-09-27,12131,6187,5944,9
2002-09-28,13374,6821,6553,9
2002-09-01,10110,5156,4954,9
2002-09-02,11331,5779,5552,9
2002-09-03,11125,5674,5451,9
2002-09-04,10931,5575,5356,9
2002-09-05,13304,6785,6519,9
2002-09-06,11502,5866,5636,9
2002-09-07,11198,5711,5487,9
2002-09-08,10491,5350,5141,9
2002-09-09,11956,6098,5858,9
2002-09-10,12104,6173,5931,9
2002-09-11,13242,6753,6489,9
2002-09-12,12730,6492,6238,9
2002-09-13,10492,5351,5141,9
2002-09-14,10402,5305,5097,9
2002-09-15,10686,5450,5236,9
2002-09-16,11304,5765,5539,9
2002-09-17,11770,6003,5767,9
2002-09-18,11615,5924,5691,9
2002-09-19,11350,5789,5561,9
2002-09-20,10832,5524,5308,9
2002-09-21,12338,6292,6046,9
2002-09-22,13352,6810,6542,9
2002-10-23,10388,5298,5090,10
2002-10-24,9542,4866,4676,10
2002-10-25,10479,5344,5135,10
2002-10-26,10051,5126,4925,10
2002-10-27,11354,5791,5563,10
2002-10-28,9877,5037,4840,10
2002-10-01,9592,4892,4700,10
2002-10-02,11787,6011,5776,10
2002-10-03,11920,6079,5841,10
2002-10-04,9756,4976,4780,10
2002-10-05,8991,4585,4406,10
2002-10-06,11393,5810,5583,10
2002-10-07,10126,5164,4962,10
2002-10-08,10805,5511,5294,10
2002-10-09,9910,5054,4856,10
2002-10-10,10431,5320,5111,10
2002-10-11,11467,5848,5619,10
2002-10-12,10365,5286,5079,10
2002-10-13,10283,5244,5039,10
2002-10-14,11148,5685,5463,10
2002-10-15,9322,4754,4568,10
2002-10-16,9997,5098,4899,10
2002-10-17,11052,5637,5415,10
2002-10-18,11411,5820,5591,10
2002-10-19,10098,5150,4948,10
2002-10-20,11124,5673,5451,10
2002-10-21,9856,5027,4829,10
2002-10-22,11027,5624,5403,10
2002-10-23,11495,5862,5633,10
2002-10-24,11551,5891,5660,10
2002-10-25,10007,5104,4903,10
2002-11-26,8363,4265,4098,11
2002-11-27,9160,4672,4488,11
2002-11-28,8751,4463,4288,11
2002-11-01,8553,4362,4191,11
2002-11-02,9061,4621,4440,11
2002-11-03,8333,4250,4083,11
2002-11-04,7098,3620,3478,11
2002-11-05,8590,4381,4209,11
2002-11-06,7895,4026,3869,11
2002-11-07,7874,4016,3858,11
2002-11-08,8038,4099,3939,11
2002-11-09,9348,4767,4581,11
2002-11-10,8400,4284,4116,11
2002-11-11,8865,4521,4344,11
2002-11-12,7339,3743,3596,11
2002-11-13,7007,3574,3433,11
2002-11-14,9038,4609,4429,11
2002-11-15,9082,4632,4450,11
2002-11-16,7581,3866,3715,11
2002-11-17,7497,3823,3674,11
2002-11-18,9173,4678,4495,11
2002-11-19,8332,4249,4083,11
2002-11-20,9163,4673,4490,11
2002-11-21,8156,4160,3996,11
2002-11-22,7021,3581,3440,11
2002-11-23,7341,3744,3597,11
2002-11-24,7288,3717,3571,11
2002-11-25,7612,3882,3730,11
2002-11-26,7064,3603,3461,11
2002-11-27,8814,4495,4319,11
2002-12-28,8097,4129,3968,12
2002-12-01,7951,4055,3896,12
2002-12-02,7559,3855,3704,12
2002-12-03,8854,4516,4338,12
2002-12-04,9071,4626,4445,12
2002-12-05,7763,3959,3804,12
2002-12-06,8246,4205,4041,12
2002-12-07,7510,3830,3680,12
2002-12-08,8597,4384,4213,12
2002-12-09,7238,3691,3547,12
2002-12-10,7696,3925,3771,12
2002-12-11,7321,3734,3587,12
2002-12-12,8414,4291,4123,12
2002-12-13,7411,3780,3631,12
2002-12-14,7418,3783,3635,12
2002-12-15,7606,3879,3727,12
2002-12-16,8805,4491,4314,12
2002-12-17,7244,3694,3550,12
2002-12-18,7643,3898,3745,12
2002-12-19,9149,4666,4483,12
2002-12-20,8567,4369,4198,12
2002-12-21,7226,3685,3541,12
2002-12-22,8202,4183,4019,12
2002-12-23,8765,4470,4295,12
2002-12-24,7517,3834,3683,12
2002-12-25,8665,4419,4246,12
2002-12-26,7224,3684,3540,12
2002-12-27,9396,4792,4604,12
2002-12-28,8581,4376,4205,12
2002-12-01,8223,4194,4029,12
2003-01-01,7145,3644,3501,1
2003-01-02,7960,4060,3900,1
2003-01-03,7946,4052,3894,1
2003-01-04,7888,4023,3865,1
2003-01-05,7122,3632,3490,1
2003-01-06,7507,3829,3678,1
2003-01-07,8617,4395,4222,1
2003-01-08,7112,3627,3485,1
2003-01-09,7668,3911,3757,1
2003-01-10,7983,4071,3912,1
2003-01-11,8204,4184,4020,1
2003-01-12,8643,4408,4235,1
2003-01-13,6772,3454,3318,1
2003-01-14,6619,3376,3243,1
2003-01-15,7984,4072,3912,1
2003-01-16,7527,3839,3688,1
2003-01-17,8345,4256,4089,1
2003-01-18,8675,4424,4251,1
2003-01-19,7095,3618,3477,1
2003-01-20,7304,3725,3579,1
2003-01-21,7470,3810,3660,1
2003-01-22,7352,3750,3602,1
2003-01-23,8617,4395,4222,1
2003-01-24,6478,3304,3174,1
2003-01-25,8240,4202,4038,1
2003-01-26,7432,3790,3642,1
2003-01-27,7073,3607,3466,1
2003-01-28,8025,4093,3932,1
2003-01-01,8397,4282,4115,1
2003-01-02,6930,3534,3396,1
2003-01-03,6572,3352,3220,1
2003-02-04,5879,2998,2881,2
2003-02-05,5938,3028,2910,2
2003-02-06,5401,2755,2646,2
2003-02-07,6273,3199,3074,2
2003-02-08,6561,3346,3215,2
2003-02-09,7119,3631,3488,2
2003-02-10,6627,3380,3247,2
2003-02-11,7225,3685,3540,2
2003-02-12,6628,3380,3248,2
2003-02-13,6328,3227,3101,2
2003-02-14,5463,2786,2677,2
2003-02-15,6313,3220,3093,2
2003-02-16,6144,3133,3011,2
2003-02-17,6843,3490,3353,2
2003-02-18,6089,3105,2984,2
2003-02-19,7142,3642,3500,2
2003-02-20,6144,3133,3011,2
2003-02-21,6804,3470,3334,2
2003-02-22,6331,3229,3102,2
2003-02-23,6214,3169,3045,2
2003-02-24,6265,3195,3070,2
2003-02-25,6653,3393,3260,2
2003-02-26,5958,3039,2919,2
2003-02-27,6077,3099,2978,2
2003-02-28,6877,3507,3370,2
2003-02-01,6890,3514,3376,2
2003-02-02,5915,3017,2898,2
2003-02-03,6918,3528,3390,2
2003-02-04,6537,3334,3203,2
2003-02-05,7242,3693,3549,2
2003-03-06,8140,4151,3989,3
2003-03-07,8105,4134,3971,3
2003-03-08,9203,4694,4509,3
2003-03-09,9397,4792,4605,3
2003-03-10,10071,5136,4935,3
2003-03-11,10090,5146,4944,3
2003-03-12,8929,4554,4375,3
2003-03-13,9377,4782,4595,3
2003-03-14,7767,3961,3806,3
2003-03-15,8352,4260,4092,3
2003-03-16,8099,4130,3969,3
2003-03-17,8284,4225,4059,3
2003-03-18,8335,4251,4084,3
2003-03-19,9157,4670,4487,3
2003-03-20,7498,3824,3674,3
2003-03-21,8479,4324,4155,3
2003-03-22,7933,4046,3887,3
2003-03-23,8017,4089,3928,3
2003-03-24,10048,5124,4924,3
2003-03-25,9792,4994,4798,3
2003-03-26,9442,4815,4627,3
2003-03-27,8145,4154,3991,3
2003-03-28,7687,3920,3767,3
2003-03-01,7512,3831,3681,3
2003-03-02,8906,4542,4364,3
2003-03-03,7932,4045,3887,3
2003-03-04,7576,3864,3712,3
2003-03-05,9516,4853,4663,3
2003-03-06,9299,4742,4557,3
2003-03-07,9716,4955,4761,3
2003-03-08,8348,4257,4091,3
2003-04-09,8920,4549,4371,4
2003-04-10,9285,4735,4550,4
2003-04-11,11024,5622,5402,4
2003-04-12,10968,5594,5374,4
2003-04-13,9968,5084,4884,4
2003-04-14,10623,5418,5205,4
2003-04-15,9066,4624,4442,4
2003-04-16,9210,4697,4513,4
2003-04-17,10177,5190,4987,4
2003-04-18,10687,5450,5237,4
2003-04-19,9739,4967,4772,4
2003-04-20,11005,5613,5392,4
2003-04-21,10700,5457,5243,4
2003-04-22,10417,5313,5104,4
2003-04-23,11188,5706,5482,4
2003-04-24,8897,4537,4360,4
2003-04-25,10881,5549,5332,4
2003-04-26,9402,4795,4607,4
2003-04-27,10714,5464,5250,4
2003-04-28,9288,4737,4551,4
2003-04-01,10325,5266,5059,4
2003-04-02,10091,5146,4945,4
2003-04-03,10082,5142,4940,4
2003-04-04,9790,4993,4797,4
2003-04-05,10414,5311,5103,4
2003-04-06,8709,4442,4267,4
2003-04-07,10044,5122,4922,4
2003-04-08,11394,5811,5583,4
2003-04-09,11150,5687,5463,4
2003-04-10,10826,5521,5305,4
2003-05-11,10369,5288,5081,5
2003-05-12,10810,5513,5297,5
2003-05-13,10474,5342,5132,5
2003-05-14,10192,5198,4994,5
2003-05-15,8653,4413,4240,5
2003-05-16,11181,5702,5479,5
2003-05-17,8732,4453,4279,5
2003-05-18,10036,5118,4918,5
2003-05-19,9072,4627,4445,5
2003-05-20,10900,5559,5341,5
2003-05-21,8766,4471,4295,5
2003-05-22,8885,4531,4354,5
2003-05-23,9820,5008,4812,5
2003-05-24,8571,4371,4200,5
2003-05-25,10350,5279,5071,5
2003-05-26,10712,5463,5249,5
2003-05-27,9021,4601,4420,5
2003-05-28,9961,5080,4881,5
2003-05-01,9429,4809,4620,5
2003-05-02,9552,4872,4680,5
2003-05-03,9950,5075,4875,5
2003-05-04,11149,5686,5463,5
2003-05-05,11226,5725,5501,5
2003-05-06,11068,5645,5423,5
2003-05-07,11109,5666,5443,5
2003-05-08,8674,4424,4250,5
2003-05-09,9088,4635,4453,5
2003-05-10,10529,5370,5159,5
2003-05-11,9122,4652,4470,5
2003-05-12,10339,5273,5066,5
2003-05-13,9761,4978,4783,5
2003-06-14,9290,4738,4552,6
2003-06-15,9009,4595,4414,6
2003-06-16,9726,4960,4766,6
2003-06-17,9419,4804,4615,6
2003-06-18,9760,4978,4782,6
2003-06-19,7772,3964,3808,6
2003-06-20,9234,4709,4525,6
2003-06-21,8738,4456,4282,6
2003-06-22,9900,5049,4851,6
2003-06-23,8552,4362,4190,6
2003-06-24,8320,4243,4077,6
2003-06-25,9914,5056,4858,6
2003-06-26,8886,4532,4354,6
2003-06-27,8544,4357,4187,6
2003-06-28,10046,5123,4923,6
2003-06-01,7806,3981,3825,6
2003-06-02,9851,5024,4827,6
2003-06-03,9394,4791,4603,6
2003-06-04,8112,4137,3975,6
2003-06-05,7662,3908,3754,6
2003-06-06,9503,4847,4656,6
2003-06-07,8077,4119,3958,6
2003-06-08,7760,3958,3802,6
2003-06-09,8924,4551,4373,6
2003-06-10,8431,4300,4131,6
2003-06-11,8832,4504,4328,6
2003-06-12,9098,4640,4458,6
2003-06-13,9477,4833,4644,6
2003-06-14,8687,4430,4257,6
2003-06-15,7992,4076,3916,6
2003-07-16,15630,7971,7659,7
2003-07-17,12877,6567,6310,7
2003-07-18,16896,8617,8279,7
2003-07-19,14710,7502,7208,7
2003-07-20,16906,8622,8284,7
2003-07-21,14050,7166,6884,7
2003-07-22,17280,8813,8467,7
2003-07-23,16958,8649,8309,7
2003-07-24,16666,8500,8166,7
2003-07-25,13612,6942,6670,7
2003-07-26,14302,7294,7008,7
2003-07-27,16298,8312,7986,7
2003-07-28,14467,7378,7089,7
2003-07-01,14974,7637,7337,7
2003-07-02,15035,7668,7367,7
2003-07-03,13540,6905,6635,7
2003-07-04,14082,7182,6900,7
2003-07-05,16995,8667,8328,7
2003-07-06,16019,8170,7849,7
2003-07-07,13383,6825,6558,7
2003-07-08,15882,8100,7782,7
2003-07-09,16134,8228,7906,7
2003-07-10,15733,8024,7709,7
2003-07-11,14098,7190,6908,7
2003-07-12,17240,8792,8448,7
2003-07-13,15981,8150,7831,7
2003-07-14,16877,8607,8270,7
2003-07-15,15984,8152,7832,7
2003-07-16,14642,7467,7175,7
2003-07-17,15692,8003,7689,7
2003-08-18,16156,8240,7916,8
2003-08-19,19524,9957,9567,8
2003-08-20,18108,9235,8873,8
2003-08-21,18591,9481,9110,8
2003-08-22,17340,8843,8497,8
2003-08-23,15634,7973,7661,8
2003-08-24,18332,9349,8983,8
2003-08-25,19136,9759,9377,8
2003-08-26,16877,8607,8270,8
2003-08-27,15478,7894,7584,8
2003-08-28,18451,9410,9041,8
2003-08-01,15918,8118,7800,8
2003-08-02,15119,7711,7408,8
2003-08-03,15496,7903,7593,8
2003-08-04,18101,9232,8869,8
2003-08-05,15356,7832,7524,8
2003-08-06,17149,8746,8403,8
2003-08-07,18588,9480,9108,8
2003-08-08,16351,8339,8012,8
2003-08-09,19533,9962,9571,8
2003-08-10,18583,9477,9106,8
2003-08-11,18082,9222,8860,8
2003-08-12,16006,8163,7843,8
2003-08-13,20252,10329,9923,8
2003-08-14,15533,7922,7611,8
2003-08-15,16897,8617,8280,8
2003-08-16,15521,7916,7605,8
2003-08-17,15494,7902,7592,8
2003-08-18,17762,9059,8703,8
2003-08-19,16741,8538,8203,8
2003-08-20,19967,10183,9784,8
2003-09-21,12486,6368,6118,9
2003-09-22,12551,6401,6150,9
2003-09-23,12833,6545,6288,9
2003-09-24,14055,7168,6887,9
2003-09-25,13497,6883,6614,9
2003-09-26,12873,6565,6308,9
2003-09-27,11170,5697,5473,9
2003-09-28,13142,6702,6440,9
2003-09-01,13567,6919,6648,9
2003-09-02,12107,6175,5932,9
2003-09-03,12612,6432,6180,9
2003-09-04,13716,6995,6721,9
2003-09-05,13478,6874,6604,9
2003-09-06,12789,6522,6267,9
2003-09-07,12520,6385,6135,9
2003-09-08,12727,6491,6236,9
2003-09-09,12377,6312,6065,9
2003-09-10,11999,6119,5880,9
2003-09-11,11385,5806,5579,9
2003-09-12,11675,5954,5721,9
2003-09-13,11869,6053,5816,9
2003-09-14,13113,6688,6425,9
2003-09-15,11812,6024,5788,9
2003-09-16,14264,7275,6989,9
2003-09-17,10800,5508,5292,9
2003-09-18,11312,5769,5543,9
2003-09-19,13925,7102,6823,9
2003-09-20,13733,7004,6729,9
2003-09-21,11906,6072,5834,9
2003-09-22,12320,6283,6037,9
2003-10-23,12985,6622,6363,10
2003-10-24,12355,6301,6054,10
2003-10-25,12411,6330,6081,10
2003-10-26,11169,5696,5473,10
2003-10-27,11711,5973,5738,10
2003-10-28,10522,5366,5156,10
2003-10-01,10171,5187,4984,10
2003-10-02,12519,6385,6134,10
2003-10-03,12632,6442,6190,10
2003-10-04,9943,5071,4872,10
2003-10-05,12562,6407,6155,10
2003-10-06,13025,6643,6382,10
2003-10-07,10285,5245,5040,10
2003-10-08,12633,6443,6190,10
2003-10-09,10657,5435,5222,10
2003-10-10,9964,5082,4882,10
2003-10-11,11113,5668,5445,10
2003-10-12,11484,5857,5627,10
2003-10-13,10491,5350,5141,10
2003-10-14,11196,5710,5486,10
2003-10-15,10806,5511,5295,10
2003-10-16,12891,6574,6317,10
2003-10-17,9856,5027,4829,10
2003-10-18,11226,5725,5501,10
2003-10-19,10265,5235,5030,10
2003-10-20,9961,5080,4881,10
2003-10-21,12976,6618,6358,10
2003-10-22,11336,5781,5555,10
2003-10-23,12234,6239,5995,10
2003-10-24,12434,6341,6093,10
2003-10-25,10673,5443,5230,10
2003-11-26,10105,5154,4951,11
2003-11-27,9559,4875,4684,11
2003-11-28,9333,4760,4573,11
2003-11-01,9341,4764,4577,11
2003-11-02,7830,3993,3837,11
2003-11-03,9733,4964,4769,11
2003-11-04,8947,4563,4384,11
2003-11-05,7533,3842,3691,11
2003-11-06,8161,4162,3999,11
2003-11-07,9840,5018,4822,11
2003-11-08,8784,4480,4304,11
2003-11-09,7837,3997,3840,11
2003-11-10,7645,3899,3746,11
2003-11-11,8647,4410,4237,11
2003-11-12,9117,4650,4467,11
2003-11-13,7849,4003,3846,11
2003-11-14,9141,4662,4479,11
2003-11-15,9723,4959,4764,11
2003-11-16,9364,4776,4588,11
2003-11-17,9048,4614,4434,11
2003-11-18,8138,4150,3988,11
2003-11-19,9908,5053,4855,11
2003-11-20,9887,5042,4845,11
2003-11-21,9930,5064,4866,11
2003-11-22,8179,4171,4008,11
2003-11-23,9396,4792,4604,11
2003-11-24,8942,4560,4382,11
2003-11-25,9103,4643,4460,11
2003-11-26,8563,4367,4196,11
2003-11-27,8007,4084,3923,11
2003-12-28,7783,3969,3814,12
2003-12-01,8982,4581,4401,12
2003-12-02,8964,4572,4392,12
2003-12-03,8674,4424,4250,12
2003-12-04,7509,3830,3679,12
2003-12-05,7576,3864,3712,12
2003-12-06,10137,5170,4967,12
2003-12-07,8902,4540,4362,12
2003-12-08,8435,4302,4133,12
2003-12-09,9146,4664,4482,12
2003-12-10,9671,4932,4739,12
2003-12-11,9972,5086,4886,12
2003-12-12,10012,5106,4906,12
2003-12-13,9119,4651,4468,12
2003-12-14,8255,4210,4045,12
2003-12-15,7686,3920,3766,12
2003-12-16,10123,5163,4960,12
2003-12-17,9161,4672,4489,12
2003-12-18,9300,4743,4557,12
2003-12-19,8877,4527,4350,12
2003-12-20,7797,3976,3821,12
2003-12-21,7561,3856,3705,12
2003-12-22,9203,4694,4509,12
2003-12-23,10073,5137,4936,12
2003-12-24,9682,4938,4744,12
2003-12-25,7770,3963,3807,12
2003-12-26,10120,5161,4959,12
2003-12-27,7643,3898,3745,12
2003-12-28,9198,4691,4507,12
2003-12-01,9896,5047,4849,12
2004-01-01,8704,4439,4265,1
2004-01-02,9373,4780,4593,1
2004-01-03,8610,4391,4219,1
2004-01-04,8350,4259,4091,1
2004-01-05,7194,3669,3525,1
2004-01-06,8706,4440,4266,1
2004-01-07,7088,3615,3473,1
2004-01-08,8802,4489,4313,1
2004-01-09,7250,3698,3552,1
2004-01-10,8524,4347,4177,1
2004-01-11,8890,4534,4356,1
2004-01-12,7686,3920,3766,1
2004-01-13,8509,4340,4169,1
2004-01-14,9375,4781,4594,1
2004-01-15,8248,4206,4042,1
2004-01-16,7779,3967,3812,1
2004-01-17,8463,4316,4147,1
2004-01-18,7271,3708,3563,1
2004-01-19,7225,3685,3540,1
2004-01-20,8582,4377,4205,1
2004-01-21,9201,4693,4508,1
2004-01-22,7920,4039,3881,1
2004-01-23,9118,4650,4468,1
2004-01-24,8406,4287,4119,1
2004-01-25,7031,3586,3445,1
2004-01-26,9006,4593,4413,1
2004-01-27,7266,3706,3560,1
2004-01-28,8806,4491,4315,1
2004-01-01,7872,4015,3857,1
2004-01-02,9232,4708,4524,1
2004-01-03,9064,4623,4441,1
2004-02-04,7111,3627,3484,2
2004-02-05,6015,3068,2947,2
2004-02-06,7469,3809,3660,2
2004-02-07,7714,3934,3780,2
2004-02-08,6297,3211,3086,2
2004-02-09,7628,3890,3738,2
2004-02-10,5846,2981,2865,2
2004-02-11,6715,3425,3290,2
2004-02-12,7632,3892,3740,2
2004-02-13,6101,3112,2989,2
2004-02-14,6103,3113,2990,2
2004-02-15,7074,3608,3466,2
2004-02-16,6800,3468,3332,2
2004-02-17,6820,3478,3342,2
2004-02-18,6080,3101,2979,2
2004-02-19,7364,3756,3608,2
2004-02-20,7808,3982,3826,2
2004-02-21,6747,3441,3306,2
2004-02-22,6823,3480,3343,2
2004-02-23,6750,3443,3307,2
2004-02-24,6402,3265,3137,2
2004-02-25,6564,3348,3216,2
2004-02-26,7156,3650,3506,2
2004-02-27,6952,3546,3406,2
2004-02-28,5848,2982,2866,2
2004-02-01,7329,3738,3591,2
2004-02-02,6844,3490,3354,2
2004-02-03,7859,4008,3851,2
2004-02-04,7770,3963,3807,2
2004-02-05,7292,3719,3573,2
2004-03-06,10426,5317,5109,3
2004-03-07,9615,4904,4711,3
2004-03-08,9691,4942,4749,3
2004-03-09,10905,5562,5343,3
2004-03-10,9278,4732,4546,3
2004-03-11,9347,4767,4580,3
2004-03-12,10448,5328,5120,3
2004-03-13,10438,5323,5115,3
2004-03-14,9333,4760,4573,3
2004-03-15,9503,4847,4656,3
2004-03-16,10736,5475,5261,3
2004-03-17,9489,4839,4650,3
2004-03-18,9225,4705,4520,3
2004-03-19,8446,4307,4139,3
2004-03-20,10833,5525,5308,3
2004-03-21,10478,5344,5134,3
2004-03-22,9797,4996,4801,3
2004-03-23,10651,5432,5219,3
2004-03-24,9208,4696,4512,3
2004-03-25,8308,4237,4071,3
2004-03-26,10121,5162,4959,3
2004-03-27,10268,5237,5031,3
2004-03-28,10891,5554,5337,3
2004-03-01,8243,4204,4039,3
2004-03-02,9144,4663,4481,3
2004-03-03,8521,4346,4175,3
2004-03-04,10872,5545,5327,3
2004-03-05,10830,5523,5307,3
2004-03-06,10519,5365,5154,3
2004-03-07,8900,4539,4361,3
2004-03-08,9982,5091,4891,3
2004-04-09,11403,5816,5587,4
2004-04-10,9363,4775,4588,4
2004-04-11,9911,5055,4856,4
2004-04-12,9774,4985,4789,4
2004-04-13,10314,5260,5054,4
2004-04-14,11790,6013,5777,4
2004-04-15,9523,4857,4666,4
2004-04-16,11396,5812,5584,4
2004-04-17,10374,5291,5083,4
2004-04-18,10428,5318,5110,4
2004-04-19,11199,5711,5488,4
2004-04-20,10932,5575,5357,4
2004-04-21,11803,6020,5783,4
2004-04-22,10312,5259,5053,4
2004-04-23,11251,5738,5513,4
2004-04-24,11381,5804,5577,4
2004-04-25,12254,6250,6004,4
2004-04-26,11815,6026,5789,4
2004-04-27,11239,5732,5507,4
2004-04-28,11709,5972,5737,4
2004-04-01,12102,6172,5930,4
2004-04-02,9620,4906,4714,4
2004-04-03,10847,5532,5315,4
2004-04-04,9402,4795,4607,4
2004-04-05,10226,5215,5011,4
2004-04-06,11264,5745,5519,4
2004-04-07,11299,5762,5537,4
2004-04-08,9337,4762,4575,4
2004-04-09,12570,6411,6159,4
2004-04-10,10134,5168,4966,4
2004-05-11,10947,5583,5364,5
2004-05-12,9516,4853,4663,5
2004-05-13,10645,5429,5216,5
2004-05-14,10209,5207,5002,5
2004-05-15,12057,6149,5908,5
2004-05-16,12363,6305,6058,5
2004-05-17,10183,5193,4990,5
2004-05-18,11645,5939,5706,5
2004-05-19,11884,6061,5823,5
2004-05-20,11461,5845,5616,5
2004-05-21,10570,5391,5179,5
2004-05-22,11737,5986,5751,5
2004-05-23,11545,5888,5657,5
2004-05-24,11064,5643,5421,5
2004-05-25,10348,5277,5071,5
2004-05-26,10191,5197,4994,5
2004-05-27,11410,5819,5591,5
2004-05-28,10569,5390,5179,5
2004-05-01,11404,5816,5588,5
2004-05-02,11374,5801,5573,5
2004-05-03,11902,6070,5832,5
2004-05-04,12451,6350,6101,5
2004-05-05,12117,6180,5937,5
2004-05-06,12497,6373,6124,5
2004-05-07,9355,4771,4584,5
2004-05-08,12289,6267,6022,5
2004-05-09,12265,6255,6010,5
2004-05-10,9455,4822,4633,5
2004-05-11,9821,5009,4812,5
2004-05-12,11884,6061,5823,5
2004-05-13,10983,5601,5382,5
2004-06-14,10572,5392,5180,6
2004-06-15,8479,4324,4155,6
2004-06-16,8722,4448,4274,6
2004-06-17,9349,4768,4581,6
2004-06-18,9693,4943,4750,6
2004-06-19,10910,5564,5346,6
2004-06-20,8611,4392,4219,6
2004-06-21,10119,5161,4958,6
2004-06-22,9164,4674,4490,6
2004-06-23,9391,4789,4602,6
2004-06-24,8841,4509,4332,6
2004-06-25,8489,4329,4160,6
2004-06-26,10990,5605,5385,6
2004-06-27,10747,5481,5266,6
2004-06-28,9114,4648,4466,6
2004-06-01,9455,4822,4633,6
2004-06-02,8354,4261,4093,6
2004-06-03,8830,4503,4327,6
2004-06-04,10055,5128,4927,6
2004-06-05,8614,4393,4221,6
2004-06-06,10364,5286,5078,6
2004-06-07,9817,5007,4810,6
2004-06-08,10405,5307,5098,6
2004-06-09,9284,4735,4549,6
2004-06-10,8420,4294,4126,6
2004-06-11,10168,5186,4982,6
2004-06-12,9828,5012,4816,6
2004-06-13,9464,4827,4637,6
2004-06-14,9690,4942,4748,6
2004-06-15,10673,5443,5230,6
2004-07-16,16242,8283,7959,7
2004-07-17,18589,9480,9109,7
2004-07-18,15814,8065,7749,7
2004-07-19,17708,9031,8677,7
2004-07-20,15064,7683,7381,7
2004-07-21,14133,7208,6925,7
2004-07-22,17061,8701,8360,7
2004-07-23,18672,9523,9149,7
2004-07-24,17675,9014,8661,7
2004-07-25,14589,7440,7149,7
2004-07-26,18418,9393,9025,7
2004-07-27,16155,8239,7916,7
2004-07-28,17706,9030,8676,7
2004-07-01,16727,8531,8196,7
2004-07-02,15185,7744,7441,7
2004-07-03,17025,8683,8342,7
2004-07-04,14112,7197,6915,7
2004-07-05,18740,9557,9183,7
2004-07-06,17104,8723,8381,7
2004-07-07,15664,7989,7675,7
2004-07-08,16797,8566,8231,7
2004-07-09,18244,9304,8940,7
2004-07-10,16281,8303,7978,7
2004-07-11,18510,9440,9070,7
2004-07-12,18873,9625,9248,7
2004-07-13,15599,7955,7644,7
2004-07-14,14439,7364,7075,7
2004-07-15,14157,7220,6937,7
2004-07-16,15684,7999,7685,7
2004-07-17,15760,8038,7722,7
2004-08-18,18460,9415,9045,8
2004-08-19,21219,10822,10397,8
2004-08-20,19267,9826,9441,8
2004-08-21,18673,9523,9150,8
2004-08-22,20835,10626,10209,8
2004-08-23,20481,10445,10036,8
2004-08-24,16650,8492,8158,8
2004-08-25,21895,11166,10729,8
2004-08-26,20032,10216,9816,8
2004-08-27,20373,10390,9983,8
2004-08-28,20958,10689,10269,8
2004-08-01,18595,9483,9112,8
2004-08-02,17100,8721,8379,8
2004-08-03,17945,9152,8793,8
2004-08-04,16554,8443,8111,8
2004-08-05,18452,9411,9041,8
2004-08-06,20828,10622,10206,8
2004-08-07,17763,9059,8704,8
2004-08-08,16862,8600,8262,8
2004-08-09,17805,9081,8724,8
2004-08-10,19566,9979,9587,8
2004-08-11,16580,8456,8124,8
2004-08-12,20666,10540,10126,8
2004-08-13,18346,9356,8990,8
2004-08-14,17666,9010,8656,8
2004-08-15,16966,8653,8313,8
2004-08-16,20689,10551,10138,8
2004-08-17,21335,10881,10454,8
2004-08-18,17610,8981,8629,8
2004-08-19,20360,10384,9976,8
2004-08-20,18701,9538,9163,8
2004-09-21,14821,7559,7262,9
2004-09-22,14894,7596,7298,9
2004-09-23,13491,6880,6611,9
2004-09-24,15495,7902,7593,9
2004-09-25,12587,6419,6168,9
2004-09-26,15608,7960,7648,9
2004-09-27,15222,7763,7459,9
2004-09-28,14924,7611,7313,9
2004-09-01,15543,7927,7616,9
2004-09-02,11864,6051,5813,9
2004-09-03,14665,7479,7186,9
2004-09-04,14609,7451,7158,9
2004-09-05,14673,7483,7190,9
2004-09-06,13538,6904,6634,9
2004-09-07,14123,7203,6920,9
2004-09-08,13967,7123,6844,9
2004-09-09,12833,6545,6288,9
2004-09-10,14028,7154,6874,9
2004-09-11,13641,6957,6684,9
2004-09-12,12491,6370,6121,9
2004-09-13,13555,6913,6642,9
2004-09-14,14269,7277,6992,9
2004-09-15,12883,6570,6313,9
2004-09-16,15599,7955,7644,9
2004-09-17,13200,6732,6468,9
2004-09-18,13074,6668,6406,9
2004-09-19,15726,8020,7706,9
2004-09-20,13188,6726,6462,9
2004-09-21,12604,6428,6176,9
2004-09-22,12173,6208,5965,9
2004-10-23,14127,7205,6922,10
2004-10-24,12982,6621,6361,10
2004-10-25,12440,6344,6096,10
2004-10-26,13396,6832,6564,10
2004-10-27,11452,5841,5611,10
2004-10-28,13124,6693,6431,10
2004-10-01,11571,5901,5670,10
2004-10-02,12812,6534,6278,10
2004-10-03,12043,6142,5901,10
2004-10-04,13540,6905,6635,10
2004-10-05,12216,6230,5986,10
2004-10-06,11189,5706,5483,10
2004-10-07,10876,5547,5329,10
2004-10-08,10701,5458,5243,10
2004-10-09,11643,5938,5705,10
2004-10-10,11129,5676,5453,10
2004-10-11,12260,6253,6007,10
2004-10-12,11358,5793,5565,10
2004-10-13,12095,6168,5927,10
2004-10-14,12184,6214,5970,10
2004-10-15,13009,6635,6374,10
2004-10-16,13360,6814,6546,10
2004-10-17,13601,6937,6664,10
2004-10-18,11110,5666,5444,10
2004-10-19,11533,5882,5651,10
2004-10-20,13236,6750,6486,10
2004-10-21,14175,7229,6946,10
2004-10-22,11407,5818,5589,10
2004-10-23,11317,5772,5545,10
2004-10-24,11429,5829,5600,10
2004-10-25,12257,6251,6006,10
2004-11-26,9195,4689,4506,11
2004-11-27,9657,4925,4732,11
2004-11-28,9066,4624,4442,11
2004-11-01,10140,5171,4969,11
2004-11-02,9270,4728,4542,11
2004-11-03,10925,5572,5353,11
2004-11-04,8615,4394,4221,11
2004-11-05,8240,4202,4038,11
2004-11-06,10831,5524,5307,11
2004-11-07,10255,5230,5025,11
2004-11-08,9715,4955,4760,11
2004-11-09,8555,4363,4192,11
2004-11-10,8850,4514,4336,11
2004-11-11,9535,4863,4672,11
2004-11-12,8196,4180,4016,11
2004-11-13,11020,5620,5400,11
2004-11-14,9123,4653,4470,11
2004-11-15,10030,5115,4915,11
2004-11-16,8598,4385,4213,11
2004-11-17,8308,4237,4071,11
2004-11-18,8282,4224,4058,11
2004-11-19,8899,4538,4361,11
2004-11-20,8385,4276,4109,11
2004-11-21,8696,4435,4261,11
2004-11-22,10455,5332,5123,11
2004-11-23,9557,4874,4683,11
2004-11-24,10884,5551,5333,11
2004-11-25,10024,5112,4912,11
2004-11-26,8238,4201,4037,11
2004-11-27,8205,4185,4020,11
2004-12-28,10746,5480,5266,12
2004-12-01,9806,5001,4805,12
2004-12-02,10697,5455,5242,12
2004-12-03,8746,4460,4286,12
2004-12-04,10341,5274,5067,12
2004-12-05,9413,4801,4612,12
2004-12-06,10018,5109,4909,12
2004-12-07,9632,4912,4720,12
2004-12-08,10921,5570,5351,12
2004-12-09,8899,4538,4361,12
2004-12-10,9533,4862,4671,12
2004-12-11,9890,5044,4846,12
2004-12-12,8875,4526,4349,12
2004-12-13,8332,4249,4083,12
2004-12-14,8257,4211,4046,12
2004-12-15,9070,4626,4444,12
2004-12-16,9458,4824,4634,12
2004-12-17,11029,5625,5404,12
2004-12-18,10106,5154,4952,12
2004-12-19,9417,4803,4614,12
2004-12-20,8383,4275,4108,12
2004-12-21,10807,5512,5295,12
2004-12-22,10077,5139,4938,12
2004-12-23,9750,4973,4777,12
2004-12-24,9913,5056,4857,12
2004-12-25,9598,4895,4703,12
2004-12-26,9717,4956,4761,12
2004-12-27,9696,4945,4751,12
2004-12-28,8698,4436,4262,12
2004-12-01,10971,5595,5376,12
2004-12-02,8678,4426,4252,12
2005-01-01,9320,4753,4567,1
2005-01-02,11282,5754,5528,1
2005-01-03,10900,5559,5341,1
2005-01-04,10416,5312,5104,1
2005-01-05,9628,4910,4718,1
2005-01-06,8950,4565,4385,1
2005-01-07,9907,5053,4854,1
2005-01-08,10944,5581,5363,1
2005-01-09,8601,4387,4214,1
2005-01-10,9580,4886,4694,1
2005-01-11,8600,4386,4214,1
2005-01-12,8614,4393,4221,1
2005-01-13,10734,5474,5260,1
2005-01-14,9882,5040,4842,1
2005-01-15,11068,5645,5423,1
2005-01-16,11272,5749,5523,1
2005-01-17,10772,5494,5278,1
2005-01-18,10738,5476,5262,1
2005-01-19,9605,4899,4706,1
2005-01-20,9056,4619,4437,1
2005-01-21,10998,5609,5389,1
2005-01-22,10831,5524,5307,1
2005-01-23,9629,4911,4718,1
2005-01-24,9527,4859,4668,1
2005-01-25,9516,4853,4663,1
2005-01-26,9759,4977,4782,1
2005-01-27,10730,5472,5258,1
2005-01-28,8680,4427,4253,1
2005-01-01,10436,5322,5114,1
2005-01-02,8640,4406,4234,1
2005-01-03,11209,5717,5492,1
2005-02-04,9029,4605,4424,2
2005-02-05,6969,3554,3415,2
2005-02-06,8502,4336,4166,2
2005-02-07,7686,3920,3766,2
2005-02-08,8557,4364,4193,2
2005-02-09,9314,4750,4564,2
2005-02-10,9054,4618,4436,2
2005-02-11,7432,3790,3642,2
2005-02-12,8546,4358,4188,2
2005-02-13,7281,3713,3568,2
2005-02-14,8247,4206,4041,2
2005-02-15,9137,4660,4477,2
2005-02-16,8862,4520,4342,2
2005-02-17,9263,4724,4539,2
2005-02-18,7434,3791,3643,2
2005-02-19,9257,4721,4536,2
2005-02-20,8632,4402,4230,2
2005-02-21,7562,3857,3705,2
2005-02-22,9117,4650,4467,2
2005-02-23,8337,4252,4085,2
2005-02-24,8879,4528,4351,2
2005-02-25,8163,4163,4000,2
2005-02-26,9266,4726,4540,2
2005-02-27,7584,3868,3716,2
2005-02-28,8387,4277,4110,2
2005-02-01,7445,3797,3648,2
2005-02-02,7678,3916,3762,2
2005-02-03,8713,4444,4269,2
2005-02-04,7970,4065,3905,2
2005-02-05,7980,4070,3910,2
2005-03-06,10561,5386,5175,3
2005-03-07,10943,5581,5362,3
2005-03-08,10294,5250,5044,3
2005-03-09,10148,5175,4973,3
2005-03-10,12870,6564,6306,3
2005-03-11,12392,6320,6072,3
2005-03-12,11215,5720,5495,3
2005-03-13,10300,5253,5047,3
2005-03-14,12061,6151,5910,3
2005-03-15,10143,5173,4970,3
2005-03-16,12137,6190,5947,3
2005-03-17,11662,5948,5714,3
2005-03-18,12462,6356,6106,3
2005-03-19,12093,6167,5926,3
2005-03-20,10002,5101,4901,3
2005-03-21,12860,6559,6301,3
2005-03-22,12654,6454,6200,3
2005-03-23,9781,4988,4793,3
2005-03-24,9786,4991,4795,3
2005-03-25,11279,5752,5527,3
2005-03-26,12373,6310,6063,3
2005-03-27,12971,6615,6356,3
2005-03-28,12895,6576,6319,3
2005-03-01,9994,5097,4897,3
2005-03-02,12601,6427,6174,3
2005-03-03,13050,6656,6394,3
2005-03-04,10107,5155,4952,3
2005-03-05,10489,5349,5140,3
2005-03-06,10700,5457,5243,3
2005-03-07,11647,5940,5707,3
2005-03-08,9785,4990,4795,3
2005-04-09,14244,7264,6980,4
2005-04-10,14710,7502,7208,4
2005-04-11,12484,6367,6117,4
2005-04-12,13509,6890,6619,4
2005-04-13,14024,7152,6872,4
2005-04-14,14326,7306,7020,4
2005-04-15,15013,7657,7356,4
2005-04-16,12160,6202,5958,4
2005-04-17,14871,7584,7287,4
2005-04-18,11267,5746,5521,4
2005-04-19,14585,7438,7147,4
2005-04-20,13244,6754,6490,4
2005-04-21,13198,6731,6467,4
2005-04-22,13179,6721,6458,4
2005-04-23,13534,6902,6632,4
2005-04-24,11370,5799,5571,4
2005-04-25,11977,6108,5869,4
2005-04-26,11693,5963,5730,4
2005-04-27,12845,6551,6294,4
2005-04-28,11639,5936,5703,4
2005-04-01,14735,7515,7220,4
2005-04-02,14106,7194,6912,4
2005-04-03,14672,7483,7189,4
2005-04-04,13662,6968,6694,4
2005-04-05,13674,6974,6700,4
2005-04-06,12944,6601,6343,4
2005-04-07,11514,5872,5642,4
2005-04-08,14314,7300,7014,4
2005-04-09,12907,6583,6324,4
2005-04-10,13202,6733,6469,4
2005-05-11,12895,6576,6319,5
2005-05-12,12405,6327,6078,5
2005-05-13,13050,6656,6394,5
2005-05-14,12071,6156,5915,5
2005-05-15,11547,5889,5658,5
2005-05-16,11369,5798,5571,5
2005-05-17,13536,6903,6633,5
2005-05-18,14489,7389,7100,5
2005-05-19,11888,6063,5825,5
2005-05-20,14035,7158,6877,5
2005-05-21,11748,5991,5757,5
2005-05-22,12216,6230,5986,5
2005-05-23,15002,7651,7351,5
2005-05-24,13000,6630,6370,5
2005-05-25,13900,7089,6811,5
2005-05-26,12886,6572,6314,5
2005-05-27,14293,7289,7004,5
2005-05-28,12351,6299,6052,5
2005-05-01,11496,5863,5633,5
2005-05-02,13521,6896,6625,5
2005-05-03,14844,7570,7274,5
2005-05-04,12136,6189,5947,5
2005-05-05,13347,6807,6540,5
2005-05-06,12586,6419,6167,5
2005-05-07,13453,6861,6592,5
2005-05-08,12912,6585,6327,5
2005-05-09,14491,7390,7101,5
2005-05-10,11141,5682,5459,5
2005-05-11,14689,7491,7198,5
2005-05-12,11415,5822,5593,5
2005-05-13,12474,6362,6112,5
2005-06-14,10914,5566,5348,6
2005-06-15,9883,5040,4843,6
2005-06-16,10330,5268,5062,6
2005-06-17,11154,5689,5465,6
2005-06-18,12708,6481,6227,6
2005-06-19,12702,6478,6224,6
2005-06-20,12262,6254,6008,6
2005-06-21,11533,5882,5651,6
2005-06-22,11355,5791,5564,6
2005-06-23,11878,6058,5820,6
2005-06-24,11475,5852,5623,6
2005-06-25,12524,6387,6137,6
2005-06-26,13168,6716,6452,6
2005-06-27,13035,6648,6387,6
2005-06-28,10523,5367,5156,6
2005-06-01,10472,5341,5131,6
2005-06-02,11549,5890,5659,6
2005-06-03,10971,5595,5376,6
2005-06-04,10945,5582,5363,6
2005-06-05,12650,6452,6198,6
2005-06-06,11425,5827,5598,6
2005-06-07,11837,6037,5800,6
2005-06-08,12309,6278,6031,6
2005-06-09,10114,5158,4956,6
2005-06-10,12824,6540,6284,6
2005-06-11,10156,5180,4976,6
2005-06-12,11618,5925,5693,6
2005-06-13,9960,5080,4880,6
2005-06-14,9808,5002,4806,6
2005-06-15,11567,5899,5668,6
2005-07-16,20754,10585,10169,7
2005-07-17,17340,8843,8497,7
2005-07-18,22158,11301,10857,7
2005-07-19,21608,11020,10588,7
2005-07-20,22442,11445,10997,7
2005-07-21,20506,10458,10048,7
2005-07-22,22311,11379,10932,7
2005-07-23,21647,11040,10607,7
2005-07-24,22436,11442,10994,7
2005-07-25,16943,8641,8302,7
2005-07-26,20525,10468,10057,7
2005-07-27,17629,8991,8638,7
2005-07-28,17925,9142,8783,7
2005-07-01,18606,9489,9117,7
2005-07-02,18477,9423,9054,7
2005-07-03,21324,10875,10449,7
2005-07-04,19572,9982,9590,7
2005-07-05,20677,10545,10132,7
2005-07-06,20457,10433,10024,7
2005-07-07,18225,9295,8930,7
2005-07-08,22223,11334,10889,7
2005-07-09,20428,10418,10010,7
2005-07-10,21416,10922,10494,7
2005-07-11,21373,10900,10473,7
2005-07-12,19617,10005,9612,7
2005-07-13,18953,9666,9287,7
2005-07-14,16838,8587,8251,7
2005-07-15,18291,9328,8963,7
2005-07-16,21043,10732,10311,7
2005-07-17,22211,11328,10883,7
2005-08-18,20037,10219,9818,8
2005-08-19,25656,13085,12571,8
2005-08-20,23266,11866,11400,8
2005-08-21,24560,12526,12034,8
2005-08-22,21503,10967,10536,8
2005-08-23,24413,12451,11962,8
2005-08-24,25985,13252,12733,8
2005-08-25,19585,9988,9597,8
2005-08-26,20820,10618,10202,8
2005-08-27,19600,9996,9604,8
2005-08-28,23737,12106,11631,8
2005-08-01,22444,11446,10998,8
2005-08-02,21228,10826,10402,8
2005-08-03,24064,12273,11791,8
2005-08-04,20233,10319,9914,8
2005-08-05,22145,11294,10851,8
2005-08-06,22527,11489,11038,8
2005-08-07,20439,10424,10015,8
2005-08-08,21960,11200,10760,8
2005-08-09,20319,10363,9956,8
2005-08-10,25298,12902,12396,8
2005-08-11,24280,12383,11897,8
2005-08-12,20205,10305,9900,8
2005-08-13,24447,12468,11979,8
2005-08-14,24150,12317,11833,8
2005-08-15,23088,11775,11313,8
2005-08-16,20977,10698,10279,8
2005-08-17,25677,13095,12582,8
2005-08-18,24019,12250,11769,8
2005-08-19,23757,12116,11641,8
2005-08-20,24364,12426,11938,8
2005-09-21,17244,8794,8450,9
2005-09-22,17196,8770,8426,9
2005-09-23,18585,9478,9107,9
2005-09-24,14618,7455,7163,9
2005-09-25,15829,8073,7756,9
2005-09-26,14461,7375,7086,9
2005-09-27,18359,9363,8996,9
2005-09-28,18006,9183,8823,9
2005-09-01,18397,9382,9015,9
2005-09-02,17071,8706,8365,9
2005-09-03,14403,7346,7057,9
2005-09-04,15523,7917,7606,9
2005-09-05,16156,8240,7916,9
2005-09-06,14624,7458,7166,9
2005-09-07,15413,7861,7552,9
2005-09-08,17312,8829,8483,9
2005-09-09,16552,8442,8110,9
2005-09-10,14926,7612,7314,9
2005-09-11,16228,8276,7952,9
2005-09-12,18125,9244,8881,9
2005-09-13,14087,7184,6903,9
2005-09-14,17332,8839,8493,9
2005-09-15,16804,8570,8234,9
2005-09-16,15984,8152,7832,9
2005-09-17,15290,7798,7492,9
2005-09-18,17682,9018,8664,9
2005-09-19,14685,7489,7196,9
2005-09-20,18802,9589,9213,9
2005-09-21,13977,7128,6849,9
2005-09-22,17826,9091,8735,9
2005-10-23,14787,7541,7246,10
2005-10-24,13167,6715,6452,10
2005-10-25,16481,8405,8076,10
2005-10-26,15709,8012,7697,10
2005-10-27,13390,6829,6561,10
2005-10-28,14691,7492,7199,10
2005-10-01,15435,7872,7563,10
2005-10-02,14648,7470,7178,10
2005-10-03,13385,6826,6559,10
2005-10-04,15549,7930,7619,10
2005-10-05,14948,7623,7325,10
2005-10-06,15194,7749,7445,10
2005-10-07,13198,6731,6467,10
2005-10-08,15042,7671,7371,10
2005-10-09,14684,7489,7195,10
2005-10-10,14727,7511,7216,10
2005-10-11,16424,8376,8048,10
2005-10-12,14382,7335,7047,10
2005-10-13,13169,6716,6453,10
2005-10-14,15525,7918,7607,10
2005-10-15,15313,7810,7503,10
2005-10-16,12586,6419,6167,10
2005-10-17,16294,8310,7984,10
2005-10-18,12983,6621,6362,10
2005-10-19,16158,8241,7917,10
2005-10-20,13588,6930,6658,10
2005-10-21,16306,8316,7990,10
2005-10-22,14226,7255,6971,10
2005-10-23,12634,6443,6191,10
2005-10-24,14868,7583,7285,10
2005-10-25,12989,6624,6365,10
2005-11-26,12655,6454,6201,11
2005-11-27,11804,6020,5784,11
2005-11-28,12224,6234,5990,11
2005-11-01,12926,6592,6334,11
2005-11-02,12755,6505,6250,11
2005-11-03,12710,6482,6228,11
2005-11-04,11692,5963,5729,11
2005-11-05,11458,5844,5614,11
2005-11-06,11471,5850,5621,11
2005-11-07,12896,6577,6319,11
2005-11-08,10090,5146,4944,11
2005-11-09,12759,6507,6252,11
2005-11-10,10109,5156,4953,11
2005-11-11,13148,6705,6443,11
2005-11-12,10661,5437,5224,11
2005-11-13,11908,6073,5835,11
2005-11-14,11536,5883,5653,11
2005-11-15,12180,6212,5968,11
2005-11-16,12071,6156,5915,11
2005-11-17,12335,6291,6044,11
2005-11-18,11731,5983,5748,11
2005-11-19,13156,6710,6446,11
2005-11-20,13037,6649,6388,11
2005-11-21,11993,6116,5877,11
2005-11-22,9774,4985,4789,11
2005-11-23,12601,6427,6174,11
2005-11-24,9814,5005,4809,11
2005-11-25,11435,5832,5603,11
2005-11-26,11570,5901,5669,11
2005-11-27,11864,6051,5813,11
2005-12-28,9933,5066,4867,12
2005-12-01,10692,5453,5239,12
2005-12-02,12971,6615,6356,12
2005-12-03,10187,5195,4992,12
2005-12-04,12367,6307,6060,12
2005-12-05,10870,5544,5326,12
2005-12-06,9842,5019,4823,12
2005-12-07,12193,6218,5975,12
2005-12-08,10274,5240,5034,12
2005-12-09,11010,5615,5395,12
2005-12-10,10691,5452,5239,12
2005-12-11,13001,6631,6370,12
2005-12-12,10995,5607,5388,12
2005-12-13,9983,5091,4892,12
2005-12-14,12664,6459,6205,12
2005-12-15,12885,6571,6314,12
2005-12-16,12516,6383,6133,12
2005-12-17,11464,5847,5617,12
2005-12-18,11124,5673,5451,12
2005-12-19,10415,5312,5103,12
2005-12-20,10225,5215,5010,12
2005-12-21,11281,5753,5528,12
2005-12-22,10203,5204,4999,12
2005-12-23,10355,5281,5074,12
2005-12-24,11306,5766,5540,12
2005-12-25,10523,5367,5156,12
2005-12-26,11468,5849,5619,12
2005-12-27,12724,6489,6235,12
2005-12-28,9808,5002,4806,12
2005-12-01,11218,5721,5497,12
2006-01-01,9986,5093,4893,1
2006-01-02,9279,4732,4547,1
2006-01-03,9964,5082,4882,1
2006-01-04,10650,5432,5218,1
2006-01-05,12293,6269,6024,1
2006-01-06,9988,5094,4894,1
2006-01-07,10381,5294,5087,1
2006-01-08,10186,5195,4991,1
2006-01-09,11344,5785,5559,1
2006-01-10,10121,5162,4959,1
2006-01-11,12114,6178,5936,1
2006-01-12,11846,6041,5805,1
2006-01-13,11685,5959,5726,1
2006-01-14,11850,6044,5806,1
2006-01-15,10538,5374,5164,1
2006-01-16,11765,6000,5765,1
2006-01-17,10667,5440,5227,1
2006-01-18,10256,5231,5025,1
2006-01-19,10598,5405,5193,1
2006-01-20,10731,5473,5258,1
2006-01-21,10650,5432,5218,1
2006-01-22,10354,5281,5073,1
2006-01-23,9885,5041,4844,1
2006-01-24,11721,5978,5743,1
2006-01-25,11643,5938,5705,1
2006-01-26,11329,5778,5551,1
2006-01-27,9461,4825,4636,1
2006-01-28,12446,6347,6099,1
2006-01-01,10343,5275,5068,1
2006-01-02,11044,5632,5412,1
2006-01-03,9334,4760,4574,1
2006-02-04,8756,4466,4290,2
2006-02-05,8145,4154,3991,2
2006-02-06,10101,5152,4949,2
2006-02-07,9215,4700,4515,2
2006-02-08,9413,4801,4612,2
2006-02-09,8908,4543,4365,2
2006-02-10,9066,4624,4442,2
2006-02-11,8932,4555,4377,2
2006-02-12,8231,4198,4033,2
2006-02-13,10049,5125,4924,2
2006-02-14,8396,4282,4114,2
2006-02-15,9638,4915,4723,2
2006-02-16,7767,3961,3806,2
2006-02-17,9724,4959,4765,2
2006-02-18,8297,4231,4066,2
2006-02-19,7769,3962,3807,2
2006-02-20,8249,4207,4042,2
2006-02-21,9147,4665,4482,2
2006-02-22,8672,4423,4249,2
2006-02-23,10018,5109,4909,2
2006-02-24,7988,4074,3914,2
2006-02-25,8936,4557,4379,2
2006-02-26,9227,4706,4521,2
2006-02-27,7850,4004,3846,2
2006-02-28,9842,5019,4823,2
2006-02-01,8681,4427,4254,2
2006-02-02,8479,4324,4155,2
2006-02-03,8293,4229,4064,2
2006-02-04,8858,4518,4340,2
2006-02-05,8762,4469,4293,2
2006-03-06,11028,5624,5404,3
2006-03-07,12532,6391,6141,3
2006-03-08,13878,7078,6800,3
2006-03-09,12163,6203,5960,3
2006-03-10,13456,6863,6593,3
2006-03-11,12339,6293,6046,3
2006-03-12,11636,5934,5702,3
2006-03-13,14240,7262,6978,3
2006-03-14,11771,6003,5768,3
2006-03-15,11578,5905,5673,3
2006-03-16,12025,6133,5892,3
2006-03-17,12721,6488,6233,3
2006-03-18,14274,7280,6994,3
2006-03-19,13564,6918,6646,3
2006-03-20,11295,5760,5535,3
2006-03-21,14265,7275,6990,3
2006-03-22,13070,6666,6404,3
2006-03-23,13733,7004,6729,3
2006-03-24,10939,5579,5360,3
2006-03-25,14179,7231,6948,3
2006-03-26,14114,7198,6916,3
2006-03-27,11045,5633,5412,3
2006-03-28,12544,6397,6147,3
2006-03-01,13922,7100,6822,3
2006-03-02,11316,5771,5545,3
2006-03-03,13502,6886,6616,3
2006-03-04,12694,6474,6220,3
2006-03-05,14299,7292,7007,3
2006-03-06,11999,6119,5880,3
2006-03-07,13947,7113,6834,3
2006-03-08,12230,6237,5993,3
2006-04-09,13362,6815,6547,4
2006-04-10,14149,7216,6933,4
2006-04-11,15534,7922,7612,4
2006-04-12,16432,8380,8052,4
2006-04-13,12797,6526,6271,4
2006-04-14,13465,6867,6598,4
2006-04-15,13293,6779,6514,4
2006-04-16,13672,6973,6699,4
2006-04-17,15623,7968,7655,4
2006-04-18,14412,7350,7062,4
2006-04-19,12587,6419,6168,4
2006-04-20,13783,7029,6754,4
2006-04-21,15813,8065,7748,4
2006-04-22,14031,7156,6875,4
2006-04-23,15877,8097,7780,4
2006-04-24,13625,6949,6676,4
2006-04-25,16204,8264,7940,4
2006-04-26,14022,7151,6871,4
2006-04-27,13365,6816,6549,4
2006-04-28,13379,6823,6556,4
2006-04-01,15050,7676,7374,4
2006-04-02,15979,8149,7830,4
2006-04-03,14006,7143,6863,4
2006-04-04,12381,6314,6067,4
2006-04-05,12828,6542,6286,4
2006-04-06,15727,8021,7706,4
2006-04-07,16095,8208,7887,4
2006-04-08,16585,8458,8127,4
2006-04-09,16617,8475,8142,4
2006-04-10,15686,8000,7686,4
2006-05-11,16203,8264,7939,5
2006-05-12,12446,6347,6099,5
2006-05-13,15050,7676,7374,5
2006-05-14,12998,6629,6369,5
2006-05-15,13018,6639,6379,5
2006-05-16,15367,7837,7530,5
2006-05-17,13600,6936,6664,5
2006-05-18,16558,8445,8113,5
2006-05-19,12486,6368,6118,5
2006-05-20,13988,7134,6854,5
2006-05-21,15894,8106,7788,5
2006-05-22,15925,8122,7803,5
2006-05-23,12611,6432,6179,5
2006-05-24,15650,7982,7668,5
2006-05-25,12684,6469,6215,5
2006-05-26,14752,7524,7228,5
2006-05-27,12326,6286,6040,5
2006-05-28,13435,6852,6583,5
2006-05-01,14266,7276,6990,5
2006-05-02,16291,8308,7983,5
2006-05-03,12354,6301,6053,5
2006-05-04,15465,7887,7578,5
2006-05-05,12673,6463,6210,5
2006-05-06,12799,6527,6272,5
2006-05-07,12942,6600,6342,5
2006-05-08,13863,7070,6793,5
2006-05-09,15763,8039,7724,5
2006-05-10,13437,6853,6584,5
2006-05-11,13444,6856,6588,5
2006-05-12,16313,8320,7993,5
2006-05-13,13712,6993,6719,5
2006-06-14,13651,6962,6689,6
2006-06-15,11543,5887,5656,6
2006-06-16,13867,7072,6795,6
2006-06-17,11914,6076,5838,6
2006-06-18,13208,6736,6472,6
2006-06-19,13253,6759,6494,6
2006-06-20,11823,6030,5793,6
2006-06-21,13633,6953,6680,6
2006-06-22,11898,6068,5830,6
2006-06-23,11373,5800,5573,6
2006-06-24,14001,7141,6860,6
2006-06-25,12512,6381,6131,6
2006-06-26,13504,6887,6617,6
2006-06-27,10791,5503,5288,6
2006-06-28,11514,5872,5642,6
2006-06-01,12751,6503,6248,6
2006-06-02,11618,5925,5693,6
2006-06-03,14014,7147,6867,6
2006-06-04,13222,6743,6479,6
2006-06-05,11382,5805,5577,6
2006-06-06,12776,6516,6260,6
2006-06-07,11701,5968,5733,6
2006-06-08,11556,5894,5662,6
2006-06-09,12439,6344,6095,6
2006-06-10,12760,6508,6252,6
2006-06-11,11388,5808,5580,6
2006-06-12,12887,6572,6315,6
2006-06-13,12624,6438,6186,6
2006-06-14,11726,5980,5746,6
2006-06-15,12727,6491,6236,6
2006-07-16,21340,10883,10457,7
2006-07-17,20007,10204,9803,7
2006-07-18,19510,9950,9560,7
2006-07-19,22021,11231,10790,7
2006-07-20,20330,10368,9962,7
2006-07-21,22536,11493,11043,7
2006-07-22,21902,11170,10732,7
2006-07-23,20157,10280,9877,7
2006-07-24,23081,11771,11310,7
2006-07-25,23652,12063,11589,7
2006-07-26,19155,9769,9386,7
2006-07-27,21511,10971,10540,7
2006-07-28,21077,10749,10328,7
2006-07-01,23724,12099,11625,7
2006-07-02,24848,12672,12176,7
2006-07-03,22281,11363,10918,7
2006-07-04,23407,11938,11469,7
2006-07-05,22302,11374,10928,7
2006-07-06,22664,11559,11105,7
2006-07-07,20290,10348,9942,7
2006-07-08,18523,9447,9076,7
2006-07-09,22822,11639,11183,7
2006-07-10,24663,12578,12085,7
2006-07-11,20775,10595,10180,7
2006-07-12,23443,11956,11487,7
2006-07-13,24334,12410,11924,7
2006-07-14,20115,10259,9856,7
2006-07-15,20636,10524,10112,7
2006-07-16,20967,10693,10274,7
2006-07-17,22529,11490,11039,7
2006-08-18,23438,11953,11485,8
2006-08-19,26295,13410,12885,8
2006-08-20,24539,12515,12024,8
2006-08-21,27903,14231,13672,8
2006-08-22,29010,14795,14215,8
2006-08-23,23132,11797,11335,8
2006-08-24,24156,12320,11836,8
2006-08-25,28307,14437,13870,8
2006-08-26,24751,12623,12128,8
2006-08-27,28958,14769,14189,8
2006-08-28,29021,14801,14220,8
2006-08-01,25445,12977,12468,8
2006-08-02,26292,13409,12883,8
2006-08-03,25771,13143,12628,8
2006-08-04,23760,12118,11642,8
2006-08-05,23860,12169,11691,8
2006-08-06,23727,12101,11626,8
2006-08-07,23158,11811,11347,8
2006-08-08,27137,13840,13297,8
2006-08-09,21963,11201,10762,8
2006-08-10,28027,14294,13733,8
2006-08-11,22850,11654,11196,8
2006-08-12,27778,14167,13611,8
2006-08-13,26211,13368,12843,8
2006-08-14,26093,13307,12786,8
2006-08-15,25892,13205,12687,8
2006-08-16,22896,11677,11219,8
2006-08-17,24080,12281,11799,8
2006-08-18,24251,12368,11883,8
2006-08-19,25491,13000,12491,8
2006-08-20,27162,13853,13309,8
2006-09-21,15552,7932,7620,9
2006-09-22,16951,8645,8306,9
2006-09-23,20595,10503,10092,9
2006-09-24,17598,8975,8623,9
2006-09-25,19520,9955,9565,9
2006-09-26,15812,8064,7748,9
2006-09-27,18041,9201,8840,9
2006-09-28,19300,9843,9457,9
2006-09-01,17338,8842,8496,9
2006-09-02,16482,8406,8076,9
2006-09-03,19729,10062,9667,9
2006-09-04,18587,9479,9108,9
2006-09-05,16055,8188,7867,9
2006-09-06,16030,8175,7855,9
2006-09-07,15596,7954,7642,9
2006-09-08,19294,9840,9454,9
2006-09-09,19731,10063,9668,9
2006-09-10,15777,8046,7731,9
2006-09-11,16346,8336,8010,9
2006-09-12,19403,9896,9507,9
2006-09-13,18607,9490,9117,9
2006-09-14,16052,8187,7865,9
2006-09-15,16117,8220,7897,9
2006-09-16,16430,8379,8051,9
2006-09-17,19805,10101,9704,9
2006-09-18,18444,9406,9038,9
2006-09-19,18066,9214,8852,9
2006-09-20,15394,7851,7543,9
2006-09-21,19370,9879,9491,9
2006-09-22,20224,10314,9910,9
2006-10-23,14049,7165,6884,10
2006-10-24,15314,7810,7504,10
2006-10-25,17488,8919,8569,10
2006-10-26,18464,9417,9047,10
2006-10-27,14085,7183,6902,10
2006-10-28,17144,8743,8401,10
2006-10-01,16097,8209,7888,10
2006-10-02,17522,8936,8586,10
2006-10-03,14037,7159,6878,10
2006-10-04,15363,7835,7528,10
2006-10-05,16366,8347,8019,10
2006-10-06,14003,7142,6861,10
2006-10-07,17308,8827,8481,10
2006-10-08,17783,9069,8714,10
2006-10-09,16284,8305,7979,10
2006-10-10,14453,7371,7082,10
2006-10-11,17980,9170,8810,10
2006-10-12,18457,9413,9044,10
2006-10-13,17008,8674,8334,10
2006-10-14,17001,8671,8330,10
2006-10-15,14012,7146,6866,10
2006-10-16,14672,7483,7189,10
2006-10-17,17932,9145,8787,10
2006-10-18,14548,7419,7129,10
2006-10-19,17894,9126,8768,10
2006-10-20,17013,8677,8336,10
2006-10-21,15591,7951,7640,10
2006-10-22,17613,8983,8630,10
2006-10-23,14857,7577,7280,10
2006-10-24,16727,8531,8196,10
2006-10-25,17647,9000,8647,10
2006-11-26,13991,7135,6856,11
2006-11-27,12135,6189,5946,11
2006-11-28,10891,5554,5337,11
2006-11-01,10874,5546,5328,11
2006-11-02,11645,5939,5706,11
2006-11-03,11347,5787,5560,11
2006-11-04,13319,6793,6526,11
2006-11-05,10841,5529,5312,11
2006-11-06,12675,6464,6211,11
2006-11-07,13314,6790,6524,11
2006-11-08,13931,7105,6826,11
2006-11-09,14468,7379,7089,11
2006-11-10,12272,6259,6013,11
2006-11-11,14355,7321,7034,11
2006-11-12,13501,6886,6615,11
2006-11-13,13829,7053,6776,11
2006-11-14,13131,6697,6434,11
2006-11-15,14055,7168,6887,11
2006-11-16,14246,7265,6981,11
2006-11-17,12529,6390,6139,11
2006-11-18,10795,5505,5290,11
2006-11-19,10886,5552,5334,11
2006-11-20,11944,6091,5853,11
2006-11-21,10969,5594,5375,11
2006-11-22,12975,6617,6358,11
2006-11-23,11293,5759,5534,11
2006-11-24,13993,7136,6857,11
2006-11-25,10821,5519,5302,11
2006-11-26,13312,6789,6523,11
2006-11-27,12127,6185,5942,11
2006-12-28,12152,6198,5954,12
2006-12-01,11864,6051,5813,12
2006-12-02,10986,5603,5383,12
2006-12-03,11578,5905,5673,12
2006-12-04,13897,7087,6810,12
2006-12-05,14477,7383,7094,12
2006-12-06,12662,6458,6204,12
2006-12-07,10855,5536,5319,12
2006-12-08,13284,6775,6509,12
2006-12-09,11573,5902,5671,12
2006-12-10,12140,6191,5949,12
2006-12-11,11996,6118,5878,12
2006-12-12,13232,6748,6484,12
2006-12-13,14447,7368,7079,12
2006-12-14,11729,5982,5747,12
2006-12-15,11097,5659,5438,12
2006-12-16,12736,6495,6241,12
2006-12-17,13306,6786,6520,12
2006-12-18,11164,5694,5470,12
2006-12-19,13295,6780,6515,12
2006-12-20,12213,6229,5984,12
2006-12-21,12588,6420,6168,12
2006-12-22,11563,5897,5666,12
2006-12-23,14483,7386,7097,12
2006-12-24,12246,6245,6001,12
2006-12-25,13993,7136,6857,12
2006-12-26,13612,6942,6670,12
2006-12-27,13285,6775,6510,12
2006-12-28,14146,7214,6932,12
2006-12-01,12216,6230,5986,12
2007-01-01,10442,5325,5117,1
2007-01-02,13517,6894,6623,1
2007-01-03,10264,5235,5029,1
2007-01-04,13555,6913,6642,1
2007-01-05,13534,6902,6632,1
2007-01-06,11645,5939,5706,1
2007-01-07,12349,6298,6051,1
2007-01-08,12523,6387,6136,1
2007-01-09,11973,6106,5867,1
2007-01-10,13186,6725,6461,1
2007-01-11,12577,6414,6163,1
2007-01-12,13582,6927,6655,1
2007-01-13,12823,6540,6283,1
2007-01-14,11816,6026,5790,1
2007-01-15,13438,6853,6585,1
2007-01-16,11464,5847,5617,1
2007-01-17,12957,6608,6349,1
2007-01-18,11976,6108,5868,1
2007-01-19,10904,5561,5343,1
2007-01-20,13229,6747,6482,1
2007-01-21,10289,5247,5042,1
2007-01-22,11225,5725,5500,1
2007-01-23,13263,6764,6499,1
2007-01-24,13174,6719,6455,1
2007-01-25,12225,6235,5990,1
2007-01-26,11901,6070,5831,1
2007-01-27,12786,6521,6265,1
2007-01-28,11464,5847,5617,1
2007-01-01,12691,6472,6219,1
2007-01-02,11616,5924,5692,1
2007-01-03,12539,6395,6144,1
2007-02-04,9612,4902,4710,2
2007-02-05,11511,5871,5640,2
2007-02-06,8940,4559,4381,2
2007-02-07,11197,5710,5487,2
2007-02-08,9419,4804,4615,2
2007-02-09,8979,4579,4400,2
2007-02-10,10466,5338,5128,2
2007-02-11,9193,4688,4505,2
2007-02-12,10259,5232,5027,2
2007-02-13,8919,4549,4370,2
2007-02-14,9855,5026,4829,2
2007-02-15,9577,4884,4693,2
2007-02-16,8899,4538,4361,2
2007-02-17,11000,5610,5390,2
2007-02-18,9057,4619,4438,2
2007-02-19,9984,5092,4892,2
2007-02-20,10801,5509,5292,2
2007-02-21,11271,5748,5523,2
2007-02-22,10864,5541,5323,2
2007-02-23,9199,4691,4508,2
2007-02-24,9618,4905,4713,2
2007-02-25,10187,5195,4992,2
2007-02-26,10646,5429,5217,2
2007-02-27,10973,5596,5377,2
2007-02-28,10255,5230,5025,2
2007-02-01,9804,5000,4804,2
2007-02-02,9848,5022,4826,2
2007-02-03,9014,4597,4417,2
2007-02-04,10095,5148,4947,2
2007-02-05,11389,5808,5581,2
2007-03-06,15097,7699,7398,3
2007-03-07,13487,6878,6609,3
2007-03-08,15366,7837,7529,3
2007-03-09,13924,7101,6823,3
2007-03-10,13464,6867,6597,3
2007-03-11,12987,6623,6364,3
2007-03-12,15241,7773,7468,3
2007-03-13,12038,6139,5899,3
2007-03-14,14549,7420,7129,3
2007-03-15,15112,7707,7405,3
2007-03-16,13382,6825,6557,3
2007-03-17,12977,6618,6359,3
2007-03-18,14624,7458,7166,3
2007-03-19,12607,6430,6177,3
2007-03-20,13599,6935,6664,3
2007-03-21,15053,7677,7376,3
2007-03-22,14472,7381,7091,3
2007-03-23,14324,7305,7019,3
2007-03-24,14845,7571,7274,3
2007-03-25,14289,7287,7002,3
2007-03-26,12711,6483,6228,3
2007-03-27,15591,7951,7640,3
2007-03-28,13767,7021,6746,3
2007-03-01,16176,8250,7926,3
2007-03-02,12164,6204,5960,3
2007-03-03,13797,7036,6761,3
2007-03-04,15410,7859,7551,3
2007-03-05,12457,6353,6104,3
2007-03-06,12056,6149,5907,3
2007-03-07,12519,6385,6134,3
2007-03-08,14940,7619,7321,3
2007-04-09,16342,8334,8008,4
2007-04-10,17312,8829,8483,4
2007-04-11,16376,8352,8024,4
2007-04-12,17769,9062,8707,4
2007-04-13,18035,9198,8837,4
2007-04-14,15624,7968,7656,4
2007-04-15,15070,7686,7384,4
2007-04-16,14775,7535,7240,4
2007-04-17,17940,9149,8791,4
2007-04-18,14588,7440,7148,4
2007-04-19,15630,7971,7659,4
2007-04-20,16971,8655,8316,4
2007-04-21,14531,7411,7120,4
2007-04-22,15155,7729,7426,4
2007-04-23,16809,8573,8236,4
2007-04-24,16238,8281,7957,4
2007-04-25,17035,8688,8347,4
2007-04-26,15984,8152,7832,4
2007-04-27,14010,7145,6865,4
2007-04-28,15206,7755,7451,4
2007-04-01,15329,7818,7511,4
2007-04-02,14543,7417,7126,4
2007-04-03,15312,7809,7503,4
2007-04-04,17060,8701,8359,4
2007-04-05,15336,7821,7515,4
2007-04-06,17579,8965,8614,4
2007-04-07,17695,9024,8671,4
2007-04-08,15146,7724,7422,4
2007-04-09,17045,8693,8352,4
2007-04-10,16624,8478,8146,4
2007-05-11,15891,8104,7787,5
2007-05-12,17410,8879,8531,5
2007-05-13,14234,7259,6975,5
2007-05-14,13758,7017,6741,5
2007-05-15,15340,7823,7517,5
2007-05-16,18201,9283,8918,5
2007-05-17,13678,6976,6702,5
2007-05-18,18378,9373,9005,5
2007-05-19,17079,8710,8369,5
2007-05-20,14598,7445,7153,5
2007-05-21,14832,7564,7268,5
2007-05-22,16452,8391,8061,5
2007-05-23,17450,8900,8550,5
2007-05-24,17104,8723,8381,5
2007-05-25,14060,7171,6889,5
2007-05-26,14351,7319,7032,5
2007-05-27,14286,7286,7000,5
2007-05-28,14205,7245,6960,5
2007-05-01,16647,8490,8157,5
2007-05-02,17163,8753,8410,5
2007-05-03,17188,8766,8422,5
2007-05-04,15329,7818,7511,5
2007-05-05,16510,8420,8090,5
2007-05-06,14386,7337,7049,5
2007-05-07,16111,8217,7894,5
2007-05-08,15063,7682,7381,5
2007-05-09,16373,8350,8023,5
2007-05-10,17435,8892,8543,5
2007-05-11,17149,8746,8403,5
2007-05-12,14568,7430,7138,5
2007-05-13,17392,8870,8522,5
2007-06-14,12738,6496,6242,6
2007-06-15,12857,6557,6300,6
2007-06-16,14431,7360,7071,6
2007-06-17,14170,7227,6943,6
2007-06-18,15987,8153,7834,6
2007-06-19,15525,7918,7607,6
2007-06-20,12164,6204,5960,6
2007-06-21,13184,6724,6460,6
2007-06-22,12440,6344,6096,6
2007-06-23,15544,7927,7617,6
2007-06-24,13001,6631,6370,6
2007-06-25,13032,6646,6386,6
2007-06-26,12272,6259,6013,6
2007-06-27,15037,7669,7368,6
2007-06-28,12635,6444,6191,6
2007-06-01,12896,6577,6319,6
2007-06-02,13328,6797,6531,6
2007-06-03,13292,6779,6513,6
2007-06-04,12822,6539,6283,6
2007-06-05,15661,7987,7674,6
2007-06-06,14437,7363,7074,6
2007-06-07,12216,6230,5986,6
2007-06-08,13731,7003,6728,6
2007-06-09,15101,7702,7399,6
2007-06-10,12973,6616,6357,6
2007-06-11,13875,7076,6799,6
2007-06-12,13386,6827,6559,6
2007-06-13,12857,6557,6300,6
2007-06-14,13235,6750,6485,6
2007-06-15,12221,6233,5988,6
2007-07-16,25513,13012,12501,7
2007-07-17,26414,13471,12943,7
2007-07-18,21027,10724,10303,7
2007-07-19,24219,12352,11867,7
2007-07-20,22138,11290,10848,7
2007-07-21,21137,10780,10357,7
2007-07-22,25823,13170,12653,7
2007-07-23,23425,11947,11478,7
2007-07-24,27202,13873,13329,7
2007-07-25,24784,12640,12144,7
2007-07-26,23041,11751,11290,7
2007-07-27,21030,10725,10305,7
2007-07-28,24769,12632,12137,7
2007-07-01,21427,10928,10499,7
2007-07-02,24528,12509,12019,7
2007-07-03,22019,11230,10789,7
2007-07-04,21353,10890,10463,7
2007-07-05,27054,13798,13256,7
2007-07-06,22432,11440,10992,7
2007-07-07,27446,13997,13449,7
2007-07-08,25050,12776,12274,7
2007-07-09,26196,13360,12836,7
2007-07-10,25170,12837,12333,7
2007-07-11,23098,11780,11318,7
2007-07-12,27008,13774,13234,7
2007-07-13,26602,13567,13035,7
2007-07-14,27550,14051,13499,7
2007-07-15,24658,12576,12082,7
2007-07-16,20539,10475,10064,7
2007-07-17,24466,12478,11988,7
2007-08-18,26632,13582,13050,8
2007-08-19,29022,14801,14221,8
2007-08-20,24954,12727,12227,8
2007-08-21,31557,16094,15463,8
2007-08-22,26901,13720,13181,8
2007-08-23,27597,14074,13523,8
2007-08-24,25154,12829,12325,8
2007-08-25,32250,16448,15802,8
2007-08-26,24924,12711,12213,8
2007-08-27,26659,13596,13063,8
2007-08-28,28743,14659,14084,8
2007-08-01,31845,16241,15604,8
2007-08-02,32128,16385,15743,8
2007-08-03,24643,12568,12075,8
2007-08-04,23941,12210,11731,8
2007-08-05,28107,14335,13772,8
2007-08-06,24484,12487,11997,8
2007-08-07,24623,12558,12065,8
2007-08-08,29705,15150,14555,8
2007-08-09,31858,16248,15610,8
2007-08-10,29453,15021,14432,8
2007-08-11,29027,14804,14223,8
2007-08-12,27847,14202,13645,8
2007-08-13,29983,15291,14692,8
2007-08-14,32206,16425,15781,8
2007-08-15,25425,12967,12458,8
2007-08-16,29654,15124,14530,8
2007-08-17,32242,16443,15799,8
2007-08-18,25460,12985,12475,8
2007-08-19,28200,14382,13818,8
2007-08-20,30511,15561,14950,8
2007-09-21,22461,11455,11006,9
2007-09-22,20054,10228,9826,9
2007-09-23,18043,9202,8841,9
2007-09-24,21905,11172,10733,9
2007-09-25,22828,11642,11186,9
2007-09-26,20646,10529,10117,9
2007-09-27,17412,8880,8532,9
2007-09-28,21097,10759,10338,9
2007-09-01,17558,8955,8603,9
2007-09-02,18249,9307,8942,9
2007-09-03,20413,10411,10002,9
2007-09-04,19642,10017,9625,9
2007-09-05,23075,11768,11307,9
2007-09-06,21997,11218,10779,9
2007-09-07,18371,9369,9002,9
2007-09-08,18034,9197,8837,9
2007-09-09,18333,9350,8983,9
2007-09-10,17409,8879,8530,9
2007-09-11,19330,9858,9472,9
2007-09-12,19493,9941,9552,9
2007-09-13,17388,8868,8520,9
2007-09-14,23070,11766,11304,9
2007-09-15,21168,10796,10372,9
2007-09-16,23064,11763,11301,9
2007-09-17,22757,11606,11151,9
2007-09-18,18929,9654,9275,9
2007-09-19,22721,11588,11133,9
2007-09-20,22445,11447,10998,9
2007-09-21,22759,11607,11152,9
2007-09-22,17834,9095,8739,9
2007-10-23,15715,8015,7700,10
2007-10-24,17070,8706,8364,10
2007-10-25,18612,9492,9120,10
2007-10-26,19321,9854,9467,10
2007-10-27,16500,8415,8085,10
2007-10-28,15755,8035,7720,10
2007-10-01,19500,9945,9555,10
2007-10-02,18994,9687,9307,10
2007-10-03,20478,10444,10034,10
2007-10-04,20788,10602,10186,10
2007-10-05,17200,8772,8428,10
2007-10-06,17322,8834,8488,10
2007-10-07,19113,9748,9365,10
2007-10-08,18917,9648,9269,10
2007-10-09,15783,8049,7734,10
2007-10-10,17281,8813,8468,10
2007-10-11,19926,10162,9764,10
2007-10-12,18007,9184,8823,10
2007-10-13,15435,7872,7563,10
2007-10-14,20072,10237,9835,10
2007-10-15,17624,8988,8636,10
2007-10-16,19029,9705,9324,10
2007-10-17,18237,9301,8936,10
2007-10-18,15539,7925,7614,10
2007-10-19,20150,10277,9873,10
2007-10-20,18629,9501,9128,10
2007-10-21,18173,9268,8905,10
2007-10-22,18417,9393,9024,10
2007-10-23,18636,9504,9132,10
2007-10-24,19727,10061,9666,10
2007-10-25,17257,8801,8456,10
2007-11-26,12681,6467,6214,11
2007-11-27,14935,7617,7318,11
2007-11-28,13213,6739,6474,11
2007-11-01,13853,7065,6788,11
2007-11-02,15248,7776,7472,11
2007-11-03,16144,8233,7911,11
2007-11-04,14923,7611,7312,11
2007-11-05,14845,7571,7274,11
2007-11-06,13117,6690,6427,11
2007-11-07,15272,7789,7483,11
2007-11-08,12626,6439,6187,11
2007-11-09,15243,7774,7469,11
2007-11-10,12213,6229,5984,11
2007-11-11,14615,7454,7161,11
2007-11-12,14471,7380,7091,11
2007-11-13,12035,6138,5897,11
2007-11-14,12533,6392,6141,11
2007-11-15,13447,6858,6589,11
2007-11-16,13176,6720,6456,11
2007-11-17,14118,7200,6918,11
2007-11-18,15195,7749,7446,11
2007-11-19,13052,6657,6395,11
2007-11-20,15032,7666,7366,11
2007-11-21,12142,6192,5950,11
2007-11-22,12612,6432,6180,11
2007-11-23,13809,7043,6766,11
2007-11-24,12224,6234,5990,11
2007-11-25,15545,7928,7617,11
2007-11-26,14328,7307,7021,11
2007-11-27,12203,6224,5979,11
2007-12-28,14074,7178,6896,12
2007-12-01,16124,8223,7901,12
2007-12-02,14072,7177,6895,12
2007-12-03,15542,7926,7616,12
2007-12-04,14938,7618,7320,12
2007-12-05,12156,6200,5956,12
2007-12-06,12589,6420,6169,12
2007-12-07,15902,8110,7792,12
2007-12-08,12311,6279,6032,12
2007-12-09,14396,7342,7054,12
2007-12-10,12485,6367,6118,12
2007-12-11,15747,8031,7716,12
2007-12-12,14035,7158,6877,12
2007-12-13,13399,6833,6566,12
2007-12-14,13076,6669,6407,12
2007-12-15,15317,7812,7505,12
2007-12-16,13844,7060,6784,12
2007-12-17,15923,8121,7802,12
2007-12-18,15006,7653,7353,12
2007-12-19,13907,7093,6814,12
2007-12-20,12169,6206,5963,12
2007-12-21,15888,8103,7785,12
2007-12-22,13668,6971,6697,12
2007-12-23,15369,7838,7531,12
2007-12-24,12079,6160,5919,12
2007-12-25,14572,7432,7140,12
2007-12-26,16121,8222,7899,12
2007-12-27,13985,7132,6853,12
2007-12-28,12760,6508,6252,12
2007-12-01,13728,7001,6727,12
2008-01-01,12582,6417,6165,1
2008-01-02,11552,5892,5660,1
2008-01-03,13533,6902,6631,1
2008-01-04,13791,7033,6758,1
2008-01-05,12692,6473,6219,1
2008-01-06,13467,6868,6599,1
2008-01-07,12046,6143,5903,1
2008-01-08,13197,6730,6467,1
2008-01-09,14480,7385,7095,1
2008-01-10,12327,6287,6040,1
2008-01-11,13172,6718,6454,1
2008-01-12,11781,6008,5773,1
2008-01-13,13727,7001,6726,1
2008-01-14,12357,6302,6055,1
2008-01-15,14234,7259,6975,1
2008-01-16,12841,6549,6292,1
2008-01-17,12363,6305,6058,1
2008-01-18,14000,7140,6860,1
2008-01-19,11174,5699,5475,1
2008-01-20,14679,7486,7193,1
2008-01-21,13776,7026,6750,1
2008-01-22,13614,6943,6671,1
2008-01-23,12345,6296,6049,1
2008-01-24,12033,6137,5896,1
2008-01-25,14302,7294,7008,1
2008-01-26,12260,6253,6007,1
2008-01-27,11833,6035,5798,1
2008-01-28,11469,5849,5620,1
2008-01-01,12321,6284,6037,1
2008-01-02,14001,7141,6860,1
2008-01-03,13710,6992,6718,1
2008-02-04,9971,5085,4886,2
2008-02-05,11628,5930,5698,2
2008-02-06,9460,4825,4635,2
2008-02-07,11870,6054,5816,2
2008-02-08,12178,6211,5967,2
2008-02-09,10944,5581,5363,2
2008-02-10,12419,6334,6085,2
2008-02-11,12003,6122,5881,2
2008-02-12,10013,5107,4906,2
2008-02-13,10736,5475,5261,2
2008-02-14,12424,6336,6088,2
2008-02-15,10398,5303,5095,2
2008-02-16,11173,5698,5475,2
2008-02-17,10135,5169,4966,2
2008-02-18,10035,5118,4917,2
2008-02-19,10694,5454,5240,2
2008-02-20,10016,5108,4908,2
2008-02-21,9883,5040,4843,2
2008-02-22,11808,6022,5786,2
2008-02-23,11550,5891,5659,2
2008-02-24,11396,5812,5584,2
2008-02-25,9288,4737,4551,2
2008-02-26,10937,5578,5359,2
2008-02-27,9935,5067,4868,2
2008-02-28,11879,6058,5821,2
2008-02-01,9554,4873,4681,2
2008-02-02,11037,5629,5408,2
2008-02-03,10315,5261,5054,2
2008-02-04,12020,6130,5890,2
2008-02-05,12054,6148,5906,2
2008-03-06,16959,8649,8310,3
2008-03-07,14403,7346,7057,3
2008-03-08,15907,8113,7794,3
2008-03-09,13641,6957,6684,3
2008-03-10,14258,7272,6986,3
2008-03-11,16119,8221,7898,3
2008-03-12,17156,8750,8406,3
2008-03-13,13695,6984,6711,3
2008-03-14,13495,6882,6613,3
2008-03-15,13909,7094,6815,3
2008-03-16,14782,7539,7243,3
2008-03-17,13345,6806,6539,3
2008-03-18,14315,7301,7014,3
2008-03-19,15058,7680,7378,3
2008-03-20,15920,8119,7801,3
2008-03-21,16766,8551,8215,3
2008-03-22,13773,7024,6749,3
2008-03-23,12945,6602,6343,3
2008-03-24,13017,6639,6378,3
2008-03-25,15461,7885,7576,3
2008-03-26,16424,8376,8048,3
2008-03-27,16498,8414,8084,3
2008-03-28,15597,7954,7643,3
2008-03-01,14048,7164,6884,3
2008-03-02,14928,7613,7315,3
2008-03-03,15769,8042,7727,3
2008-03-04,17002,8671,8331,3
2008-03-05,16059,8190,7869,3
2008-03-06,14210,7247,6963,3
2008-03-07,13105,6684,6421,3
2008-03-08,16462,8396,8066,3
2008-04-09,19754,10075,9679,4
2008-04-10,17621,8987,8634,4
2008-04-11,18184,9274,8910,4
2008-04-12,19735,10065,9670,4
2008-04-13,19715,10055,9660,4
2008-04-14,15611,7962,7649,4
2008-04-15,15388,7848,7540,4
2008-04-16,17208,8776,8432,4
2008-04-17,16433,8381,8052,4
2008-04-18,19302,9844,9458,4
2008-04-19,17078,8710,8368,4
2008-04-20,18060,9211,8849,4
2008-04-21,16619,8476,8143,4
2008-04-22,16862,8600,8262,4
2008-04-23,15271,7788,7483,4
2008-04-24,17928,9143,8785,4
2008-04-25,16786,8561,8225,4
2008-04-26,19816,10106,9710,4
2008-04-27,17890,9124,8766,4
2008-04-28,16381,8354,8027,4
2008-04-01,18255,9310,8945,4
2008-04-02,16591,8461,8130,4
2008-04-03,16574,8453,8121,4
2008-04-04,19894,10146,9748,4
2008-04-05,14965,7632,7333,4
2008-04-06,19143,9763,9380,4
2008-04-07,16038,8179,7859,4
2008-04-08,18030,9195,8835,4
2008-04-09,18654,9514,9140,4
2008-04-10,17333,8840,8493,4
2008-05-11,17508,8929,8579,5
2008-05-12,16518,8424,8094,5
2008-05-13,15218,7761,7457,5
2008-05-14,14951,7625,7326,5
2008-05-15,14960,7630,7330,5
2008-05-16,15626,7969,7657,5
2008-05-17,17329,8838,8491,5
2008-05-18,14870,7584,7286,5
2008-05-19,18786,9581,9205,5
2008-05-20,16805,8571,8234,5
2008-05-21,19934,10166,9768,5
2008-05-22,17867,9112,8755,5
2008-05-23,18231,9298,8933,5
2008-05-24,15617,7965,7652,5
2008-05-25,19578,9985,9593,5
2008-05-26,18588,9480,9108,5
2008-05-27,15492,7901,7591,5
2008-05-28,17605,8979,8626,5
2008-05-01,19137,9760,9377,5
2008-05-02,18792,9584,9208,5
2008-05-03,17464,8907,8557,5
2008-05-04,17580,8966,8614,5
2008-05-05,17368,8858,8510,5
2008-05-06,17062,8702,8360,5
2008-05-07,17436,8892,8544,5
2008-05-08,17721,9038,8683,5
2008-05-09,18586,9479,9107,5
2008-05-10,17890,9124,8766,5
2008-05-11,15980,8150,7830,5
2008-05-12,17476,8913,8563,5
2008-05-13,16389,8358,8031,5
2008-06-13,14202,7243,6959,6
2008-06-14,16936,8637,8299,6
2008-06-15,16584,8458,8126,6
2008-06-16,16899,8618,8281,6
2008-06-17,15367,7837,7530,6
2008-06-18,17085,8713,8372,6
2008-06-19,14349,7318,7031,6
2008-06-20,14798,7547,7251,6
2008-06-21,14422,7355,7067,6
2008-06-22,17170,8757,8413,6
2008-06-23,15873,8095,7778,6
2008-06-24,16745,8540,8205,6
2008-06-25,17367,8857,8510,6
2008-06-26,16428,8378,8050,6
2008-06-27,16308,8317,7991,6
2008-06-01,15617,7965,7652,6
2008-06-01,14396,7342,7054,6
2008-06-02,16576,8454,8122,6
2008-06-03,17057,8699,8358,6
2008-06-04,17287,8816,8471,6
2008-06-05,15593,7952,7641,6
2008-06-06,12934,6596,6338,6
2008-06-07,17482,8916,8566,6
2008-06-08,13598,6935,6663,6
2008-06-09,13008,6634,6374,6
2008-06-10,13694,6984,6710,6
2008-06-11,17093,8717,8376,6
2008-06-12,16182,8253,7929,6
2008-06-13,17360,8854,8506,6
2008-06-14,16998,8669,8329,6
2008-07-15,24795,12645,12150,7
2008-07-16,26240,13382,12858,7
2008-07-17,27337,13942,13395,7
2008-07-18,29940,15269,14671,7
2008-07-19,26478,13504,12974,7
2008-07-20,23201,11833,11368,7
2008-07-21,24771,12633,12138,7
2008-07-22,22512,11481,11031,7
2008-07-23,24567,12529,12038,7
2008-07-24,23906,12192,11714,7
2008-07-25,27202,13873,13329,7
2008-07-26,27996,14278,13718,7
2008-07-27,27899,14228,13671,7
2008-06-30,24224,12354,11870,7
2008-07-01,26915,13727,13188,7
2008-07-02,29359,14973,14386,7
2008-07-03,23980,12230,11750,7
2008-07-04,27840,14198,13642,7
2008-07-05,26502,13516,12986,7
2008-07-06,25819,13168,12651,7
2008-07-07,29809,15203,14606,7
2008-07-08,29692,15143,14549,7
2008-07-09,28250,14408,13842,7
2008-07-10,22257,11351,10906,7
2008-07-11,23778,12127,11651,7
2008-07-12,27129,13836,13293,7
2008-07-13,25837,13177,12660,7
2008-07-14,23599,12035,11564,7
2008-07-15,24041,12261,11780,7
2008-07-16,26403,13466,12937,7
2008-08-17,33248,16956,16292,8
2008-08-18,29016,14798,14218,8
2008-08-19,31822,16229,15593,8
2008-08-20,30460,15535,14925,8
2008-08-21,27488,14019,13469,8
2008-08-22,29475,15032,14443,8
2008-08-23,26115,13319,12796,8
2008-08-24,31183,15903,15280,8
2008-08-25,34744,17719,17025,8
2008-08-26,31163,15893,15270,8
2008-08-27,33488,17079,16409,8
2008-07-31,29350,14969,14381,8
2008-08-01,33325,16996,16329,8
2008-08-02,28667,14620,14047,8
2008-08-03,32862,16760,16102,8
2008-08-04,30003,15302,14701,8
2008-08-05,30663,15638,15025,8
2008-08-06,30094,15348,14746,8
2008-08-07,32812,16734,16078,8
2008-08-08,33274,16970,16304,8
2008-08-09,31303,15965,15338,8
2008-08-10,30175,15389,14786,8
2008-08-11,26236,13380,12856,8
2008-08-12,33182,16923,16259,8
2008-08-13,31836,16236,15600,8
2008-08-14,26539,13535,13004,8
2008-08-15,28576,14574,14002,8
2008-08-16,26260,13393,12867,8
2008-08-17,31210,15917,15293,8
2008-08-18,33177,16920,16257,8
2008-08-19,27464,14007,13457,8
2008-09-21,19511,9951,9560,9
2008-09-22,23785,12130,11655,9
2008-09-23,21395,10911,10484,9
2008-09-24,20267,10336,9931,9
2008-09-25,19063,9722,9341,9
2008-09-26,19374,9881,9493,9
2008-09-27,19479,9934,9545,9
2008-09-28,24371,12429,11942,9
2008-09-01,20839,10628,10211,9
2008-09-02,24101,12292,11809,9
2008-09-03,22716,11585,11131,9
2008-09-04,19031,9706,9325,9
2008-09-05,19744,10069,9675,9
2008-09-06,18836,9606,9230,9
2008-09-07,21456,10943,10513,9
2008-09-08,18889,9633,9256,9
2008-09-09,21951,11195,10756,9
2008-09-10,21031,10726,10305,9
2008-09-11,19262,9824,9438,9
2008-09-12,24558,12525,12033,9
2008-09-13,22981,11720,11261,9
2008-09-14,21794,11115,10679,9
2008-09-15,22345,11396,10949,9
2008-09-16,18924,9651,9273,9
2008-09-17,24416,12452,11964,9
2008-09-18,21071,10746,10325,9
2008-09-19,18742,9558,9184,9
2008-09-20,24947,12723,12224,9
2008-09-21,24060,12271,11789,9
2008-09-22,19602,9997,9605,9
2008-10-23,18574,9473,9101,10
2008-10-24,18473,9421,9052,10
2008-10-25,19243,9814,9429,10
2008-10-26,16789,8562,8227,10
2008-10-27,22253,11349,10904,10
2008-10-28,16671,8502,8169,10
2008-10-01,17791,9073,8718,10
2008-10-02,19791,10093,9698,10
2008-10-03,18674,9524,9150,10
2008-10-04,19160,9772,9388,10
2008-10-05,16733,8534,8199,10
2008-10-06,22184,11314,10870,10
2008-10-07,18376,9372,9004,10
2008-10-08,20475,10442,10033,10
2008-10-09,19794,10095,9699,10
2008-10-10,19234,9809,9425,10
2008-10-11,16989,8664,8325,10
2008-10-12,21311,10869,10442,10
2008-10-13,22079,11260,10819,10
2008-10-14,21392,10910,10482,10
2008-10-15,21487,10958,10529,10
2008-10-16,16987,8663,8324,10
2008-10-17,17246,8795,8451,10
2008-10-18,17984,9172,8812,10
2008-10-19,18883,9630,9253,10
2008-10-20,20799,10607,10192,10
2008-10-21,20840,10628,10212,10
2008-10-22,17423,8886,8537,10
2008-10-23,18106,9234,8872,10
2008-10-24,18941,9660,9281,10
2008-10-25,20862,10640,10222,10
2008-11-26,15396,7852,7544,11
2008-11-27,16171,8247,7924,11
2008-11-28,14083,7182,6901,11
2008-11-01,16335,8331,8004,11
2008-11-02,16893,8615,8278,11
2008-11-03,16679,8506,8173,11
2008-11-04,15174,7739,7435,11
2008-11-05,13154,6709,6445,11
2008-11-06,16321,8324,7997,11
2008-11-07,13659,6966,6693,11
2008-11-08,15213,7759,7454,11
2008-11-09,14280,7283,6997,11
2008-11-10,16999,8669,8330,11
2008-11-11,13167,6715,6452,11
2008-11-12,15700,8007,7693,11
2008-11-13,17119,8731,8388,11
2008-11-14,13530,6900,6630,11
2008-11-15,12956,6608,6348,11
2008-11-16,13890,7084,6806,11
2008-11-17,14643,7468,7175,11
2008-11-18,14753,7524,7229,11
2008-11-19,15428,7868,7560,11
2008-11-20,17461,8905,8556,11
2008-11-21,16423,8376,8047,11
2008-11-22,13812,7044,6768,11
2008-11-23,14362,7325,7037,11
2008-11-24,13077,6669,6408,11
2008-11-25,13980,7130,6850,11
2008-11-26,13537,6904,6633,11
2008-11-27,16710,8522,8188,11
2008-12-28,15120,7711,7409,12
2008-12-01,16898,8618,8280,12
2008-12-02,13526,6898,6628,12
2008-12-03,14031,7156,6875,12
2008-12-04,14854,7576,7278,12
2008-12-05,13842,7059,6783,12
2008-12-06,13203,6734,6469,12
2008-12-07,16378,8353,8025,12
2008-12-08,13844,7060,6784,12
2008-12-09,15582,7947,7635,12
2008-12-10,16966,8653,8313,12
2008-12-11,16215,8270,7945,12
2008-12-12,12961,6610,6351,12
2008-12-13,13304,6785,6519,12
2008-12-14,14534,7412,7122,12
2008-12-15,17216,8780,8436,12
2008-12-16,16627,8480,8147,12
2008-12-17,14496,7393,7103,12
2008-12-18,14460,7375,7085,12
2008-12-19,17000,8670,8330,12
2008-12-20,13234,6749,6485,12
2008-12-21,13551,6911,6640,12
2008-12-22,16132,8227,7905,12
2008-12-23,15541,7926,7615,12
2008-12-24,15925,8122,7803,12
2008-12-25,16789,8562,8227,12
2008-12-26,12943,6601,6342,12
2008-12-27,13507,6889,6618,12
2008-12-28,13822,7049,6773,12
2008-12-01,15879,8098,7781,12
2008-12-02,17178,8761,8417,12
2009-01-01,11900,6069,5831,1
2009-01-02,11804,6020,5784,1
2009-01-03,10801,5509,5292,1
2009-01-04,14285,7285,7000,1
2009-01-05,12831,6544,6287,1
2009-01-06,11576,5904,5672,1
2009-01-07,12831,6544,6287,1
2009-01-08,14149,7216,6933,1
2009-01-09,12912,6585,6327,1
2009-01-10,13757,7016,6741,1
2009-01-11,14341,7314,7027,1
2009-01-12,14197,7240,6957,1
2009-01-13,13994,7137,6857,1
2009-01-14,10891,5554,5337,1
2009-01-15,11555,5893,5662,1
2009-01-16,13875,7076,6799,1
2009-01-17,10841,5529,5312,1
2009-01-18,13193,6728,6465,1
2009-01-19,10741,5478,5263,1
2009-01-20,13731,7003,6728,1
2009-01-21,11633,5933,5700,1
2009-01-22,11454,5842,5612,1
2009-01-23,11573,5902,5671,1
2009-01-24,11008,5614,5394,1
2009-01-25,14503,7397,7106,1
2009-01-26,12917,6588,6329,1
2009-01-27,11199,5711,5488,1
2009-01-28,12024,6132,5892,1
2009-01-01,11715,5975,5740,1
2009-01-02,12131,6187,5944,1
2009-01-03,10799,5507,5292,1
2009-02-04,9413,4801,4612,2
2009-02-05,10220,5212,5008,2
2009-02-06,9846,5021,4825,2
2009-02-07,11029,5625,5404,2
2009-02-08,11400,5814,5586,2
2009-02-09,10742,5478,5264,2
2009-02-10,9641,4917,4724,2
2009-02-11,11366,5797,5569,2
2009-02-12,10536,5373,5163,2
2009-02-13,9704,4949,4755,2
2009-02-14,9607,4900,4707,2
2009-02-15,9674,4934,4740,2
2009-02-16,10679,5446,5233,2
2009-02-17,11192,5708,5484,2
2009-02-18,12066,6154,5912,2
2009-02-19,11413,5821,5592,2
2009-02-20,9469,4829,4640,2
2009-02-21,10432,5320,5112,2
2009-02-22,9460,4825,4635,2
2009-02-23,11728,5981,5747,2
2009-02-24,11939,6089,5850,2
2009-02-25,9023,4602,4421,2
2009-02-26,10754,5485,5269,2
2009-02-27,10751,5483,5268,2
2009-02-28,10515,5363,5152,2
2009-02-01,11450,5840,5610,2
2009-02-02,9704,4949,4755,2
2009-02-03,11453,5841,5612,2
2009-02-04,9739,4967,4772,2
2009-02-05,9726,4960,4766,2
2009-03-06,14297,7291,7006,3
2009-03-07,14319,7303,7016,3
2009-03-08,13427,6848,6579,3
2009-03-09,14708,7501,7207,3
2009-03-10,14015,7148,6867,3
2009-03-11,13784,7030,6754,3
2009-03-12,15635,7974,7661,3
2009-03-13,14501,7396,7105,3
2009-03-14,16093,8207,7886,3
2009-03-15,14451,7370,7081,3
2009-03-16,15209,7757,7452,3
2009-03-17,12876,6567,6309,3
2009-03-18,13200,6732,6468,3
2009-03-19,16083,8202,7881,3
2009-03-20,13064,6663,6401,3
2009-03-21,14690,7492,7198,3
2009-03-22,14986,7643,7343,3
2009-03-23,16850,8594,8256,3
2009-03-24,16133,8228,7905,3
2009-03-25,14952,7626,7326,3
2009-03-26,15372,7840,7532,3
2009-03-27,13037,6649,6388,3
2009-03-28,15394,7851,7543,3
2009-03-01,14233,7259,6974,3
2009-03-02,13494,6882,6612,3
2009-03-03,15102,7702,7400,3
2009-03-04,13809,7043,6766,3
2009-03-05,15993,8156,7837,3
2009-03-06,14858,7578,7280,3
2009-03-07,14688,7491,7197,3
2009-03-08,15347,7827,7520,3
2009-04-09,18924,9651,9273,4
2009-04-10,15544,7927,7617,4
2009-04-11,18583,9477,9106,4
2009-04-12,17073,8707,8366,4
2009-04-13,17829,9093,8736,4
2009-04-14,15222,7763,7459,4
2009-04-15,16395,8361,8034,4
2009-04-16,18268,9317,8951,4
2009-04-17,18270,9318,8952,4
2009-04-18,18155,9259,8896,4
2009-04-19,15891,8104,7787,4
2009-04-20,16738,8536,8202,4
2009-04-21,19251,9818,9433,4
2009-04-22,18671,9522,9149,4
2009-04-23,17101,8722,8379,4
2009-04-24,19170,9777,9393,4
2009-04-25,16777,8556,8221,4
2009-04-26,16320,8323,7997,4
2009-04-27,14875,7586,7289,4
2009-04-28,17675,9014,8661,4
2009-04-01,18763,9569,9194,4
2009-04-02,16520,8425,8095,4
2009-04-03,18508,9439,9069,4
2009-04-04,15986,8153,7833,4
2009-04-05,16370,8349,8021,4
2009-04-06,16650,8492,8158,4
2009-04-07,18828,9602,9226,4
2009-04-08,17380,8864,8516,4
2009-04-09,16149,8236,7913,4
2009-04-10,16496,8413,8083,4
2009-05-11,16333,8330,8003,5
2009-05-12,17102,8722,8380,5
2009-05-13,15312,7809,7503,5
2009-05-14,17587,8969,8618,5
2009-05-15,18576,9474,9102,5
2009-05-16,14580,7436,7144,5
2009-05-17,19226,9805,9421,5
2009-05-18,14857,7577,7280,5
2009-05-19,16248,8286,7962,5
2009-05-20,15505,7908,7597,5
2009-05-21,18324,9345,8979,5
2009-05-22,14668,7481,7187,5
2009-05-23,18741,9558,9183,5
2009-05-24,15445,7877,7568,5
2009-05-25,15086,7694,7392,5
2009-05-26,19279,9832,9447,5
2009-05-27,18140,9251,8889,5
2009-05-28,18459,9414,9045,5
2009-05-01,16664,8499,8165,5
2009-05-02,18559,9465,9094,5
2009-05-03,18097,9229,8868,5
2009-05-04,18485,9427,9058,5
2009-05-05,17228,8786,8442,5
2009-05-06,15668,7991,7677,5
2009-05-07,15869,8093,7776,5
2009-05-08,17563,8957,8606,5
2009-05-09,14319,7303,7016,5
2009-05-10,18405,9387,9018,5
2009-05-11,19024,9702,9322,5
2009-05-12,16895,8616,8279,5
2009-05-13,17852,9105,8747,5
2009-06-13,15855,8086,7769,6
2009-06-14,14822,7559,7263,6
2009-06-15,15772,8044,7728,6
2009-06-16,14989,7644,7345,6
2009-06-17,15371,7839,7532,6
2009-06-18,16484,8407,8077,6
2009-06-19,13576,6924,6652,6
2009-06-20,14399,7343,7056,6
2009-06-21,16538,8434,8104,6
2009-06-22,13374,6821,6553,6
2009-06-23,15725,8020,7705,6
2009-06-24,15479,7894,7585,6
2009-06-25,16585,8458,8127,6
2009-06-26,12722,6488,6234,6
2009-06-27,16875,8606,8269,6
2009-06-01,15550,7931,7619,6
2009-06-01,15862,8090,7772,6
2009-06-02,15614,7963,7651,6
2009-06-03,13220,6742,6478,6
2009-06-04,16553,8442,8111,6
2009-06-05,12595,6423,6172,6
2009-06-06,12772,6514,6258,6
2009-06-07,12771,6513,6258,6
2009-06-08,14159,7221,6938,6
2009-06-09,14971,7635,7336,6
2009-06-10,16299,8312,7987,6
2009-06-11,14906,7602,7304,6
2009-06-12,14566,7429,7137,6
2009-06-13,13391,6829,6562,6
2009-06-14,16802,8569,8233,6
2009-07-15,26418,13473,12945,7
2009-07-16,25853,13185,12668,7
2009-07-17,26516,13523,12993,7
2009-07-18,25397,12952,12445,7
2009-07-19,27235,13890,13345,7
2009-07-20,24113,12298,11815,7
2009-07-21,27059,13800,13259,7
2009-07-22,22198,11321,10877,7
2009-07-23,21640,11036,10604,7
2009-07-24,27222,13883,13339,7
2009-07-25,23325,11896,11429,7
2009-07-26,27883,14220,13663,7
2009-07-27,24190,12337,11853,7
2009-06-30,24282,12384,11898,7
2009-07-01,24141,12312,11829,7
2009-07-02,28139,14351,13788,7
2009-07-03,21812,11124,10688,7
2009-07-04,24404,12446,11958,7
2009-07-05,23578,12025,11553,7
2009-07-06,28814,14695,14119,7
2009-07-07,28176,14370,13806,7
2009-07-08,23900,12189,11711,7
2009-07-09,25791,13153,12638,7
2009-07-10,22082,11262,10820,7
2009-07-11,28784,14680,14104,7
2009-07-12,23199,11831,11368,7
2009-07-13,21727,11081,10646,7
2009-07-14,22921,11690,11231,7
2009-07-15,28952,14766,14186,7
2009-07-16,25671,13092,12579,7
2009-08-17,31422,16025,15397,8
2009-08-18,33501,17086,16415,8
2009-08-19,26369,13448,12921,8
2009-08-21,31787,16211,15576,8
2009-08-22,30481,15545,14936,8
2009-08-23,31139,15881,15258,8
2009-08-24,33446,17057,16389,8
2009-08-25,32865,16761,16104,8
2009-08-26,31115,15869,15246,8
2009-08-27,26410,13469,12941,8
2009-08-28,28426,14497,13929,8
2009-07-31,28833,14705,14128,8
2009-08-01,27628,14090,13538,8
2009-08-02,33708,17191,16517,8
2009-08-03,25965,13242,12723,8
2009-08-04,30272,15439,14833,8
2009-08-05,25097,12799,12298,8
2009-08-06,27630,14091,13539,8
2009-08-07,26875,13706,13169,8
2009-08-08,27857,14207,13650,8
2009-08-09,25110,12806,12304,8
2009-08-10,31096,15859,15237,8
2009-08-11,31903,16271,15632,8
2009-08-12,27461,14005,13456,8
2009-08-13,32903,16781,16122,8
2009-08-14,29540,15065,14475,8
2009-08-15,27498,14024,13474,8
2009-08-16,32401,16525,15876,8
2009-08-17,28123,14343,13780,8
2009-08-18,31010,15815,15195,8
2009-08-19,28547,14559,13988,8
2009-09-21,18436,9402,9034,9
2009-09-22,18625,9499,9126,9
2009-09-23,18019,9190,8829,9
2009-09-24,20074,10238,9836,9
2009-09-25,22144,11293,10851,9
2009-09-26,21158,10791,10367,9
2009-09-27,21992,11216,10776,9
2009-09-28,20526,10468,10058,9
2009-09-01,21325,10876,10449,9
2009-09-02,20116,10259,9857,9
2009-09-03,20367,10387,9980,9
2009-09-04,21696,11065,10631,9
2009-09-05,20067,10234,9833,9
2009-09-06,21363,10895,10468,9
2009-09-07,23350,11909,11441,9
2009-09-08,21476,10953,10523,9
2009-09-09,20486,10448,10038,9
2009-09-10,21020,10720,10300,9
2009-09-11,23093,11777,11316,9
2009-09-12,19908,10153,9755,9
2009-09-13,20355,10381,9974,9
2009-09-14,20916,10667,10249,9
2009-09-15,21347,10887,10460,9
2009-09-16,18795,9585,9210,9
2009-09-17,23279,11872,11407,9
2009-09-18,21623,11028,10595,9
2009-09-19,23470,11970,11500,9
2009-09-20,20035,10218,9817,9
2009-09-21,18821,9599,9222,9
2009-09-22,19158,9771,9387,9
2009-10-23,19171,9777,9394,10
2009-10-24,19749,10072,9677,10
2009-10-25,19584,9988,9596,10
2009-10-26,16135,8229,7906,10
2009-10-27,16528,8429,8099,10
2009-10-28,17272,8809,8463,10
2009-10-01,19037,9709,9328,10
2009-10-02,20981,10700,10281,10
2009-10-03,16344,8335,8009,10
2009-10-04,20694,10554,10140,10
2009-10-05,19563,9977,9586,10
2009-10-06,21163,10793,10370,10
2009-10-07,17580,8966,8614,10
2009-10-08,16804,8570,8234,10
2009-10-09,17664,9009,8655,10
2009-10-10,17128,8735,8393,10
2009-10-11,21712,11073,10639,10
2009-10-12,19214,9799,9415,10
2009-10-13,18664,9519,9145,10
2009-10-14,18416,9392,9024,10
2009-10-15,16491,8410,8081,10
2009-10-16,18206,9285,8921,10
2009-10-17,16967,8653,8314,10
2009-10-18,21713,11074,10639,10
2009-10-19,20762,10589,10173,10
2009-10-20,18976,9678,9298,10
2009-10-21,17922,9140,8782,10
2009-10-22,20914,10666,10248,10
2009-10-23,21696,11065,10631,10
2009-10-24,18945,9662,9283,10
2009-10-25,17987,9173,8814,10
2009-11-26,14270,7278,6992,11
2009-11-27,16255,8290,7965,11
2009-11-28,14855,7576,7279,11
2009-11-01,14462,7376,7086,11
2009-11-02,12565,6408,6157,11
2009-11-03,14336,7311,7025,11
2009-11-04,16640,8486,8154,11
2009-11-05,13503,6887,6616,11
2009-11-06,15772,8044,7728,11
2009-11-07,16191,8257,7934,11
2009-11-08,15453,7881,7572,11
2009-11-09,15080,7691,7389,11
2009-11-10,15794,8055,7739,11
2009-11-11,13919,7099,6820,11
2009-11-12,14284,7285,6999,11
2009-11-13,14885,7591,7294,11
2009-11-14,12861,6559,6302,11
2009-11-15,15589,7950,7639,11
2009-11-16,16086,8204,7882,11
2009-11-17,14615,7454,7161,11
2009-11-18,15165,7734,7431,11
2009-11-19,16384,8356,8028,11
2009-11-20,16853,8595,8258,11
2009-11-21,15023,7662,7361,11
2009-11-22,12560,6406,6154,11
2009-11-23,16604,8468,8136,11
2009-11-24,13130,6696,6434,11
2009-11-25,14623,7458,7165,11
2009-11-26,12734,6494,6240,11
2009-11-27,13921,7100,6821,11
2009-12-28,14985,7642,7343,12
2009-12-01,16693,8513,8180,12
2009-12-02,12668,6461,6207,12
2009-12-03,12972,6616,6356,12
2009-12-04,15129,7716,7413,12
2009-12-05,16861,8599,8262,12
2009-12-06,16655,8494,8161,12
2009-12-07,13895,7086,6809,12
2009-12-08,16557,8444,8113,12
2009-12-09,15801,8059,7742,12
2009-12-10,13474,6872,6602,12
2009-12-11,12592,6422,6170,12
2009-12-12,12886,6572,6314,12
2009-12-13,15615,7964,7651,12
2009-12-14,13928,7103,6825,12
2009-12-15,15478,7894,7584,12
2009-12-16,16443,8386,8057,12
2009-12-17,15401,7855,7546,12
2009-12-18,12842,6549,6293,12
2009-12-19,15089,7695,7394,12
2009-12-20,13305,6786,6519,12
2009-12-21,13375,6821,6554,12
2009-12-22,15223,7764,7459,12
2009-12-23,14267,7276,6991,12
2009-12-24,16178,8251,7927,12
2009-12-25,15167,7735,7432,12
2009-12-26,15094,7698,7396,12
2009-12-27,12527,6389,6138,12
2009-12-28,16524,8427,8097,12
2009-12-01,14701,7498,7203,12
2010-01-01,15194,7749,7445,1
2010-01-02,15948,8133,7815,1
2010-01-03,14220,7252,6968,1
2010-01-04,14617,7455,7162,1
2010-01-05,14246,7265,6981,1
2010-01-06,13719,6997,6722,1
2010-01-07,16361,8344,8017,1
2010-01-08,12446,6347,6099,1
2010-01-09,13245,6755,6490,1
2010-01-10,12404,6326,6078,1
2010-01-11,15684,7999,7685,1
2010-01-12,12668,6461,6207,1
2010-01-13,12611,6432,6179,1
2010-01-14,15723,8019,7704,1
2010-01-15,12560,6406,6154,1
2010-01-16,14872,7585,7287,1
2010-01-17,13451,6860,6591,1
2010-01-18,13839,7058,6781,1
2010-01-19,16598,8465,8133,1
2010-01-20,15328,7817,7511,1
2010-01-21,15826,8071,7755,1
2010-01-22,13861,7069,6792,1
2010-01-23,16036,8178,7858,1
2010-01-24,14077,7179,6898,1
2010-01-25,16408,8368,8040,1
2010-01-26,16384,8356,8028,1
2010-01-27,15698,8006,7692,1
2010-01-28,13413,6841,6572,1
2010-01-01,13716,6995,6721,1
2010-01-02,13311,6789,6522,1
2010-01-03,13156,6710,6446,1
2010-02-04,13309,6788,6521,2
2010-02-05,10546,5378,5168,2
2010-02-06,13881,7079,6802,2
2010-02-07,13191,6727,6464,2
2010-02-08,10502,5356,5146,2
2010-02-09,12346,6296,6050,2
2010-02-10,12579,6415,6164,2
2010-02-11,12463,6356,6107,2
2010-02-12,13603,6938,6665,2
2010-02-13,13377,6822,6555,2
2010-02-14,13027,6644,6383,2
2010-02-15,10975,5597,5378,2
2010-02-16,11593,5912,5681,2
2010-02-17,11932,6085,5847,2
2010-02-18,10586,5399,5187,2
2010-02-19,11022,5621,5401,2
2010-02-20,11461,5845,5616,2
2010-02-21,11206,5715,5491,2
2010-02-22,13550,6911,6639,2
2010-02-23,10940,5579,5361,2
2010-02-24,10349,5278,5071,2
2010-02-25,13103,6683,6420,2
2010-02-26,11623,5928,5695,2
2010-02-27,13463,6866,6597,2
2010-02-28,13760,7018,6742,2
2010-02-01,12867,6562,6305,2
2010-02-02,12333,6290,6043,2
2010-02-03,13078,6670,6408,2
2010-02-04,12723,6489,6234,2
2010-02-05,12433,6341,6092,2
2010-03-06,16529,8430,8099,3
2010-03-07,17246,8795,8451,3
2010-03-08,16244,8284,7960,3
2010-03-09,16575,8453,8122,3
2010-03-10,19275,9830,9445,3
2010-03-11,17708,9031,8677,3
2010-03-12,16938,8638,8300,3
2010-03-13,19022,9701,9321,3
2010-03-14,17677,9015,8662,3
2010-03-15,15402,7855,7547,3
2010-03-16,19470,9930,9540,3
2010-03-17,18053,9207,8846,3
2010-03-18,18011,9186,8825,3
2010-03-19,16483,8406,8077,3
2010-03-20,14521,7406,7115,3
2010-03-21,15616,7964,7652,3
2010-03-22,18362,9365,8997,3
2010-03-23,15878,8098,7780,3
2010-03-24,15589,7950,7639,3
2010-03-25,14867,7582,7285,3
2010-03-26,17261,8803,8458,3
2010-03-27,18947,9663,9284,3
2010-03-28,16462,8396,8066,3
2010-03-01,17123,8733,8390,3
2010-03-02,16251,8288,7963,3
2010-03-03,17158,8751,8407,3
2010-03-04,15979,8149,7830,3
2010-03-05,16755,8545,8210,3
2010-03-06,19390,9889,9501,3
2010-03-07,18463,9416,9047,3
2010-03-08,19065,9723,9342,3
2010-04-09,16666,8500,8166,4
2010-04-10,18069,9215,8854,4
2010-04-11,20534,10472,10062,4
2010-04-12,21118,10770,10348,4
2010-04-13,17087,8714,8373,4
2010-04-14,17189,8766,8423,4
2010-04-15,17823,9090,8733,4
2010-04-16,18043,9202,8841,4
2010-04-17,21544,10987,10557,4
2010-04-18,18839,9608,9231,4
2010-04-19,21924,11181,10743,4
2010-04-20,16801,8569,8232,4
2010-04-21,17719,9037,8682,4
2010-04-22,19585,9988,9597,4
2010-04-23,21045,10733,10312,4
2010-04-24,21877,11157,10720,4
2010-04-25,16553,8442,8111,4
2010-04-26,17683,9018,8665,4
2010-04-27,20518,10464,10054,4
2010-04-28,21260,10843,10417,4
2010-04-01,16703,8519,8184,4
2010-04-02,20299,10352,9947,4
2010-04-03,21674,11054,10620,4
2010-04-04,19540,9965,9575,4
2010-04-05,20591,10501,10090,4
2010-04-06,16692,8513,8179,4
2010-04-07,18457,9413,9044,4
2010-04-08,20137,10270,9867,4
2010-04-09,19149,9766,9383,4
2010-04-10,17125,8734,8391,4
2010-05-10,20945,10682,10263,5
2010-05-11,17545,8948,8597,5
2010-05-12,16674,8504,8170,5
2010-05-13,17499,8924,8575,5
2010-05-14,22198,11321,10877,5
2010-05-15,21205,10815,10390,5
2010-05-16,20525,10468,10057,5
2010-05-17,20132,10267,9865,5
2010-05-18,20648,10530,10118,5
2010-05-19,20762,10589,10173,5
2010-05-20,17636,8994,8642,5
2010-05-21,18931,9655,9276,5
2010-05-22,18059,9210,8849,5
2010-05-23,17808,9082,8726,5
2010-05-24,19638,10015,9623,5
2010-05-25,18011,9186,8825,5
2010-05-26,17913,9136,8777,5
2010-05-27,21524,10977,10547,5
2010-05-01,19308,9847,9461,5
2010-05-02,21041,10731,10310,5
2010-05-02,17990,9175,8815,5
2010-05-03,19810,10103,9707,5
2010-05-04,19632,10012,9620,5
2010-05-05,20738,10576,10162,5
2010-05-06,20438,10423,10015,5
2010-05-07,20867,10642,10225,5
2010-05-08,20957,10688,10269,5
2010-05-09,17739,9047,8692,5
2010-05-10,17967,9163,8804,5
2010-05-11,22021,11231,10790,5
2010-05-12,18390,9379,9011,5
2010-06-13,17270,8808,8462,6
2010-06-14,15697,8005,7692,6
2010-06-15,14879,7588,7291,6
2010-06-16,14728,7511,7217,6
2010-06-17,17936,9147,8789,6
2010-06-18,17113,8728,8385,6
2010-06-19,19275,9830,9445,6
2010-06-20,14627,7460,7167,6
2010-06-21,17948,9153,8795,6
2010-06-22,17121,8732,8389,6
2010-06-23,16136,8229,7907,6
2010-06-24,16998,8669,8329,6
2010-06-25,14698,7496,7202,6
2010-06-26,18172,9268,8904,6
2010-06-27,16209,8267,7942,6
2010-05-31,15539,7925,7614,6
2010-06-01,17523,8937,8586,6
2010-06-02,16427,8378,8049,6
2010-06-03,18857,9617,9240,6
2010-06-04,15794,8055,7739,6
2010-06-05,18740,9557,9183,6
2010-06-06,16098,8210,7888,6
2010-06-07,16616,8474,8142,6
2010-06-08,14667,7480,7187,6
2010-06-09,15388,7848,7540,6
2010-06-10,16507,8419,8088,6
2010-06-11,16979,8659,8320,6
2010-06-12,18869,9623,9246,6
2010-06-13,16479,8404,8075,6
2010-06-14,17736,9045,8691,6
2010-07-15,30194,15399,14795,7
2010-07-16,26220,13372,12848,7
2010-07-17,30408,15508,14900,7
2010-07-18,28089,14325,13764,7
2010-07-19,30217,15411,14806,7
2010-07-20,31325,15976,15349,7
2010-07-21,28952,14766,14186,7
2010-07-22,29772,15184,14588,7
2010-07-23,29415,15002,14413,7
2010-07-24,30334,15470,14864,7
2010-07-25,27962,14261,13701,7
2010-07-26,29774,15185,14589,7
2010-07-27,28923,14751,14172,7
2010-06-30,30790,15703,15087,7
2010-07-01,31268,15947,15321,7
2010-07-02,29488,15039,14449,7
2010-07-03,31307,15967,15340,7
2010-07-04,32007,16324,15683,7
2010-07-05,27179,13861,13318,7
2010-07-06,25354,12931,12423,7
2010-07-07,32721,16688,16033,7
2010-07-08,29092,14837,14255,7
2010-07-09,25901,13210,12691,7
2010-07-10,28717,14646,14071,7
2010-07-11,29963,15281,14682,7
2010-07-12,30965,15792,15173,7
2010-07-13,27587,14069,13518,7
2010-07-14,27928,14243,13685,7
2010-07-15,28737,14656,14081,7
2010-07-16,29202,14893,14309,7
2010-08-18,29003,14792,14211,8
2010-08-19,37055,18898,18157,8
2010-08-20,32082,16362,15720,8
2010-08-21,36214,18469,17745,8
2010-08-22,35853,18285,17568,8
2010-08-23,33694,17184,16510,8
2010-08-24,38515,19643,18872,8
2010-08-25,33520,17095,16425,8
2010-08-26,38702,19738,18964,8
2010-08-27,33875,17276,16599,8
2010-08-28,35766,18241,17525,8
2010-07-31,34887,17792,17095,8
2010-08-01,38367,19567,18800,8
2010-08-02,31233,15929,15304,8
2010-08-03,34079,17380,16699,8
2010-08-04,32109,16376,15733,8
2010-08-05,33556,17114,16442,8
2010-08-06,38156,19460,18696,8
2010-08-08,32389,16518,15871,8
2010-08-09,29377,14982,14395,8
2010-08-10,33296,16981,16315,8
2010-08-11,30491,15550,14941,8
2010-08-12,38292,19529,18763,8
2010-08-13,38473,19621,18852,8
2010-08-14,38873,19825,19048,8
2010-08-15,30201,15403,14798,8
2010-08-16,30064,15333,14731,8
2010-08-17,30526,15568,14958,8
2010-08-18,29940,15269,14671,8
2010-08-19,30475,15542,14933,8
2010-08-20,37603,19178,18425,8
2010-09-21,25020,12760,12260,9
2010-09-22,26159,13341,12818,9
2010-09-23,25214,12859,12355,9
2010-09-24,27316,13931,13385,9
2010-09-25,21009,10715,10294,9
2010-09-26,20809,10613,10196,9
2010-09-27,22225,11335,10890,9
2010-09-28,25991,13255,12736,9
2010-09-01,25894,13206,12688,9
2010-09-02,26411,13470,12941,9
2010-09-03,23631,12052,11579,9
2010-09-04,24820,12658,12162,9
2010-09-05,23915,12197,11718,9
2010-09-06,26760,13648,13112,9
2010-09-07,25859,13188,12671,9
2010-09-08,26978,13759,13219,9
2010-09-09,22303,11375,10928,9
2010-09-10,24317,12402,11915,9
2010-09-11,27713,14134,13579,9
2010-09-12,20976,10698,10278,9
2010-09-13,22253,11349,10904,9
2010-09-14,26689,13611,13078,9
2010-09-15,24494,12492,12002,9
2010-09-16,24189,12336,11853,9
2010-09-17,25602,13057,12545,9
2010-09-18,27126,13834,13292,9
2010-09-19,27800,14178,13622,9
2010-09-20,23167,11815,11352,9
2010-09-21,26889,13713,13176,9
2010-09-22,22181,11312,10869,9
2010-10-23,20553,10482,10071,10
2010-10-24,23659,12066,11593,10
2010-10-25,23214,11839,11375,10
2010-10-26,20356,10382,9974,10
2010-10-27,19587,9989,9598,10
2010-10-28,21247,10836,10411,10
2010-10-01,23875,12176,11699,10
2010-10-02,21451,10940,10511,10
2010-10-03,21723,11079,10644,10
2010-10-04,24273,12379,11894,10
2010-10-05,19488,9939,9549,10
2010-10-06,21091,10756,10335,10
2010-10-07,21340,10883,10457,10
2010-10-08,21979,11209,10770,10
2010-10-09,21687,11060,10627,10
2010-10-10,19587,9989,9598,10
2010-10-11,21379,10903,10476,10
2010-10-12,23079,11770,11309,10
2010-10-13,22770,11613,11157,10
2010-10-14,20807,10612,10195,10
2010-10-15,19583,9987,9596,10
2010-10-16,21542,10986,10556,10
2010-10-17,21488,10959,10529,10
2010-10-18,19956,10178,9778,10
2010-10-19,25057,12779,12278,10
2010-10-20,20975,10697,10278,10
2010-10-21,23982,12231,11751,10
2010-10-22,18809,9593,9216,10
2010-10-23,18868,9623,9245,10
2010-10-24,20041,10221,9820,10
2010-10-25,19111,9747,9364,10
2010-11-26,15410,7859,7551,11
2010-11-27,17890,9124,8766,11
2010-11-28,18060,9211,8849,11
2010-11-01,19229,9807,9422,11
2010-11-02,15195,7749,7446,11
2010-11-03,18629,9501,9128,11
2010-11-04,15477,7893,7584,11
2010-11-05,14518,7404,7114,11
2010-11-06,17789,9072,8717,11
2010-11-07,14638,7465,7173,11
2010-11-08,16901,8620,8281,11
2010-11-09,17765,9060,8705,11
2010-11-10,14864,7581,7283,11
2010-11-11,16349,8338,8011,11
2010-11-12,17847,9102,8745,11
2010-11-13,19253,9819,9434,11
2010-11-14,15155,7729,7426,11
2010-11-15,19259,9822,9437,11
2010-11-16,19067,9724,9343,11
2010-11-17,16112,8217,7895,11
2010-11-18,15705,8010,7695,11
2010-11-19,18777,9576,9201,11
2010-11-20,16048,8184,7864,11
2010-11-21,15007,7654,7353,11
2010-11-22,17236,8790,8446,11
2010-11-23,14552,7422,7130,11
2010-11-24,15017,7659,7358,11
2010-11-25,14738,7516,7222,11
2010-11-26,15677,7995,7682,11
2010-11-27,18621,9497,9124,11
2010-12-28,15816,8066,7750,12
2010-12-01,16073,8197,7876,12
2010-12-02,17276,8811,8465,12
2010-12-03,18071,9216,8855,12
2010-12-04,19414,9901,9513,12
2010-12-05,16681,8507,8174,12
2010-12-06,18247,9306,8941,12
2010-12-07,17726,9040,8686,12
2010-12-08,16517,8424,8093,12
2010-12-09,17922,9140,8782,12
2010-12-10,15748,8031,7717,12
2010-12-11,18979,9679,9300,12
2010-12-12,16939,8639,8300,12
2010-12-13,19142,9762,9380,12
2010-12-14,19323,9855,9468,12
2010-12-15,14593,7442,7151,12
2010-12-16,17675,9014,8661,12
2010-12-17,14862,7580,7282,12
2010-12-18,15874,8096,7778,12
2010-12-19,15335,7821,7514,12
2010-12-20,16410,8369,8041,12
2010-12-21,15392,7850,7542,12
2010-12-22,17329,8838,8491,12
2010-12-23,14964,7632,7332,12
2010-12-24,17607,8980,8627,12
2010-12-25,17883,9120,8763,12
2010-12-26,18528,9449,9079,12
2010-12-27,17574,8963,8611,12
2010-12-28,16509,8420,8089,12
2010-12-01,16327,8327,8000,12
2011-01-01,14644,7468,7176,1
2011-01-02,13822,7049,6773,1
2011-01-03,13268,6767,6501,1
2011-01-04,13898,7088,6810,1
2011-01-05,17403,8876,8527,1
2011-01-06,16008,8164,7844,1
2011-01-07,17197,8770,8427,1
2011-01-08,15645,7979,7666,1
2011-01-09,14658,7476,7182,1
2011-01-10,16300,8313,7987,1
2011-01-11,14223,7254,6969,1
2011-01-12,16316,8321,7995,1
2011-01-13,14021,7151,6870,1
2011-01-14,17288,8817,8471,1
2011-01-15,14992,7646,7346,1
2011-01-16,14109,7196,6913,1
2011-01-17,16608,8470,8138,1
2011-01-18,16701,8518,8183,1
2011-01-19,14330,7308,7022,1
2011-01-20,17654,9004,8650,1
2011-01-21,13544,6907,6637,1
2011-01-22,13429,6849,6580,1
2011-01-23,13723,6999,6724,1
2011-01-24,16503,8417,8086,1
2011-01-25,16802,8569,8233,1
2011-01-26,17289,8817,8472,1
2011-01-27,14856,7577,7279,1
2011-01-28,15658,7986,7672,1
2011-01-01,16687,8510,8177,1
2011-01-02,14212,7248,6964,1
2011-01-03,16961,8650,8311,1
2011-02-04,13136,6699,6437,2
2011-02-05,13859,7068,6791,2
2011-02-06,13176,6720,6456,2
2011-02-07,12347,6297,6050,2
2011-02-08,12523,6387,6136,2
2011-02-09,14185,7234,6951,2
2011-02-10,13547,6909,6638,2
2011-02-11,10913,5566,5347,2
2011-02-12,13747,7011,6736,2
2011-02-13,12010,6125,5885,2
2011-02-14,13104,6683,6421,2
2011-02-15,14451,7370,7081,2
2011-02-16,13251,6758,6493,2
2011-02-17,14392,7340,7052,2
2011-02-18,11612,5922,5690,2
2011-02-19,13905,7092,6813,2
2011-02-20,11613,5923,5690,2
2011-02-21,12493,6371,6122,2
2011-02-22,14199,7241,6958,2
2011-02-23,11938,6088,5850,2
2011-02-24,13215,6740,6475,2
2011-02-25,11561,5896,5665,2
2011-02-26,14124,7203,6921,2
2011-02-27,13858,7068,6790,2
2011-02-28,13534,6902,6632,2
2011-02-01,10890,5554,5336,2
2011-02-02,12307,6277,6030,2
2011-02-03,14618,7455,7163,2
2011-02-04,14101,7192,6909,2
2011-02-05,14705,7500,7205,2
2011-03-06,19293,9839,9454,3
2011-03-07,19785,10090,9695,3
2011-03-08,20090,10246,9844,3
2011-03-09,19101,9742,9359,3
2011-03-10,17463,8906,8557,3
2011-03-11,20421,10415,10006,3
2011-03-12,20419,10414,10005,3
2011-03-13,18878,9628,9250,3
2011-03-14,16215,8270,7945,3
2011-03-15,16545,8438,8107,3
2011-03-16,19350,9869,9481,3
2011-03-17,17322,8834,8488,3
2011-03-18,16676,8505,8171,3
2011-03-19,20101,10252,9849,3
2011-03-20,20590,10501,10089,3
2011-03-21,15508,7909,7599,3
2011-03-22,17244,8794,8450,3
2011-03-23,17445,8897,8548,3
2011-03-24,17207,8776,8431,3
2011-03-25,19776,10086,9690,3
2011-03-26,17313,8830,8483,3
2011-03-27,15611,7962,7649,3
2011-03-28,15850,8084,7766,3
2011-03-01,18763,9569,9194,3
2011-03-02,16499,8414,8085,3
2011-03-03,18565,9468,9097,3
2011-03-04,18984,9682,9302,3
2011-03-05,18029,9195,8834,3
2011-03-06,18110,9236,8874,3
2011-03-07,18887,9632,9255,3
2011-03-08,18768,9572,9196,3
2011-04-08,21615,11024,10591,4
2011-04-09,18811,9594,9217,4
2011-04-10,17803,9080,8723,4
2011-04-11,18661,9517,9144,4
2011-04-12,18806,9591,9215,4
2011-04-13,18307,9337,8970,4
2011-04-14,18451,9410,9041,4
2011-04-15,21863,11150,10713,4
2011-04-16,17961,9160,8801,4
2011-04-17,21989,11214,10775,4
2011-04-18,21308,10867,10441,4
2011-04-19,22761,11608,11153,4
2011-04-20,21405,10917,10488,4
2011-04-21,22912,11685,11227,4
2011-04-22,21600,11016,10584,4
2011-04-23,19416,9902,9514,4
2011-04-24,22343,11395,10948,4
2011-04-25,18778,9577,9201,4
2011-04-26,19266,9826,9440,4
2011-04-27,19645,10019,9626,4
2011-04-01,18955,9667,9288,4
2011-04-02,19904,10151,9753,4
2011-04-03,21903,11171,10732,4
2011-04-03,17532,8941,8591,4
2011-04-04,17831,9094,8737,4
2011-04-05,20036,10218,9818,4
2011-04-06,21738,11086,10652,4
2011-04-07,22114,11278,10836,4
2011-04-08,23479,11974,11505,4
2011-04-09,22181,11312,10869,4
2011-05-10,23461,11965,11496,5
2011-05-11,20844,10630,10214,5
2011-05-12,19303,9845,9458,5
2011-05-13,17708,9031,8677,5
2011-05-14,20543,10477,10066,5
2011-05-15,17774,9065,8709,5
2011-05-16,17619,8986,8633,5
2011-05-17,23308,11887,11421,5
2011-05-18,21704,11069,10635,5
2011-05-19,22518,11484,11034,5
2011-05-20,20153,10278,9875,5
2011-05-21,20406,10407,9999,5
2011-05-22,17695,9024,8671,5
2011-05-23,18087,9224,8863,5
2011-05-24,22209,11327,10882,5
2011-05-25,22235,11340,10895,5
2011-05-26,23443,11956,11487,5
2011-05-27,21968,11204,10764,5
2011-04-30,22399,11423,10976,5
2011-05-01,22901,11680,11221,5
2011-05-02,18863,9620,9243,5
2011-05-03,20631,10522,10109,5
2011-05-04,18645,9509,9136,5
2011-05-05,18731,9553,9178,5
2011-05-06,17905,9132,8773,5
2011-05-07,21017,10719,10298,5
2011-05-08,18314,9340,8974,5
2011-05-09,21874,11156,10718,5
2011-05-10,20066,10234,9832,5
2011-05-11,23221,11843,11378,5
2011-05-12,22757,11606,11151,5
2011-06-13,17905,9132,8773,6
2011-06-14,20284,10345,9939,6
2011-06-15,16601,8467,8134,6
2011-06-16,19482,9936,9546,6
2011-06-17,15653,7983,7670,6
2011-06-18,15802,8059,7743,6
2011-06-19,16553,8442,8111,6
2011-06-20,17763,9059,8704,6
2011-06-21,18731,9553,9178,6
2011-06-22,20582,10497,10085,6
2011-06-23,20195,10299,9896,6
2011-06-24,19609,10001,9608,6
2011-06-25,15507,7909,7598,6
2011-06-26,16573,8452,8121,6
2011-06-27,17217,8781,8436,6
2011-05-31,17321,8834,8487,6
2011-06-01,18912,9645,9267,6
2011-06-02,17925,9142,8783,6
2011-06-03,20250,10328,9922,6
2011-06-04,19951,10175,9776,6
2011-06-05,18909,9644,9265,6
2011-06-06,17315,8831,8484,6
2011-06-07,19649,10021,9628,6
2011-06-08,15309,7808,7501,6
2011-06-09,19101,9742,9359,6
2011-06-10,18487,9428,9059,6
2011-06-11,16868,8603,8265,6
2011-06-12,17991,9175,8816,6
2011-06-13,19784,10090,9694,6
2011-06-14,18496,9433,9063,6
2011-07-15,34368,17528,16840,7
2011-07-16,35143,17923,17220,7
2011-07-17,28672,14623,14049,7
2011-07-18,35152,17928,17224,7
2011-07-19,30734,15674,15060,7
2011-07-20,29379,14983,14396,7
2011-07-21,31255,15940,15315,7
2011-07-22,31917,16278,15639,7
2011-07-23,31332,15979,15353,7
2011-07-24,31237,15931,15306,7
2011-07-25,28646,14609,14037,7
2011-07-26,33012,16836,16176,7
2011-07-27,29740,15167,14573,7
2011-06-30,28551,14561,13990,7
2011-07-01,33949,17314,16635,7
2011-07-02,32246,16445,15801,7
2011-07-03,28661,14617,14044,7
2011-07-04,28825,14701,14124,7
2011-07-05,26870,13704,13166,7
2011-07-06,31754,16195,15559,7
2011-07-07,32161,16402,15759,7
2011-07-08,29381,14984,14397,7
2011-07-09,26668,13601,13067,7
2011-07-10,33482,17076,16406,7
2011-07-11,31833,16235,15598,7
2011-07-12,33978,17329,16649,7
2011-07-13,31968,16304,15664,7
2011-07-14,34145,17414,16731,7
2011-07-15,34167,17425,16742,7
2011-07-16,32056,16349,15707,7
2011-08-18,34817,17757,17060,8
2011-08-19,36339,18533,17806,8
2011-08-20,34014,17347,16667,8
2011-08-21,32772,16714,16058,8
2011-08-22,32994,16827,16167,8
2011-08-23,33052,16857,16195,8
2011-08-24,34034,17357,16677,8
2011-08-25,34519,17605,16914,8
2011-08-26,36065,18393,17672,8
2011-08-27,33262,16964,16298,8
2011-08-28,37542,19146,18396,8
2011-08-01,37365,19056,18309,8
2011-08-02,32013,16327,15686,8
2011-08-03,34174,17429,16745,8
2011-08-04,39733,20264,19469,8
2011-08-05,31311,15969,15342,8
2011-08-06,37584,19168,18416,8
2011-08-07,35789,18252,17537,8
2011-08-08,38631,19702,18929,8
2011-08-09,37960,19360,18600,8
2011-08-10,35758,18237,17521,8
2011-08-11,38074,19418,18656,8
2011-08-12,35937,18328,17609,8
2011-08-13,33133,16898,16235,8
2011-08-14,41102,20962,20140,8
2011-08-15,39876,20337,19539,8
2011-08-16,32233,16439,15794,8
2011-08-17,36599,18665,17934,8
2011-08-18,35180,17942,17238,8
2011-08-19,32811,16734,16077,8
2011-08-20,38772,19774,18998,8
2011-09-21,26342,13434,12908,9
2011-09-22,28645,14609,14036,9
2011-09-23,26372,13450,12922,9
2011-09-24,29310,14948,14362,9
2011-09-25,27986,14273,13713,9
2011-09-26,23958,12219,11739,9
2011-09-27,22089,11265,10824,9
2011-09-28,25833,13175,12658,9
2011-09-01,25089,12795,12294,9
2011-09-02,22831,11644,11187,9
2011-09-03,26836,13686,13150,9
2011-09-04,27758,14157,13601,9
2011-09-05,26265,13395,12870,9
2011-09-06,23432,11950,11482,9
2011-09-07,27559,14055,13504,9
2011-09-08,24713,12604,12109,9
2011-09-09,22841,11649,11192,9
2011-09-10,25518,13014,12504,9
2011-09-11,29200,14892,14308,9
2011-09-12,23860,12169,11691,9
2011-09-13,23769,12122,11647,9
2011-09-14,28572,14572,14000,9
2011-09-15,27081,13811,13270,9
2011-09-16,24121,12302,11819,9
2011-09-17,22392,11420,10972,9
2011-09-18,23965,12222,11743,9
2011-09-19,21765,11100,10665,9
2011-09-20,23362,11915,11447,9
2011-09-21,24586,12539,12047,9
2011-09-22,22382,11415,10967,9
2011-10-23,21379,10903,10476,10
2011-10-24,23757,12116,11641,10
2011-10-25,25470,12990,12480,10
2011-10-26,23106,11784,11322,10
2011-10-27,25609,13061,12548,10
2011-10-28,21030,10725,10305,10
2011-10-01,23877,12177,11700,10
2011-10-02,25431,12970,12461,10
2011-10-03,26199,13361,12838,10
2011-10-04,20996,10708,10288,10
2011-10-05,22725,11590,11135,10
2011-10-06,20167,10285,9882,10
2011-10-07,20246,10325,9921,10
2011-10-08,19838,10117,9721,10
2011-10-09,19701,10048,9653,10
2011-10-10,25554,13033,12521,10
2011-10-11,24467,12478,11989,10
2011-10-12,22827,11642,11185,10
2011-10-13,23126,11794,11332,10
2011-10-14,21088,10755,10333,10
2011-10-15,20275,10340,9935,10
2011-10-16,22949,11704,11245,10
2011-10-17,26042,13281,12761,10
2011-10-18,20725,10570,10155,10
2011-10-19,20658,10536,10122,10
2011-10-20,23382,11925,11457,10
2011-10-21,20685,10549,10136,10
2011-10-22,26457,13493,12964,10
2011-10-23,21512,10971,10541,10
2011-10-24,25829,13173,12656,10
2011-10-25,23829,12153,11676,10
2011-11-26,20158,10281,9877,11
2011-11-27,19207,9796,9411,11
2011-11-28,16589,8460,8129,11
2011-11-01,15786,8051,7735,11
2011-11-02,16997,8668,8329,11
2011-11-03,20070,10236,9834,11
2011-11-04,18467,9418,9049,11
2011-11-05,15238,7771,7467,11
2011-11-06,19635,10014,9621,11
2011-11-07,18552,9462,9090,11
2011-11-08,18114,9238,8876,11
2011-11-09,18918,9648,9270,11
2011-11-10,19273,9829,9444,11
2011-11-11,20361,10384,9977,11
2011-11-12,16038,8179,7859,11
2011-11-13,20159,10281,9878,11
2011-11-14,16848,8592,8256,11
2011-11-15,19881,10139,9742,11
2011-11-16,20493,10451,10042,11
2011-11-17,17641,8997,8644,11
2011-11-18,16512,8421,8091,11
2011-11-19,18959,9669,9290,11
2011-11-20,16818,8577,8241,11
2011-11-21,20492,10451,10041,11
2011-11-22,18198,9281,8917,11
2011-11-23,15283,7794,7489,11
2011-11-24,20383,10395,9988,11
2011-11-25,18000,9180,8820,11
2011-11-26,19839,10118,9721,11
2011-11-27,18407,9388,9019,11
2011-12-28,16744,8539,8205,12
2011-12-01,18987,9683,9304,12
2011-12-02,19237,9811,9426,12
2011-12-03,19485,9937,9548,12
2011-12-04,17725,9040,8685,12
2011-12-05,20550,10481,10069,12
2011-12-06,19508,9949,9559,12
2011-12-07,17960,9160,8800,12
2011-12-08,17698,9026,8672,12
2011-12-09,15427,7868,7559,12
2011-12-10,20469,10439,10030,12
2011-12-11,16791,8563,8228,12
2011-12-12,18913,9646,9267,12
2011-12-13,19208,9796,9412,12
2011-12-14,16318,8322,7996,12
2011-12-15,20240,10322,9918,12
2011-12-16,16146,8234,7912,12
2011-12-17,17249,8797,8452,12
2011-12-18,17742,9048,8694,12
2011-12-19,15665,7989,7676,12
2011-12-20,20596,10504,10092,12
2011-12-21,18287,9326,8961,12
2011-12-22,16138,8230,7908,12
2011-12-23,15612,7962,7650,12
2011-12-24,20189,10296,9893,12
2011-12-25,18727,9551,9176,12
2011-12-26,20361,10384,9977,12
2011-12-27,17044,8692,8352,12
2011-12-28,16378,8353,8025,12
2011-12-01,19440,9914,9526,12
2012-01-01,14497,7393,7104,1
2012-01-02,16147,8235,7912,1
2012-01-03,16114,8218,7896,1
2012-01-04,15692,8003,7689,1
2012-01-05,14375,7331,7044,1
2012-01-06,18297,9331,8966,1
2012-01-07,18373,9370,9003,1
2012-01-08,17083,8712,8371,1
2012-01-09,16056,8189,7867,1
2012-01-10,14092,7187,6905,1
2012-01-11,16534,8432,8102,1
2012-01-12,16931,8635,8296,1
2012-01-13,16602,8467,8135,1
2012-01-14,18443,9406,9037,1
2012-01-15,18377,9372,9005,1
2012-01-16,15247,7776,7471,1
2012-01-17,15995,8157,7838,1
2012-01-18,16461,8395,8066,1
2012-01-19,15969,8144,7825,1
2012-01-20,14847,7572,7275,1
2012-01-21,16513,8422,8091,1
2012-01-22,18753,9564,9189,1
2012-01-23,16427,8378,8049,1
2012-01-24,15310,7808,7502,1
2012-01-25,14302,7294,7008,1
2012-01-26,14185,7234,6951,1
2012-01-27,17182,8763,8419,1
2012-01-28,13895,7086,6809,1
2012-01-01,15254,7780,7474,1
2012-01-02,15971,8145,7826,1
2012-01-03,16516,8423,8093,1
2012-02-04,14879,7588,7291,2
2012-02-05,12577,6414,6163,2
2012-02-06,13321,6794,6527,2
2012-02-07,13747,7011,6736,2
2012-02-08,13418,6843,6575,2
2012-02-09,12478,6364,6114,2
2012-02-10,15014,7657,7357,2
2012-02-11,14421,7355,7066,2
2012-02-12,15454,7882,7572,2
2012-02-13,12326,6286,6040,2
2012-02-14,13574,6923,6651,2
2012-02-15,14607,7450,7157,2
2012-02-16,13813,7045,6768,2
2012-02-17,15051,7676,7375,2
2012-02-18,13307,6787,6520,2
2012-02-19,15191,7747,7444,2
2012-02-20,14242,7263,6979,2
2012-02-21,14587,7439,7148,2
2012-02-22,14893,7595,7298,2
2012-02-23,14700,7497,7203,2
2012-02-24,14688,7491,7197,2
2012-02-25,11845,6041,5804,2
2012-02-26,14785,7540,7245,2
2012-02-27,12722,6488,6234,2
2012-02-28,11700,5967,5733,2
2012-02-01,13175,6719,6456,2
2012-02-02,15081,7691,7390,2
2012-02-03,14642,7467,7175,2
2012-02-04,12974,6617,6357,2
2012-02-05,15152,7728,7424,2
2012-03-06,19449,9919,9530,3
2012-03-07,17563,8957,8606,3
2012-03-08,19330,9858,9472,3
2012-03-09,19640,10016,9624,3
2012-03-10,20032,10216,9816,3
2012-03-11,16982,8661,8321,3
2012-03-12,21387,10907,10480,3
2012-03-13,17631,8992,8639,3
2012-03-14,21186,10805,10381,3
2012-03-15,18125,9244,8881,3
2012-03-16,19992,10196,9796,3
2012-03-17,16944,8641,8303,3
2012-03-18,16312,8319,7993,3
2012-03-19,21654,11044,10610,3
2012-03-20,21593,11012,10581,3
2012-03-21,17383,8865,8518,3
2012-03-22,17374,8861,8513,3
2012-03-23,19766,10081,9685,3
2012-03-24,20884,10651,10233,3
2012-03-25,19982,10191,9791,3
2012-03-26,18052,9207,8845,3
2012-03-27,21483,10956,10527,3
2012-03-28,17625,8989,8636,3
2012-03-01,20728,10571,10157,3
2012-03-02,19634,10013,9621,3
2012-03-03,16583,8457,8126,3
2012-03-04,20169,10286,9883,3
2012-03-05,20494,10452,10042,3
2012-03-06,16859,8598,8261,3
2012-03-07,21647,11040,10607,3
2012-03-08,16496,8413,8083,3
2012-04-09,24746,12620,12126,4
2012-04-10,21432,10930,10502,4
2012-04-11,24465,12477,11988,4
2012-04-12,22236,11340,10896,4
2012-04-13,23784,12130,11654,4
2012-04-14,21724,11079,10645,4
2012-04-15,24186,12335,11851,4
2012-04-16,21278,10852,10426,4
2012-04-17,19863,10130,9733,4
2012-04-18,23777,12126,11651,4
2012-04-19,22638,11545,11093,4
2012-04-20,18577,9474,9103,4
2012-04-21,24573,12532,12041,4
2012-04-22,23404,11936,11468,4
2012-04-23,21311,10869,10442,4
2012-04-24,20718,10566,10152,4
2012-04-25,18802,9589,9213,4
2012-04-26,24897,12697,12200,4
2012-04-27,21764,11100,10664,4
2012-04-28,22825,11641,11184,4
2012-04-01,24807,12652,12155,4
2012-04-02,20122,10262,9860,4
2012-04-03,20360,10384,9976,4
2012-04-04,25036,12768,12268,4
2012-04-05,24026,12253,11773,4
2012-04-06,20391,10399,9992,4
2012-04-07,19938,10168,9770,4
2012-04-08,21791,11113,10678,4
2012-04-09,20587,10499,10088,4
2012-04-10,21207,10816,10391,4
2012-05-10,20803,10610,10193,5
2012-05-11,23060,11761,11299,5
2012-05-12,20101,10252,9849,5
2012-05-13,19199,9791,9408,5
2012-05-14,22195,11319,10876,5
2012-05-15,23312,11889,11423,5
2012-05-16,18985,9682,9303,5
2012-05-17,19562,9977,9585,5
2012-05-18,21131,10777,10354,5
2012-05-19,18663,9518,9145,5
2012-05-20,19199,9791,9408,5
2012-05-21,21901,11170,10731,5
2012-05-22,24477,12483,11994,5
2012-05-23,23214,11839,11375,5
2012-05-24,20953,10686,10267,5
2012-05-25,23719,12097,11622,5
2012-05-26,19697,10045,9652,5
2012-05-27,19272,9829,9443,5
2012-04-30,19678,10036,9642,5
2012-05-01,22442,11445,10997,5
2012-05-02,23218,11841,11377,5
2012-05-03,22096,11269,10827,5
2012-05-04,23494,11982,11512,5
2012-05-05,21597,11014,10583,5
2012-05-06,21091,10756,10335,5
2012-05-07,21406,10917,10489,5
2012-05-08,18642,9507,9135,5
2012-05-09,21277,10851,10426,5
2012-05-10,21832,11134,10698,5
2012-05-11,24047,12264,11783,5
2012-05-12,21008,10714,10294,5
2012-06-13,17528,8939,8589,6
2012-06-14,20791,10603,10188,6
2012-06-15,18589,9480,9109,6
2012-06-16,17209,8777,8432,6
2012-06-17,17879,9118,8761,6
2012-06-18,16943,8641,8302,6
2012-06-19,20407,10408,9999,6
2012-06-20,18995,9687,9308,6
2012-06-21,16490,8410,8080,6
2012-06-22,16762,8549,8213,6
2012-06-23,17724,9039,8685,6
2012-06-24,19350,9869,9481,6
2012-06-25,17697,9025,8672,6
2012-06-26,17705,9030,8675,6
2012-06-27,17370,8859,8511,6
2012-05-31,18757,9566,9191,6
2012-06-01,20188,10296,9892,6
2012-06-02,20570,10491,10079,6
2012-06-03,18762,9569,9193,6
2012-06-04,17804,9080,8724,6
2012-06-05,16467,8398,8069,6
2012-06-06,21392,10910,10482,6
2012-06-07,16689,8511,8178,6
2012-06-08,20581,10496,10085,6
2012-06-09,21920,11179,10741,6
2012-06-10,21790,11113,10677,6
2012-06-11,16796,8566,8230,6
2012-06-12,20044,10222,9822,6
2012-06-13,19805,10101,9704,6
2012-06-14,20389,10398,9991,6
2012-07-15,33562,17117,16445,7
2012-07-16,34502,17596,16906,7
2012-07-17,35356,18032,17324,7
2012-07-18,35217,17961,17256,7
2012-07-19,35531,18121,17410,7
2012-07-21,35600,18156,17444,7
2012-07-22,36220,18472,17748,7
2012-07-23,32451,16550,15901,7
2012-07-24,29712,15153,14559,7
2012-07-25,30486,15548,14938,7
2012-07-26,35462,18086,17376,7
2012-07-27,35840,18278,17562,7
2012-07-28,30862,15740,15122,7
2012-06-30,36909,18824,18085,7
2012-07-01,31071,15846,15225,7
2012-07-02,34624,17658,16966,7
2012-07-03,34578,17635,16943,7
2012-07-04,32138,16390,15748,7
2012-07-05,30719,15667,15052,7
2012-07-06,35751,18233,17518,7
2012-07-07,35423,18066,17357,7
2012-07-08,32725,16690,16035,7
2012-07-09,32033,16337,15696,7
2012-07-10,33796,17236,16560,7
2012-07-11,28257,14411,13846,7
2012-07-12,33907,17293,16614,7
2012-07-13,31091,15856,15235,7
2012-07-14,30180,15392,14788,7
2012-07-15,33834,17255,16579,7
2012-07-16,35489,18099,17390,7
2012-08-18,42687,21770,20917,8
2012-08-19,33197,16930,16267,8
2012-08-20,35461,18085,17376,8
2012-08-20,42008,21424,20584,8
2012-08-21,34984,17842,17142,8
2012-08-22,41269,21047,20222,8
2012-08-23,38078,19420,18658,8
2012-08-24,38897,19837,19060,8
2012-08-25,42107,21475,20632,8
2012-08-26,34915,17807,17108,8
2012-08-27,37609,19181,18428,8
2012-08-01,39147,19965,19182,8
2012-08-02,43300,22083,21217,8
2012-08-03,36697,18715,17982,8
2012-08-04,34000,17340,16660,8
2012-08-05,40016,20408,19608,8
2012-08-06,34568,17630,16938,8
2012-08-07,42420,21634,20786,8
2012-08-08,40517,20664,19853,8
2012-08-09,42165,21504,20661,8
2012-08-10,37986,19373,18613,8
2012-08-11,40595,20703,19892,8
2012-08-12,38815,19796,19019,8
2012-08-13,38443,19606,18837,8
2012-08-14,40708,20761,19947,8
2012-08-15,39833,20315,19518,8
2012-08-16,38302,19534,18768,8
2012-08-17,40875,20846,20029,8
2012-08-18,41372,21100,20272,8
2012-08-19,38547,19659,18888,8
2012-08-20,38967,19873,19094,8
2012-09-20,23495,11982,11513,9
2012-09-21,30764,15690,15074,9
2012-09-22,27358,13953,13405,9
2012-09-23,31136,15879,15257,9
2012-09-24,29645,15119,14526,9
2012-09-25,30411,15510,14901,9
2012-09-26,30689,15651,15038,9
2012-09-27,25642,13077,12565,9
2012-08-31,25153,12828,12325,9
2012-09-01,27644,14098,13546,9
2012-09-02,26456,13493,12963,9
2012-09-03,27171,13857,13314,9
2012-09-04,28042,14301,13741,9
2012-09-05,27889,14223,13666,9
2012-09-06,24564,12528,12036,9
2012-09-07,28501,14536,13965,9
2012-09-08,29941,15270,14671,9
2012-09-09,27719,14137,13582,9
2012-09-10,29457,15023,14434,9
2012-09-11,29315,14951,14364,9
2012-09-12,27017,13779,13238,9
2012-09-13,28524,14547,13977,9
2012-09-14,27494,14022,13472,9
2012-09-15,25442,12975,12467,9
2012-09-16,27800,14178,13622,9
2012-09-17,25151,12827,12324,9
2012-09-18,24086,12284,11802,9
2012-09-19,28245,14405,13840,9
2012-09-20,24275,12380,11895,9
2012-09-21,28596,14584,14012,9
2012-10-23,21505,10968,10537,10
2012-10-24,22832,11644,11188,10
2012-10-25,27911,14235,13676,10
2012-10-26,25061,12781,12280,10
2012-10-27,23735,12105,11630,10
2012-10-28,25377,12942,12435,10
2012-10-01,24614,12553,12061,10
2012-10-02,26225,13375,12850,10
2012-10-03,23548,12009,11539,10
2012-10-04,22994,11727,11267,10
2012-10-05,21949,11194,10755,10
2012-10-06,25242,12873,12369,10
2012-10-07,24457,12473,11984,10
2012-10-08,26277,13401,12876,10
2012-10-09,26356,13442,12914,10
2012-10-10,26932,13735,13197,10
2012-10-11,26404,13466,12938,10
2012-10-12,24362,12425,11937,10
2012-10-13,24568,12530,12038,10
2012-10-14,24743,12619,12124,10
2012-10-15,24518,12504,12014,10
2012-10-16,24262,12374,11888,10
2012-10-17,23571,12021,11550,10
2012-10-18,24321,12404,11917,10
2012-10-19,26886,13712,13174,10
2012-10-20,23632,12052,11580,10
2012-10-21,22364,11406,10958,10
2012-10-22,24844,12670,12174,10
2012-10-23,23717,12096,11621,10
2012-10-24,22425,11437,10988,10
2012-10-25,27278,13912,13366,10
2012-11-26,19876,10137,9739,11
2012-11-27,20528,10469,10059,11
2012-11-28,21433,10931,10502,11
2012-11-01,16922,8630,8292,11
2012-11-02,19914,10156,9758,11
2012-11-03,19952,10176,9776,11
2012-11-04,21531,10981,10550,11
2012-11-05,19538,9964,9574,11
2012-11-06,16705,8520,8185,11
2012-11-07,19155,9769,9386,11
2012-11-08,19852,10125,9727,11
2012-11-09,17761,9058,8703,11
2012-11-10,16441,8385,8056,11
2012-11-11,18471,9420,9051,11
2012-11-12,17721,9038,8683,11
2012-11-13,17169,8756,8413,11
2012-11-14,17674,9014,8660,11
2012-11-15,16608,8470,8138,11
2012-11-16,16233,8279,7954,11
2012-11-17,19453,9921,9532,11
2012-11-18,20680,10547,10133,11
2012-11-19,16584,8458,8126,11
2012-11-20,20222,10313,9909,11
2012-11-21,21799,11117,10682,11
2012-11-22,21069,10745,10324,11
2012-11-23,21708,11071,10637,11
2012-11-24,20081,10241,9840,11
2012-11-25,18428,9398,9030,11
2012-11-26,17771,9063,8708,11
2012-11-27,16542,8436,8106,11
2012-12-28,21181,10802,10379,12
2012-12-01,16988,8664,8324,12
2012-12-02,20147,10275,9872,12
2012-12-03,21071,10746,10325,12
2012-12-04,18689,9531,9158,12
2012-12-05,19474,9932,9542,12
2012-12-06,20524,10467,10057,12
2012-12-07,19042,9711,9331,12
2012-12-08,19073,9727,9346,12
2012-12-09,21655,11044,10611,12
2012-12-10,18076,9219,8857,12
2012-12-11,18164,9264,8900,12
2012-12-12,20412,10410,10002,12
2012-12-13,19183,9783,9400,12
2012-12-14,19920,10159,9761,12
2012-12-15,17983,9171,8812,12
2012-12-16,21013,10717,10296,12
2012-12-17,17046,8693,8353,12
2012-12-18,21700,11067,10633,12
2012-12-19,17038,8689,8349,12
2012-12-20,18618,9495,9123,12
2012-12-21,20406,10407,9999,12
2012-12-22,19240,9812,9428,12
2012-12-23,21618,11025,10593,12
2012-12-24,18479,9424,9055,12
2012-12-25,17677,9015,8662,12
2012-12-26,21346,10886,10460,12
2012-12-27,20608,10510,10098,12
2012-12-28,19887,10142,9745,12
2012-12-01,21244,10834,10410,12
2012-12-02,16332,8329,8003,12
2013-01-01,15329,7818,7511,1
2013-01-02,17520,8935,8585,1
2013-01-03,15686,8000,7686,1
2013-01-04,19583,9987,9596,1
2013-01-05,17886,9122,8764,1
2013-01-06,18896,9637,9259,1
2013-01-07,16668,8501,8167,1
2013-01-08,18660,9517,9143,1
2013-01-09,16541,8436,8105,1
2013-01-10,17241,8793,8448,1
2013-01-11,18161,9262,8899,1
2013-01-12,18495,9432,9063,1
2013-01-13,18924,9651,9273,1
2013-01-14,17441,8895,8546,1
2013-01-15,19075,9728,9347,1
2013-01-16,19935,10167,9768,1
2013-01-17,16860,8599,8261,1
2013-01-18,18525,9448,9077,1
2013-01-19,19390,9889,9501,1
2013-01-20,17221,8783,8438,1
2013-01-21,19453,9921,9532,1
2013-01-22,15000,7650,7350,1
2013-01-23,20001,10201,9800,1
2013-01-24,19811,10104,9707,1
2013-01-25,16668,8501,8167,1
2013-01-26,15858,8088,7770,1
2013-01-27,18263,9314,8949,1
2013-01-28,17533,8942,8591,1
2013-01-01,17654,9004,8650,1
2013-01-02,16923,8631,8292,1
2013-01-03,17439,8894,8545,1
2013-02-04,13366,6817,6549,2
2013-02-05,15162,7733,7429,2
2013-02-06,13813,7045,6768,2
2013-02-07,14425,7357,7068,2
2013-02-08,13409,6839,6570,2
2013-02-09,13080,6671,6409,2
2013-02-10,16480,8405,8075,2
2013-02-11,14671,7482,7189,2
2013-02-12,14144,7213,6931,2
2013-02-13,13574,6923,6651,2
2013-02-14,14977,7638,7339,2
2013-02-15,15367,7837,7530,2
2013-02-16,14323,7305,7018,2
2013-02-17,14087,7184,6903,2
2013-02-18,15204,7754,7450,2
2013-02-19,16148,8235,7913,2
2013-02-20,15062,7682,7380,2
2013-02-21,14816,7556,7260,2
2013-02-22,14336,7311,7025,2
2013-02-23,16660,8497,8163,2
2013-02-24,12458,6354,6104,2
2013-02-25,13092,6677,6415,2
2013-02-26,14803,7550,7253,2
2013-02-27,14429,7359,7070,2
2013-02-28,14938,7618,7320,2
2013-02-01,15132,7717,7415,2
2013-02-02,13090,6676,6414,2
2013-02-03,14803,7550,7253,2
2013-02-04,15922,8120,7802,2
2013-02-05,14692,7493,7199,2
2013-03-06,18223,9294,8929,3
2013-03-07,21519,10975,10544,3
2013-03-08,23255,11860,11395,3
2013-03-09,22687,11570,11117,3
2013-03-10,18809,9593,9216,3
2013-03-11,22675,11564,11111,3
2013-03-12,20121,10262,9859,3
2013-03-13,21475,10952,10523,3
2013-03-14,21097,10759,10338,3
2013-03-15,20956,10688,10268,3
2013-03-16,17580,8966,8614,3
2013-03-17,19101,9742,9359,3
2013-03-18,20288,10347,9941,3
2013-03-19,17378,8863,8515,3
2013-03-20,20831,10624,10207,3
2013-03-21,21898,11168,10730,3
2013-03-22,23368,11918,11450,3
2013-03-23,21479,10954,10525,3
2013-03-24,20904,10661,10243,3
2013-03-25,17663,9008,8655,3
2013-03-26,18448,9408,9040,3
2013-03-27,21052,10737,10315,3
2013-03-28,22168,11306,10862,3
2013-03-01,19975,10187,9788,3
2013-03-02,19061,9721,9340,3
2013-03-03,22616,11534,11082,3
2013-03-04,19034,9707,9327,3
2013-03-05,19640,10016,9624,3
2013-03-06,17933,9146,8787,3
2013-03-07,23435,11952,11483,3
2013-03-08,17909,9134,8775,3
2013-04-09,21294,10860,10434,4
2013-04-10,23451,11960,11491,4
2013-04-11,20069,10235,9834,4
2013-04-12,20700,10557,10143,4
2013-04-13,21453,10941,10512,4
2013-04-14,21588,11010,10578,4
2013-04-15,23818,12147,11671,4
2013-04-16,20215,10310,9905,4
2013-04-17,22822,11639,11183,4
2013-04-18,24464,12477,11987,4
2013-04-19,25204,12854,12350,4
2013-04-20,21874,11156,10718,4
2013-04-21,21695,11064,10631,4
2013-04-22,24456,12473,11983,4
2013-04-23,20500,10455,10045,4
2013-04-24,25468,12989,12479,4
2013-04-25,24706,12600,12106,4
2013-04-26,24155,12319,11836,4
2013-04-27,26317,13422,12895,4
2013-04-28,25431,12970,12461,4
2013-04-01,24491,12490,12001,4
2013-04-02,24926,12712,12214,4
2013-04-03,21124,10773,10351,4
2013-04-04,25784,13150,12634,4
2013-04-05,19875,10136,9739,4
2013-04-06,20115,10259,9856,4
2013-04-07,26848,13692,13156,4
2013-04-08,22736,11595,11141,4
2013-04-09,20172,10288,9884,4
2013-04-10,25620,13066,12554,4
2013-05-10,24240,12362,11878,5
2013-05-11,24717,12606,12111,5
2013-05-12,22800,11628,11172,5
2013-05-13,26678,13606,13072,5
2013-05-14,21184,10804,10380,5
2013-05-15,25580,13046,12534,5
2013-05-16,23594,12033,11561,5
2013-05-17,26769,13652,13117,5
2013-05-18,22038,11239,10799,5
2013-05-19,24007,12244,11763,5
2013-05-20,26012,13266,12746,5
2013-05-21,26089,13305,12784,5
2013-05-22,21308,10867,10441,5
2013-05-23,23594,12033,11561,5
2013-05-24,20657,10535,10122,5
2013-05-25,26133,13328,12805,5
2013-05-26,21014,10717,10297,5
2013-05-27,20534,10472,10062,5
2013-04-30,25041,12771,12270,5
2013-05-01,23201,11833,11368,5
2013-05-02,26479,13504,12975,5
2013-05-03,26685,13609,13076,5
2013-05-04,21501,10966,10535,5
2013-05-05,21930,11184,10746,5
2013-05-06,25401,12955,12446,5
2013-05-07,22489,11469,11020,5
2013-05-08,22285,11365,10920,5
2013-05-09,26305,13416,12889,5
2013-05-10,24675,12584,12091,5
2013-05-11,19949,10174,9775,5
2013-05-12,26623,13578,13045,5
2013-06-13,18836,9606,9230,6
2013-06-14,23454,11962,11492,6
2013-06-15,19451,9920,9531,6
2013-06-16,18353,9360,8993,6
2013-06-17,21410,10919,10491,6
2013-06-18,18581,9476,9105,6
2013-06-19,18587,9479,9108,6
2013-06-20,17428,8888,8540,6
2013-06-21,19343,9865,9478,6
2013-06-22,23095,11778,11317,6
2013-06-23,19688,10041,9647,6
2013-06-24,21746,11090,10656,6
2013-06-25,19514,9952,9562,6
2013-06-26,23340,11903,11437,6
2013-06-27,22902,11680,11222,6
2013-05-31,20812,10614,10198,6
2013-06-01,21076,10749,10327,6
2013-06-02,18239,9302,8937,6
2013-06-03,21379,10903,10476,6
2013-06-04,20380,10394,9986,6
2013-06-05,17440,8894,8546,6
2013-06-06,20031,10216,9815,6
2013-06-07,18454,9412,9042,6
2013-06-08,22200,11322,10878,6
2013-06-09,21990,11215,10775,6
2013-06-10,22860,11659,11201,6
2013-06-11,20952,10686,10266,6
2013-06-12,21250,10838,10412,6
2013-06-13,23076,11769,11307,6
2013-06-14,18566,9469,9097,6
2013-07-16,34026,17353,16673,7
2013-07-17,32789,16722,16067,7
2013-07-18,38958,19869,19089,7
2013-07-19,34870,17784,17086,7
2013-07-20,39909,20354,19555,7
2013-07-21,39534,20162,19372,7
2013-07-22,39115,19949,19166,7
2013-07-23,35889,18303,17586,7
2013-07-24,36890,18814,18076,7
2013-07-25,38626,19699,18927,7
2013-07-26,33094,16878,16216,7
2013-07-27,32968,16814,16154,7
2013-07-28,37593,19172,18421,7
2013-06-30,33103,16883,16220,7
2013-07-01,32546,16598,15948,7
2013-07-02,30400,15504,14896,7
2013-07-03,31414,16021,15393,7
2013-07-04,36071,18396,17675,7
2013-07-05,31884,16261,15623,7
2013-07-06,35459,18084,17375,7
2013-07-08,32082,16362,15720,7
2013-07-09,39491,20140,19351,7
2013-07-10,32254,16450,15804,7
2013-07-11,34256,17471,16785,7
2013-07-12,35336,18021,17315,7
2013-07-13,32512,16581,15931,7
2013-07-14,31850,16244,15606,7
2013-07-15,31864,16251,15613,7
2013-07-16,35961,18340,17621,7
2013-07-17,31961,16300,15661,7
2013-08-17,38673,19723,18950,8
2013-08-18,38534,19652,18882,8
2013-08-19,46412,23670,22742,8
2013-08-20,42589,21720,20869,8
2013-08-21,43377,22122,21255,8
2013-08-22,41399,21113,20286,8
2013-08-23,46670,23802,22868,8
2013-08-24,34877,17787,17090,8
2013-08-25,45495,23202,22293,8
2013-08-26,43242,22053,21189,8
2013-08-27,45494,23202,22292,8
2013-08-01,40899,20858,20041,8
2013-08-02,44071,22476,21595,8
2013-08-03,40577,20694,19883,8
2013-08-04,46962,23951,23011,8
2013-08-05,38813,19795,19018,8
2013-08-06,45205,23055,22150,8
2013-08-07,35168,17936,17232,8
2013-08-08,38629,19701,18928,8
2013-08-09,46442,23685,22757,8
2013-08-10,46136,23529,22607,8
2013-08-10,37788,19272,18516,8
2013-08-11,46252,23589,22663,8
2013-08-12,46154,23539,22615,8
2013-08-13,35386,18047,17339,8
2013-08-14,38312,19539,18773,8
2013-08-15,42420,21634,20786,8
2013-08-16,35281,17993,17288,8
2013-08-17,41038,20929,20109,8
2013-08-18,41317,21072,20245,8
2013-08-19,37187,18965,18222,8
2013-09-20,25205,12855,12350,9
2013-09-21,30311,15459,14852,9
2013-09-22,28650,14612,14038,9
2013-09-23,31464,16047,15417,9
2013-09-24,29985,15292,14693,9
2013-09-25,28478,14524,13954,9
2013-09-26,32870,16764,16106,9
2013-09-27,31250,15938,15312,9
2013-08-31,26176,13350,12826,9
2013-09-01,31711,16173,15538,9
2013-09-02,30055,15328,14727,9
2013-09-03,33308,16987,16321,9
2013-09-04,29366,14977,14389,9
2013-09-05,25558,13035,12523,9
2013-09-06,30299,15452,14847,9
2013-09-07,29532,15061,14471,9
2013-09-08,25069,12785,12284,9
2013-09-09,32968,16814,16154,9
2013-09-10,26121,13322,12799,9
2013-09-11,28238,14401,13837,9
2013-09-12,25859,13188,12671,9
2013-09-13,31602,16117,15485,9
2013-09-14,32698,16676,16022,9
2013-09-15,31133,15878,15255,9
2013-09-16,30667,15640,15027,9
2013-09-17,30723,15669,15054,9
2013-09-18,25438,12973,12465,9
2013-09-19,28857,14717,14140,9
2013-09-20,30711,15663,15048,9
2013-09-21,29576,15084,14492,9
2013-10-22,26951,13745,13206,10
2013-10-23,23220,11842,11378,10
2013-10-24,27434,13991,13443,10
2013-10-25,28516,14543,13973,10
2013-10-26,26885,13711,13174,10
2013-10-28,29171,14877,14294,10
2013-09-30,24766,12631,12135,10
2013-10-01,29569,15080,14489,10
2013-10-02,26429,13479,12950,10
2013-10-03,24854,12676,12178,10
2013-10-04,26688,13611,13077,10
2013-10-05,30118,15360,14758,10
2013-10-06,29572,15082,14490,10
2013-10-07,27058,13800,13258,10
2013-10-08,25867,13192,12675,10
2013-10-09,22969,11714,11255,10
2013-10-10,25502,13006,12496,10
2013-10-11,27628,14090,13538,10
2013-10-12,29904,15251,14653,10
2013-10-13,22776,11616,11160,10
2013-10-14,28451,14510,13941,10
2013-10-15,24349,12418,11931,10
2013-10-16,27975,14267,13708,10
2013-10-17,25010,12755,12255,10
2013-10-18,28328,14447,13881,10
2013-10-19,24837,12667,12170,10
2013-10-20,24631,12562,12069,10
2013-10-21,28242,14403,13839,10
2013-10-22,24125,12304,11821,10
2013-10-23,27325,13936,13389,10
2013-10-24,26963,13751,13212,10
2013-11-26,23343,11905,11438,11
2013-11-27,17844,9100,8744,11
2013-11-28,19561,9976,9585,11
2013-11-01,20009,10205,9804,11
2013-11-02,21316,10871,10445,11
2013-11-03,20181,10292,9889,11
2013-11-04,20776,10596,10180,11
2013-11-05,19356,9872,9484,11
2013-11-06,17470,8910,8560,11
2013-11-07,20889,10653,10236,11
2013-11-08,22840,11648,11192,11
2013-11-09,21165,10794,10371,11
2013-11-10,21705,11070,10635,11
2013-11-11,19441,9915,9526,11
2013-11-12,18754,9565,9189,11
2013-11-13,22214,11329,10885,11
2013-11-14,19187,9785,9402,11
2013-11-15,21116,10769,10347,11
2013-11-16,17450,8900,8550,11
2013-11-17,21291,10858,10433,11
2013-11-18,18846,9611,9235,11
2013-11-19,20607,10510,10097,11
2013-11-20,22605,11529,11076,11
2013-11-21,21930,11184,10746,11
2013-11-22,17477,8913,8564,11
2013-11-23,19844,10120,9724,11
2013-11-24,18357,9362,8995,11
2013-11-25,19146,9764,9382,11
2013-11-26,17855,9106,8749,11
2013-11-27,18344,9355,8989,11
2013-12-28,18455,9412,9043,12
2013-12-01,20988,10704,10284,12
2013-12-02,23263,11864,11399,12
2013-12-03,21752,11094,10658,12
2013-12-04,22764,11610,11154,12
2013-12-05,23214,11839,11375,12
2013-12-06,19507,9949,9558,12
2013-12-07,19935,10167,9768,12
2013-12-08,19915,10157,9758,12
2013-12-09,17577,8964,8613,12
2013-12-10,20233,10319,9914,12
2013-12-11,18991,9685,9306,12
2013-12-12,19993,10196,9797,12
2013-12-13,22329,11388,10941,12
2013-12-14,22120,11281,10839,12
2013-12-15,22807,11632,11175,12
2013-12-16,20747,10581,10166,12
2013-12-17,23045,11753,11292,12
2013-12-18,18229,9297,8932,12
2013-12-19,22280,11363,10917,12
2013-12-20,20798,10607,10191,12
2013-12-21,22680,11567,11113,12
2013-12-22,20267,10336,9931,12
2013-12-23,22515,11483,11032,12
2013-12-24,17599,8975,8624,12
2013-12-25,19794,10095,9699,12
2013-12-26,22050,11246,10804,12
2013-12-27,17604,8978,8626,12
2013-12-28,20715,10565,10150,12
2013-12-01,17880,9119,8761,12
2014-01-01,17970,9165,8805,1
2014-01-02,19934,10166,9768,1
2014-01-03,19886,10142,9744,1
2014-01-04,17061,8701,8360,1
2014-01-05,19977,10188,9789,1
2014-01-06,16779,8557,8222,1
2014-01-07,18410,9389,9021,1
2014-01-08,15813,8065,7748,1
2014-01-09,17585,8968,8617,1
2014-01-10,20017,10209,9808,1
2014-01-11,16842,8589,8253,1
2014-01-12,18350,9359,8991,1
2014-01-13,20261,10333,9928,1
2014-01-14,18588,9480,9108,1
2014-01-15,15921,8120,7801,1
2014-01-16,20734,10574,10160,1
2014-01-17,17295,8820,8475,1
2014-01-18,17843,9100,8743,1
2014-01-19,15886,8102,7784,1
2014-01-20,20629,10521,10108,1
2014-01-21,17976,9168,8808,1
2014-01-22,16102,8212,7890,1
2014-01-23,20773,10594,10179,1
2014-01-24,18288,9327,8961,1
2014-01-25,20043,10222,9821,1
2014-01-26,20987,10703,10284,1
2014-01-27,19221,9803,9418,1
2014-01-28,15627,7970,7657,1
2014-01-01,19015,9698,9317,1
2014-01-02,19314,9850,9464,1
2014-01-03,18862,9620,9242,1
2014-02-04,16289,8307,7982,2
2014-02-05,16945,8642,8303,2
2014-02-06,13386,6827,6559,2
2014-02-07,15015,7658,7357,2
2014-02-08,16189,8256,7933,2
2014-02-09,14352,7320,7032,2
2014-02-10,13996,7138,6858,2
2014-02-11,13185,6724,6461,2
2014-02-12,13353,6810,6543,2
2014-02-13,13296,6781,6515,2
2014-02-14,14850,7574,7276,2
2014-02-15,15780,8048,7732,2
2014-02-16,15420,7864,7556,2
2014-02-17,14003,7142,6861,2
2014-02-18,14238,7261,6977,2
2014-02-19,15865,8091,7774,2
2014-02-20,15412,7860,7552,2
2014-02-21,13207,6736,6471,2
2014-02-22,16521,8426,8095,2
2014-02-23,16199,8261,7938,2
2014-02-24,13049,6655,6394,2
2014-02-25,13666,6970,6696,2
2014-02-26,14634,7463,7171,2
2014-02-27,15634,7973,7661,2
2014-02-28,15074,7688,7386,2
2014-02-01,14995,7647,7348,2
2014-02-02,16464,8397,8067,2
2014-02-03,14595,7443,7152,2
2014-02-04,17184,8764,8420,2
2014-02-05,14990,7645,7345,2
2014-03-06,23907,12193,11714,3
2014-03-07,21950,11195,10755,3
2014-03-08,21133,10778,10355,3
2014-03-09,18788,9582,9206,3
2014-03-10,24194,12339,11855,3
2014-03-11,20746,10580,10166,3
2014-03-12,18156,9260,8896,3
2014-03-13,20084,10243,9841,3
2014-03-14,23324,11895,11429,3
2014-03-15,19476,9933,9543,3
2014-03-16,23810,12143,11667,3
2014-03-17,21121,10772,10349,3
2014-03-18,23431,11950,11481,3
2014-03-19,19589,9990,9599,3
2014-03-20,20850,10634,10216,3
2014-03-21,18289,9327,8962,3
2014-03-22,20712,10563,10149,3
2014-03-23,20998,10709,10289,3
2014-03-24,19884,10141,9743,3
2014-03-25,21225,10825,10400,3
2014-03-26,23530,12000,11530,3
2014-03-27,22578,11515,11063,3
2014-03-28,19689,10041,9648,3
2014-03-01,24303,12395,11908,3
2014-03-02,22277,11361,10916,3
2014-03-03,23116,11789,11327,3
2014-03-04,19591,9991,9600,3
2014-03-05,18646,9509,9137,3
2014-03-06,23658,12066,11592,3
2014-03-07,20622,10517,10105,3
2014-03-08,19166,9775,9391,3
2014-04-08,22609,11531,11078,4
2014-04-09,25459,12984,12475,4
2014-04-10,25169,12836,12333,4
2014-04-11,21014,10717,10297,4
2014-04-12,25751,13133,12618,4
2014-04-13,23777,12126,11651,4
2014-04-14,27055,13798,13257,4
2014-04-15,26780,13658,13122,4
2014-04-16,27362,13955,13407,4
2014-04-17,24059,12270,11789,4
2014-04-18,21120,10771,10349,4
2014-04-19,27819,14188,13631,4
2014-04-20,21512,10971,10541,4
2014-04-21,26255,13390,12865,4
2014-04-22,27288,13917,13371,4
2014-04-23,22455,11452,11003,4
2014-04-24,21927,11183,10744,4
2014-04-25,24356,12422,11934,4
2014-04-26,27489,14019,13470,4
2014-04-27,24163,12323,11840,4
2014-03-31,25489,12999,12490,4
2014-04-01,22342,11394,10948,4
2014-04-02,22752,11604,11148,4
2014-04-03,22545,11498,11047,4
2014-04-04,23238,11851,11387,4
2014-04-05,21406,10917,10489,4
2014-04-06,23903,12191,11712,4
2014-04-07,23019,11740,11279,4
2014-04-08,27247,13896,13351,4
2014-04-09,21235,10830,10405,4
2014-05-10,22011,11226,10785,5
2014-05-11,20772,10594,10178,5
2014-05-12,24793,12644,12149,5
2014-05-13,25519,13015,12504,5
2014-05-14,23482,11976,11506,5
2014-05-15,27272,13909,13363,5
2014-05-16,27327,13937,13390,5
2014-05-17,23528,11999,11529,5
2014-05-18,26111,13317,12794,5
2014-05-19,24851,12674,12177,5
2014-05-20,24109,12296,11813,5
2014-05-21,26486,13508,12978,5
2014-05-22,22354,11401,10953,5
2014-05-23,25659,13086,12573,5
2014-05-24,23038,11749,11289,5
2014-05-25,23989,12234,11755,5
2014-05-26,22196,11320,10876,5
2014-05-27,24783,12639,12144,5
2014-04-30,23583,12027,11556,5
2014-05-01,22022,11231,10791,5
2014-05-02,25667,13090,12577,5
2014-05-03,21492,10961,10531,5
2014-05-04,20809,10613,10196,5
2014-05-05,27187,13865,13322,5
2014-05-06,26474,13502,12972,5
2014-05-07,25096,12799,12297,5
2014-05-08,21876,11157,10719,5
2014-05-09,27166,13855,13311,5
2014-05-10,21128,10775,10353,5
2014-05-11,26348,13437,12911,5
2014-05-12,23593,12032,11561,5
2014-06-13,18409,9389,9020,6
2014-06-14,20217,10311,9906,6
2014-06-15,20963,10691,10272,6
2014-06-16,18881,9629,9252,6
2014-06-17,20210,10307,9903,6
2014-06-18,20270,10338,9932,6
2014-06-19,22138,11290,10848,6
2014-06-20,20980,10700,10280,6
2014-06-21,21854,11146,10708,6
2014-06-22,19056,9719,9337,6
2014-06-23,20795,10605,10190,6
2014-06-24,19112,9747,9365,6
2014-06-25,22214,11329,10885,6
2014-06-26,19375,9881,9494,6
2014-06-27,22777,11616,11161,6
2014-05-31,18768,9572,9196,6
2014-06-01,22432,11440,10992,6
2014-06-02,20609,10511,10098,6
2014-06-03,22082,11262,10820,6
2014-06-04,19948,10173,9775,6
2014-06-05,19406,9897,9509,6
2014-06-06,21427,10928,10499,6
2014-06-07,20799,10607,10192,6
2014-06-08,23141,11802,11339,6
2014-06-09,21678,11056,10622,6
2014-06-10,22440,11444,10996,6
2014-06-11,24283,12384,11899,6
2014-06-12,19051,9716,9335,6
2014-06-13,23163,11813,11350,6
2014-06-14,20920,10669,10251,6
2014-07-16,31148,15885,15263,7
2014-07-17,34482,17586,16896,7
2014-07-18,32787,16721,16066,7
2014-07-19,38785,19780,19005,7
2014-07-20,40588,20700,19888,7
2014-07-21,31433,16031,15402,7
2014-07-22,39183,19983,19200,7
2014-07-23,35354,18031,17323,7
2014-07-24,39594,20193,19401,7
2014-07-25,40759,20787,19972,7
2014-07-26,35796,18256,17540,7
2014-07-27,37834,19295,18539,7
2014-07-28,31497,16063,15434,7
2014-07-01,32680,16667,16013,7
2014-07-02,41387,21107,20280,7
2014-07-03,40638,20725,19913,7
2014-07-04,31237,15931,15306,7
2014-07-05,39979,20389,19590,7
2014-07-06,36162,18443,17719,7
2014-07-07,31734,16184,15550,7
2014-07-08,36136,18429,17707,7
2014-07-09,38286,19526,18760,7
2014-07-10,40131,20467,19664,7
2014-07-11,37984,19372,18612,7
2014-07-12,36745,18740,18005,7
2014-07-13,34779,17737,17042,7
2014-07-14,38667,19720,18947,7
2014-07-15,41949,21394,20555,7
2014-07-16,40579,20695,19884,7
2014-07-17,40878,20848,20030,7
2014-08-17,46265,23595,22670,8
2014-08-18,49019,25000,24019,8
2014-08-19,46512,23721,22791,8
2014-08-20,48034,24497,23537,8
2014-08-21,44308,22597,21711,8
2014-08-22,46603,23768,22835,8
2014-08-23,36867,18802,18065,8
2014-08-24,41578,21205,20373,8
2014-08-25,37088,18915,18173,8
2014-08-26,47232,24088,23144,8
2014-08-27,45810,23363,22447,8
2014-08-01,39031,19906,19125,8
2014-08-02,44515,22703,21812,8
2014-08-02,44913,22906,22007,8
2014-08-03,44765,22830,21935,8
2014-08-04,37941,19350,18591,8
2014-08-05,48891,24934,23957,8
2014-08-06,38982,19881,19101,8
2014-08-07,41874,21356,20518,8
2014-08-08,48018,24489,23529,8
2014-08-09,39251,20018,19233,8
2014-08-10,47342,24144,23198,8
2014-08-11,48050,24506,23544,8
2014-08-12,42401,21625,20776,8
2014-08-13,41604,21218,20386,8
2014-08-14,37781,19268,18513,8
2014-08-15,39183,19983,19200,8
2014-08-16,49041,25011,24030,8
2014-08-17,39580,20186,19394,8
2014-08-18,45984,23452,22532,8
2014-08-19,43419,22144,21275,8
2014-09-20,28237,14401,13836,9
2014-09-21,26245,13385,12860,9
2014-09-22,31435,16032,15403,9
2014-09-23,29980,15290,14690,9
2014-09-24,30283,15444,14839,9
2014-09-25,32091,16366,15725,9
2014-09-26,27450,14000,13450,9
2014-09-27,31118,15870,15248,9
2014-08-31,34674,17684,16990,9
2014-09-01,31908,16273,15635,9
2014-09-02,27617,14085,13532,9
2014-09-03,34892,17795,17097,9
2014-09-04,28068,14315,13753,9
2014-09-05,29439,15014,14425,9
2014-09-06,34962,17831,17131,9
2014-09-07,28701,14638,14063,9
2014-09-08,33972,17326,16646,9
2014-09-09,32531,16591,15940,9
2014-09-10,27623,14088,13535,9
2014-09-11,32519,16585,15934,9
2014-09-12,30514,15562,14952,9
2014-09-13,33123,16893,16230,9
2014-09-14,34156,17420,16736,9
2014-09-15,31904,16271,15633,9
2014-09-16,30290,15448,14842,9
2014-09-17,34746,17720,17026,9
2014-09-18,33403,17036,16367,9
2014-09-19,27504,14027,13477,9
2014-09-20,34008,17344,16664,9
2014-09-21,30733,15674,15059,9
2014-10-22,23864,12171,11693,10
2014-10-23,27065,13803,13262,10
2014-10-24,28545,14558,13987,10
2014-10-25,31353,15990,15363,10
2014-10-27,26431,13480,12951,10
2014-10-28,23427,11948,11479,10
2014-09-30,26506,13518,12988,10
2014-10-01,29962,15281,14681,10
2014-10-02,23434,11951,11483,10
2014-10-03,28672,14623,14049,10
2014-10-04,25031,12766,12265,10
2014-10-05,31462,16046,15416,10
2014-10-06,28569,14570,13999,10
2014-10-07,27121,13832,13289,10
2014-10-08,30435,15522,14913,10
2014-10-09,28654,14614,14040,10
2014-10-10,31307,15967,15340,10
2014-10-11,26577,13554,13023,10
2014-10-12,26233,13379,12854,10
2014-10-13,29032,14806,14226,10
2014-10-14,26451,13490,12961,10
2014-10-15,28094,14328,13766,10
2014-10-16,24189,12336,11853,10
2014-10-17,30744,15679,15065,10
2014-10-18,31131,15877,15254,10
2014-10-19,25303,12905,12398,10
2014-10-20,28309,14438,13871,10
2014-10-21,26226,13375,12851,10
2014-10-22,28734,14654,14080,10
2014-10-23,29077,14829,14248,10
2014-10-24,26605,13569,13036,10
2014-11-26,24443,12466,11977,11
2014-11-27,20569,10490,10079,11
2014-11-28,20359,10383,9976,11
2014-11-01,19799,10097,9702,11
2014-11-02,23758,12117,11641,11
2014-11-03,20400,10404,9996,11
2014-11-04,20613,10513,10100,11
2014-11-05,21948,11193,10755,11
2014-11-06,21898,11168,10730,11
2014-11-07,22905,11682,11223,11
2014-11-08,20220,10312,9908,11
2014-11-09,23544,12007,11537,11
2014-11-10,21262,10844,10418,11
2014-11-11,22538,11494,11044,11
2014-11-12,24556,12524,12032,11
2014-11-13,22498,11474,11024,11
2014-11-14,18880,9629,9251,11
2014-11-15,18800,9588,9212,11
2014-11-16,24537,12514,12023,11
2014-11-17,18447,9408,9039,11
2014-11-18,19876,10137,9739,11
2014-11-19,24439,12464,11975,11
2014-11-20,22204,11324,10880,11
2014-11-21,22486,11468,11018,11
2014-11-22,22848,11652,11196,11
2014-11-23,19382,9885,9497,11
2014-11-24,21961,11200,10761,11
2014-11-25,18995,9687,9308,11
2014-11-26,19113,9748,9365,11
2014-11-27,20287,10346,9941,11
2014-12-28,22374,11411,10963,12
2014-12-01,23160,11812,11348,12
2014-12-02,21088,10755,10333,12
2014-12-03,21854,11146,10708,12
2014-12-04,23275,11870,11405,12
2014-12-05,23065,11763,11302,12
2014-12-06,22731,11593,11138,12
2014-12-07,19794,10095,9699,12
2014-12-08,20544,10477,10067,12
2014-12-09,19116,9749,9367,12
2014-12-10,20239,10322,9917,12
2014-12-11,18251,9308,8943,12
2014-12-12,20484,10447,10037,12
2014-12-13,20529,10470,10059,12
2014-12-14,20396,10402,9994,12
2014-12-15,23818,12147,11671,12
2014-12-16,23597,12034,11563,12
2014-12-17,19683,10038,9645,12
2014-12-18,22511,11481,11030,12
2014-12-19,22767,11611,11156,12
2014-12-20,19740,10067,9673,12
2014-12-21,24461,12475,11986,12
2014-12-22,22634,11543,11091,12
2014-12-23,20440,10424,10016,12
2014-12-24,18961,9670,9291,12
2014-12-25,23107,11785,11322,12
2014-12-26,19599,9995,9604,12
2014-12-27,24293,12389,11904,12
2014-12-28,19453,9921,9532,12
2014-12-01,23347,11907,11440,12
2015-01-01,19918,10158,9760,1
2015-01-02,19181,9782,9399,1
2015-01-03,19362,9875,9487,1
2015-01-04,21977,11208,10769,1
2015-01-05,19240,9812,9428,1
2015-01-06,17420,8884,8536,1
2015-01-07,19264,9825,9439,1
2015-01-08,20872,10645,10227,1
2015-01-09,18241,9303,8938,1
2015-01-10,18815,9596,9219,1
2015-01-11,20874,10646,10228,1
2015-01-12,22576,11514,11062,1
2015-01-13,21339,10883,10456,1
2015-01-14,19481,9935,9546,1
2015-01-15,19884,10141,9743,1
2015-01-16,21995,11217,10778,1
2015-01-17,17619,8986,8633,1
2015-01-18,21887,11162,10725,1
2015-01-19,22452,11451,11001,1
2015-01-20,22231,11338,10893,1
2015-01-21,20929,10674,10255,1
2015-01-22,20798,10607,10191,1
2015-01-23,22424,11436,10988,1
2015-01-24,21634,11033,10601,1
2015-01-25,18592,9482,9110,1
2015-01-26,17820,9088,8732,1
2015-01-27,18127,9245,8882,1
2015-01-28,21609,11021,10588,1
2015-01-01,20101,10252,9849,1
2015-01-02,21128,10775,10353,1
2015-01-03,21998,11219,10779,1
2015-02-04,18867,9622,9245,2
2015-02-05,17082,8712,8370,2
2015-02-06,14805,7551,7254,2
2015-02-07,17793,9074,8719,2
2015-02-08,16839,8588,8251,2
2015-02-09,15459,7884,7575,2
2015-02-10,15556,7934,7622,2
2015-02-11,18863,9620,9243,2
2015-02-12,15413,7861,7552,2
2015-02-13,18030,9195,8835,2
2015-02-14,19032,9706,9326,2
2015-02-15,15376,7842,7534,2
2015-02-16,16894,8616,8278,2
2015-02-17,17549,8950,8599,2
2015-02-18,14995,7647,7348,2
2015-02-19,15346,7826,7520,2
2015-02-20,14639,7466,7173,2
2015-02-21,14354,7321,7033,2
2015-02-22,15951,8135,7816,2
2015-02-23,15636,7974,7662,2
2015-02-24,17789,9072,8717,2
2015-02-25,18844,9610,9234,2
2015-02-26,16628,8480,8148,2
2015-02-27,16971,8655,8316,2
2015-02-28,15344,7825,7519,2
2015-02-01,17010,8675,8335,2
2015-02-02,19021,9701,9320,2
2015-02-03,16423,8376,8047,2
2015-02-04,16961,8650,8311,2
2015-02-05,17044,8692,8352,2
2015-03-06,24338,12412,11926,3
2015-03-07,22381,11414,10967,3
2015-03-08,21845,11141,10704,3
2015-03-09,26272,13399,12873,3
2015-03-10,21287,10856,10431,3
2015-03-11,25451,12980,12471,3
2015-03-12,22739,11597,11142,3
2015-03-13,23662,12068,11594,3
2015-03-14,26780,13658,13122,3
2015-03-15,21315,10871,10444,3
2015-03-16,22422,11435,10987,3
2015-03-17,24779,12637,12142,3
2015-03-18,23674,12074,11600,3
2015-03-19,22935,11697,11238,3
2015-03-20,21363,10895,10468,3
2015-03-21,25262,12884,12378,3
2015-03-22,20634,10523,10111,3
2015-03-23,25462,12986,12476,3
2015-03-24,22486,11468,11018,3
2015-03-25,27079,13810,13269,3
2015-03-26,23560,12016,11544,3
2015-03-27,23083,11772,11311,3
2015-03-28,24159,12321,11838,3
2015-03-01,23142,11802,11340,3
2015-03-02,23363,11915,11448,3
2015-03-03,21088,10755,10333,3
2015-03-04,26937,13738,13199,3
2015-03-05,22461,11455,11006,3
2015-03-06,21355,10891,10464,3
2015-03-07,25511,13011,12500,3
2015-03-08,25810,13163,12647,3
2015-04-08,27083,13812,13271,4
2015-04-09,25131,12817,12314,4
2015-04-10,29167,14875,14292,4
2015-04-11,26183,13353,12830,4
2015-04-12,25865,13191,12674,4
2015-04-13,27830,14193,13637,4
2015-04-14,23090,11776,11314,4
2015-04-15,30094,15348,14746,4
2015-04-16,27305,13926,13379,4
2015-04-17,25094,12798,12296,4
2015-04-18,27488,14019,13469,4
2015-04-19,25762,13139,12623,4
2015-04-20,27876,14217,13659,4
2015-04-21,23791,12133,11658,4
2015-04-22,25018,12759,12259,4
2015-04-23,28847,14712,14135,4
2015-04-24,30832,15724,15108,4
2015-04-25,27011,13776,13235,4
2015-04-26,28825,14701,14124,4
2015-04-27,26136,13329,12807,4
2015-03-31,29519,15055,14464,4
2015-04-01,29500,15045,14455,4
2015-04-02,29754,15175,14579,4
2015-04-03,25304,12905,12399,4
2015-04-04,28985,14782,14203,4
2015-04-05,27406,13977,13429,4
2015-04-06,25195,12849,12346,4
2015-04-07,26893,13715,13178,4
2015-04-08,29664,15129,14535,4
2015-04-09,25195,12849,12346,4
2015-05-10,25584,13048,12536,5
2015-05-11,30619,15616,15003,5
2015-05-12,30965,15792,15173,5
2015-05-13,23788,12132,11656,5
2015-05-14,27901,14230,13671,5
2015-05-15,25405,12957,12448,5
2015-05-16,28542,14556,13986,5
2015-05-17,30730,15672,15058,5
2015-05-18,28628,14600,14028,5
2015-05-19,26661,13597,13064,5
2015-05-20,23958,12219,11739,5
2015-05-21,23268,11867,11401,5
2015-05-22,26361,13444,12917,5
2015-05-23,27405,13977,13428,5
2015-05-24,26313,13420,12893,5
2015-05-25,25083,12792,12291,5
2015-05-26,27031,13786,13245,5
2015-05-27,24810,12653,12157,5
2015-04-30,30146,15374,14772,5
2015-05-01,26636,13584,13052,5
2015-05-02,28151,14357,13794,5
2015-05-03,29639,15116,14523,5
2015-05-04,24223,12354,11869,5
2015-05-05,23523,11997,11526,5
2015-05-06,27876,14217,13659,5
2015-05-07,30762,15689,15073,5
2015-05-08,24637,12565,12072,5
2015-05-09,29311,14949,14362,5
2015-05-10,24152,12318,11834,5
2015-05-11,30206,15405,14801,5
2015-05-12,23193,11828,11365,5
2015-06-13,23063,11762,11301,6
2015-06-15,25418,12963,12455,6
2015-06-16,21931,11185,10746,6
2015-06-17,20654,10534,10120,6
2015-06-18,22850,11654,11196,6
2015-06-19,20900,10659,10241,6
2015-06-20,26932,13735,13197,6
2015-06-21,21425,10927,10498,6
2015-06-22,24003,12242,11761,6
2015-06-23,24383,12435,11948,6
2015-06-24,26470,13500,12970,6
2015-06-25,26298,13412,12886,6
2015-06-26,23266,11866,11400,6
2015-06-27,22660,11557,11103,6
2015-06-28,22687,11570,11117,6
2015-05-31,25238,12871,12367,6
2015-06-01,25822,13169,12653,6
2015-06-02,20179,10291,9888,6
2015-06-03,20362,10385,9977,6
2015-06-04,22511,11481,11030,6
2015-06-05,21101,10762,10339,6
2015-06-06,23815,12146,11669,6
2015-06-07,23080,11771,11309,6
2015-06-08,24398,12443,11955,6
2015-06-09,24073,12277,11796,6
2015-06-10,25265,12885,12380,6
2015-06-11,24671,12582,12089,6
2015-06-12,25863,13190,12673,6
2015-06-13,20425,10417,10008,6
2015-06-15,24298,12392,11906,6
2015-07-16,37354,19051,18303,7
2015-07-17,43203,22034,21169,7
2015-07-18,43952,22416,21536,7
2015-07-19,43760,22318,21442,7
2015-07-19,41015,20918,20097,7
2015-07-20,36106,18414,17692,7
2015-07-21,37473,19111,18362,7
2015-07-22,35429,18069,17360,7
2015-07-23,34759,17727,17032,7
2015-07-24,35696,18205,17491,7
2015-07-25,44384,22636,21748,7
2015-07-26,40271,20538,19733,7
2015-07-27,42137,21490,20647,7
2015-07-01,43756,22316,21440,7
2015-07-02,43545,22208,21337,7
2015-07-03,39824,20310,19514,7
2015-07-04,45569,23240,22329,7
2015-07-05,35573,18142,17431,7
2015-07-06,43578,22225,21353,7
2015-07-07,36859,18798,18061,7
2015-07-08,41578,21205,20373,7
2015-07-09,35386,18047,17339,7
2015-07-10,42876,21867,21009,7
2015-07-11,37710,19232,18478,7
2015-07-12,36828,18782,18046,7
2015-07-13,34390,17539,16851,7
2015-07-14,38444,19606,18838,7
2015-07-15,42763,21809,20954,7
2015-07-16,39905,20352,19553,7
2015-07-17,40910,20864,20046,7
2015-08-17,41383,21105,20278,8
2015-08-18,43226,22045,21181,8
2015-08-19,46657,23795,22862,8
2015-08-20,50334,25670,24664,8
2015-08-21,43328,22097,21231,8
2015-08-22,46642,23787,22855,8
2015-08-23,51694,26364,25330,8
2015-08-24,47243,24094,23149,8
2015-08-25,47065,24003,23062,8
2015-08-26,49382,25185,24197,8
2015-08-27,46953,23946,23007,8
2015-07-31,42890,21874,21016,8
2015-08-01,52672,26863,25809,8
2015-08-02,44237,22561,21676,8
2015-08-03,47685,24319,23366,8
2015-08-04,44137,22510,21627,8
2015-08-05,42453,21651,20802,8
2015-08-06,45919,23419,22500,8
2015-08-07,50880,25949,24931,8
2015-08-08,53384,27226,26158,8
2015-08-09,45795,23355,22440,8
2015-08-10,46077,23499,22578,8
2015-08-11,43205,22035,21170,8
2015-08-12,50786,25901,24885,8
2015-08-13,42055,21448,20607,8
2015-08-14,44677,22785,21892,8
2015-08-15,40218,20511,19707,8
2015-08-16,49036,25008,24028,8
2015-08-17,47873,24415,23458,8
2015-08-18,45246,23075,22171,8
2015-08-19,45328,23117,22211,8
2015-09-20,33399,17033,16366,9
2015-09-21,31770,16203,15567,9
2015-09-22,33518,17094,16424,9
2015-09-23,37163,18953,18210,9
2015-09-24,37312,19029,18283,9
2015-09-25,34063,17372,16691,9
2015-09-26,35598,18155,17443,9
2015-09-27,37714,19234,18480,9
2015-08-31,31623,16128,15495,9
2015-09-01,37029,18885,18144,9
2015-09-02,36902,18820,18082,9
2015-09-03,32048,16344,15704,9
2015-09-04,32872,16765,16107,9
2015-09-05,28691,14632,14059,9
2015-09-06,33850,17264,16586,9
2015-09-07,30484,15547,14937,9
2015-09-08,30928,15773,15155,9
2015-09-09,29651,15122,14529,9
2015-09-10,29121,14852,14269,9
2015-09-11,36682,18708,17974,9
2015-09-12,29555,15073,14482,9
2015-09-13,31874,16256,15618,9
2015-09-14,30832,15724,15108,9
2015-09-15,29729,15162,14567,9
2015-09-16,36154,18439,17715,9
2015-09-17,32591,16621,15970,9
2015-09-18,33545,17108,16437,9
2015-09-19,37193,18968,18225,9
2015-09-20,34944,17821,17123,9
2015-09-21,35315,18011,17304,9
2015-10-22,28024,14292,13732,10
2015-10-23,26346,13436,12910,10
2015-10-24,29656,15125,14531,10
2015-10-26,29388,14988,14400,10
2015-10-27,31355,15991,15364,10
2015-10-28,32038,16339,15699,10
2015-09-30,29909,15254,14655,10
2015-10-01,26403,13466,12937,10
2015-10-02,28616,14594,14022,10
2015-10-03,25792,13154,12638,10
2015-10-04,26083,13302,12781,10
2015-10-05,27347,13947,13400,10
2015-10-06,30321,15464,14857,10
2015-10-07,30713,15664,15049,10
2015-10-08,30717,15666,15051,10
2015-10-09,32296,16471,15825,10
2015-10-10,28725,14650,14075,10
2015-10-11,29384,14986,14398,10
2015-10-12,31953,16296,15657,10
2015-10-13,31196,15910,15286,10
2015-10-14,30207,15406,14801,10
2015-10-15,34648,17670,16978,10
2015-10-16,32393,16520,15873,10
2015-10-17,26794,13665,13129,10
2015-10-18,33086,16874,16212,10
2015-10-19,29793,15194,14599,10
2015-10-20,28987,14783,14204,10
2015-10-21,25985,13252,12733,10
2015-10-22,30256,15431,14825,10
2015-10-23,29898,15248,14650,10
2015-10-24,30665,15639,15026,10
2015-11-26,26700,13617,13083,11
2015-11-27,22898,11678,11220,11
2015-11-28,22980,11720,11260,11
2015-11-01,24322,12404,11918,11
2015-11-02,21966,11203,10763,11
2015-11-03,25445,12977,12468,11
2015-11-04,20832,10624,10208,11
2015-11-05,21933,11186,10747,11
2015-11-06,26151,13337,12814,11
2015-11-07,25237,12871,12366,11
2015-11-08,23865,12171,11694,11
2015-11-09,25703,13109,12594,11
2015-11-10,23757,12116,11641,11
2015-11-11,21721,11078,10643,11
2015-11-12,24945,12722,12223,11
2015-11-13,25867,13192,12675,11
2015-11-14,22123,11283,10840,11
2015-11-15,20597,10504,10093,11
2015-11-16,22096,11269,10827,11
2015-11-17,23436,11952,11484,11
2015-11-18,23930,12204,11726,11
2015-11-19,22438,11443,10995,11
2015-11-20,23359,11913,11446,11
2015-11-21,23551,12011,11540,11
2015-11-22,20858,10638,10220,11
2015-11-23,24192,12338,11854,11
2015-11-24,27119,13831,13288,11
2015-11-25,25949,13234,12715,11
2015-11-26,25198,12851,12347,11
2015-11-27,25764,13140,12624,11
2015-12-28,25210,12857,12353,12
2015-12-01,23663,12068,11595,12
2015-12-02,26506,13518,12988,12
2015-12-03,21501,10966,10535,12
2015-12-04,26960,13750,13210,12
2015-12-05,26581,13556,13025,12
2015-12-06,26607,13570,13037,12
2015-12-07,23603,12038,11565,12
2015-12-08,26113,13318,12795,12
2015-12-09,27101,13822,13279,12
2015-12-10,20712,10563,10149,12
2015-12-11,23029,11745,11284,12
2015-12-12,21373,10900,10473,12
2015-12-13,23281,11873,11408,12
2015-12-14,26574,13553,13021,12
2015-12-15,21078,10750,10328,12
2015-12-16,25987,13253,12734,12
2015-12-17,23738,12106,11632,12
2015-12-18,25051,12776,12275,12
2015-12-19,22406,11427,10979,12
2015-12-20,27099,13820,13279,12
2015-12-21,23476,11973,11503,12
2015-12-22,22036,11238,10798,12
2015-12-23,22390,11419,10971,12
2015-12-24,22866,11662,11204,12
2015-12-25,20420,10414,10006,12
2015-12-26,24326,12406,11920,12
2015-12-27,26262,13394,12868,12
2015-12-28,25671,13092,12579,12
2015-12-01,26000,13260,12740,12
2016-01-01,21491,10960,10531,1
2016-01-02,18466,9418,9048,1
2016-01-03,21850,11144,10706,1
2016-01-04,21334,10880,10454,1
2016-01-05,21611,11022,10589,1
2016-01-06,17521,8936,8585,1
2016-01-07,17807,9082,8725,1
2016-01-08,22066,11254,10812,1
2016-01-09,22783,11619,11164,1
2016-01-10,21890,11164,10726,1
2016-01-11,22619,11536,11083,1
2016-01-12,17507,8929,8578,1
2016-01-13,22513,11482,11031,1
2016-01-14,19990,10195,9795,1
2016-01-15,21595,11013,10582,1
2016-01-16,17560,8956,8604,1
2016-01-17,17997,9178,8819,1
2016-01-18,19814,10105,9709,1
2016-01-19,21303,10865,10438,1
2016-01-20,21747,11091,10656,1
2016-01-21,22619,11536,11083,1
2016-01-22,22022,11231,10791,1
2016-01-23,23400,11934,11466,1
2016-01-24,21377,10902,10475,1
2016-01-25,22409,11429,10980,1
2016-01-26,22817,11637,11180,1
2016-01-27,19321,9854,9467,1
2016-01-28,23100,11781,11319,1
2016-01-01,23240,11852,11388,1
2016-01-02,21834,11135,10699,1
2016-01-03,21814,11125,10689,1
2016-02-04,19433,9911,9522,2
2016-02-05,19082,9732,9350,2
2016-02-06,19491,9940,9551,2
2016-02-07,16752,8544,8208,2
2016-02-08,19512,9951,9561,2
2016-02-09,19456,9923,9533,2
2016-02-10,19246,9815,9431,2
2016-02-11,15869,8093,7776,2
2016-02-12,16467,8398,8069,2
2016-02-13,18530,9450,9080,2
2016-02-14,19452,9921,9531,2
2016-02-15,16497,8413,8084,2
2016-02-16,18925,9652,9273,2
2016-02-17,15088,7695,7393,2
2016-02-18,15085,7693,7392,2
2016-02-19,16382,8355,8027,2
2016-02-20,18979,9679,9300,2
2016-02-21,18260,9313,8947,2
2016-02-22,17805,9081,8724,2
2016-02-23,19111,9747,9364,2
2016-02-24,18865,9621,9244,2
2016-02-25,17886,9122,8764,2
2016-02-26,16445,8387,8058,2
2016-02-27,19260,9823,9437,2
2016-02-28,17789,9072,8717,2
2016-02-01,17549,8950,8599,2
2016-02-02,15555,7933,7622,2
2016-02-03,16246,8285,7961,2
2016-02-04,18063,9212,8851,2
2016-02-05,18231,9298,8933,2
2016-03-06,24931,12715,12216,3
2016-03-07,22585,11518,11067,3
2016-03-08,26143,13333,12810,3
2016-03-09,25426,12967,12459,3
2016-03-10,21575,11003,10572,3
2016-03-11,24040,12260,11780,3
2016-03-12,23499,11984,11515,3
2016-03-13,26397,13462,12935,3
2016-03-14,25495,13002,12493,3
2016-03-15,20864,10641,10223,3
2016-03-16,25415,12962,12453,3
2016-03-17,23814,12145,11669,3
2016-03-18,21735,11085,10650,3
2016-03-19,26635,13584,13051,3
2016-03-20,25941,13230,12711,3
2016-03-21,24408,12448,11960,3
2016-03-22,27085,13813,13272,3
2016-03-23,21231,10828,10403,3
2016-03-24,25729,13122,12607,3
2016-03-25,25397,12952,12445,3
2016-03-26,21200,10812,10388,3
2016-03-27,24416,12452,11964,3
2016-03-27,22640,11546,11094,3
2016-03-01,20979,10699,10280,3
2016-03-02,22109,11276,10833,3
2016-03-03,21690,11062,10628,3
2016-03-04,23507,11989,11518,3
2016-03-05,21479,10954,10525,3
2016-03-06,27447,13998,13449,3
2016-03-07,26348,13437,12911,3
2016-03-08,24329,12408,11921,3
2016-04-08,23664,12069,11595,4
2016-04-09,28899,14738,14161,4
2016-04-10,28920,14749,14171,4
2016-04-11,29976,15288,14688,4
2016-04-12,24700,12597,12103,4
2016-04-13,26700,13617,13083,4
2016-04-14,29012,14796,14216,4
2016-04-15,31145,15884,15261,4
2016-04-16,28886,14732,14154,4
2016-04-17,28424,14496,13928,4
2016-04-18,30794,15705,15089,4
2016-04-19,25952,13236,12716,4
2016-04-20,29232,14908,14324,4
2016-04-21,24507,12499,12008,4
2016-04-22,25731,13123,12608,4
2016-04-23,25449,12979,12470,4
2016-04-24,30904,15761,15143,4
2016-04-25,28808,14692,14116,4
2016-04-26,24413,12451,11962,4
2016-04-27,31291,15958,15333,4
2016-03-31,30370,15489,14881,4
2016-04-01,30231,15418,14813,4
2016-04-02,26405,13467,12938,4
2016-04-03,26432,13480,12952,4
2016-04-04,31103,15863,15240,4
2016-04-05,25950,13235,12715,4
2016-04-06,29667,15130,14537,4
2016-04-07,27249,13897,13352,4
2016-04-08,23290,11878,11412,4
2016-04-09,30016,15308,14708,4
2016-05-10,29298,14942,14356,5
2016-05-11,25833,13175,12658,5
2016-05-12,24939,12719,12220,5
2016-05-13,29009,14795,14214,5
2016-05-14,25459,12984,12475,5
2016-05-15,23399,11933,11466,5
2016-05-16,26624,13578,13046,5
2016-05-17,24391,12439,11952,5
2016-05-18,29860,15229,14631,5
2016-05-19,28405,14487,13918,5
2016-05-20,26776,13656,13120,5
2016-05-21,27628,14090,13538,5
2016-05-22,23985,12232,11753,5
2016-05-23,28761,14668,14093,5
2016-05-24,27145,13844,13301,5
2016-05-25,29983,15291,14692,5
2016-05-26,30603,15608,14995,5
2016-05-27,28126,14344,13782,5
2016-04-30,23385,11926,11459,5
2016-05-01,24931,12715,12216,5
2016-05-02,25589,13050,12539,5
2016-05-03,29584,15088,14496,5
2016-05-04,25080,12791,12289,5
2016-05-05,25183,12843,12340,5
2016-05-06,24493,12491,12002,5
2016-05-07,26673,13603,13070,5
2016-05-08,27452,14001,13451,5
2016-05-09,24457,12473,11984,5
2016-05-10,30167,15385,14782,5
2016-05-11,28627,14600,14027,5
2016-05-12,29133,14858,14275,5
2016-06-14,23416,11942,11474,6
2016-06-15,22055,11248,10807,6
2016-06-16,24195,12339,11856,6
2016-06-17,25548,13029,12519,6
2016-06-18,22228,11336,10892,6
2016-06-19,27383,13965,13418,6
2016-06-20,26473,13501,12972,6
2016-06-21,21725,11080,10645,6
2016-06-22,25347,12927,12420,6
2016-06-23,22214,11329,10885,6
2016-06-24,24318,12402,11916,6
2016-06-25,24373,12430,11943,6
2016-06-26,20483,10446,10037,6
2016-06-27,21165,10794,10371,6
2016-06-28,25133,12818,12315,6
2016-05-31,23002,11731,11271,6
2016-06-01,22360,11404,10956,6
2016-06-02,21671,11052,10619,6
2016-06-03,27282,13914,13368,6
2016-06-04,22224,11334,10890,6
2016-06-06,26401,13465,12936,6
2016-06-07,23381,11924,11457,6
2016-06-08,22080,11261,10819,6
2016-06-09,22188,11316,10872,6
2016-06-10,27000,13770,13230,6
2016-06-11,25432,12970,12462,6
2016-06-12,22932,11695,11237,6
2016-06-13,22409,11429,10980,6
2016-06-14,20766,10591,10175,6
2016-06-15,21123,10773,10350,6
2016-07-15,36443,18586,17857,7
2016-07-16,41266,21046,20220,7
2016-07-17,38659,19716,18943,7
2016-07-18,45446,23177,22269,7
2016-07-19,45046,22973,22073,7
2016-07-20,38599,19685,18914,7
2016-07-21,42729,21792,20937,7
2016-07-22,44207,22546,21661,7
2016-07-23,42381,21614,20767,7
2016-07-24,36818,18777,18041,7
2016-07-25,47078,24010,23068,7
2016-07-26,40164,20484,19680,7
2016-07-27,35163,17933,17230,7
2016-07-01,35410,18059,17351,7
2016-07-02,42033,21437,20596,7
2016-07-03,45259,23082,22177,7
2016-07-04,40805,20811,19994,7
2016-07-05,43283,22074,21209,7
2016-07-06,45017,22959,22058,7
2016-07-07,40409,20609,19800,7
2016-07-08,45350,23129,22221,7
2016-07-09,40885,20851,20034,7
2016-07-10,36274,18500,17774,7
2016-07-10,38804,19790,19014,7
2016-07-11,40696,20755,19941,7
2016-07-12,41435,21132,20303,7
2016-07-13,42561,21706,20855,7
2016-07-14,38619,19696,18923,7
2016-07-15,35280,17993,17287,7
2016-07-16,45984,23452,22532,7
2016-08-17,47796,24376,23420,8
2016-08-18,45766,23341,22425,8
2016-08-19,40991,20905,20086,8
2016-08-20,51788,26412,25376,8
2016-08-21,47415,24182,23233,8
2016-08-22,48815,24896,23919,8
2016-08-23,54667,27880,26787,8
2016-08-24,42209,21527,20682,8
2016-08-25,51515,26273,25242,8
2016-08-26,46116,23519,22597,8
2016-08-27,53444,27256,26188,8
2016-07-31,50549,25780,24769,8
2016-08-01,51783,26409,25374,8
2016-08-02,44605,22749,21856,8
2016-08-03,46029,23475,22554,8
2016-08-04,49916,25457,24459,8
2016-08-05,43551,22211,21340,8
2016-08-06,53127,27095,26032,8
2016-08-07,50114,25558,24556,8
2016-08-08,50702,25858,24844,8
2016-08-09,40828,20822,20006,8
2016-08-10,54669,27881,26788,8
2016-08-11,52184,26614,25570,8
2016-08-12,49161,25072,24089,8
2016-08-13,40994,20907,20087,8
2016-08-14,54131,27607,26524,8
2016-08-15,44413,22651,21762,8
2016-08-16,54762,27929,26833,8
2016-08-17,44176,22530,21646,8
2016-08-18,54874,27986,26888,8
2016-08-19,53887,27482,26405,8
2016-09-20,34882,17790,17092,9
2016-09-21,29557,15074,14483,9
2016-09-22,34387,17537,16850,9
2016-09-23,30247,15426,14821,9
2016-09-24,33506,17088,16418,9
2016-09-25,37079,18910,18169,9
2016-09-26,34673,17683,16990,9
2016-09-27,36268,18497,17771,9
2016-08-31,37885,19321,18564,9
2016-09-01,34189,17436,16753,9
2016-09-02,30383,15495,14888,9
2016-09-03,35446,18077,17369,9
2016-09-04,39227,20006,19221,9
2016-09-05,29656,15125,14531,9
2016-09-06,36426,18577,17849,9
2016-09-07,38206,19485,18721,9
2016-09-08,35559,18135,17424,9
2016-09-09,33440,17054,16386,9
2016-09-10,34344,17515,16829,9
2016-09-11,29715,15155,14560,9
2016-09-12,36691,18712,17979,9
2016-09-13,30242,15423,14819,9
2016-09-14,35109,17906,17203,9
2016-09-15,32974,16817,16157,9
2016-09-16,31952,16296,15656,9
2016-09-17,35416,18062,17354,9
2016-09-18,34525,17608,16917,9
2016-09-19,38373,19570,18803,9
2016-09-20,36062,18392,17670,9
2016-09-21,35130,17916,17214,9
2016-10-22,27737,14146,13591,10
2016-10-23,29196,14890,14306,10
2016-10-24,34107,17395,16712,10
2016-10-25,26164,13344,12820,10
2016-10-26,33764,17220,16544,10
2016-10-27,33004,16832,16172,10
2016-09-30,30136,15369,14767,10
2016-10-01,27171,13857,13314,10
2016-10-02,30356,15482,14874,10
2016-10-03,26699,13616,13083,10
2016-10-04,31208,15916,15292,10
2016-10-05,34574,17633,16941,10
2016-10-06,27548,14049,13499,10
2016-10-07,34955,17827,17128,10
2016-10-08,27445,13997,13448,10
2016-10-09,31608,16120,15488,10
2016-10-10,33625,17149,16476,10
2016-10-11,30670,15642,15028,10
2016-10-12,27171,13857,13314,10
2016-10-13,29854,15226,14628,10
2016-10-14,34725,17710,17015,10
2016-10-15,30156,15380,14776,10
2016-10-16,32527,16589,15938,10
2016-10-17,31891,16264,15627,10
2016-10-18,29938,15268,14670,10
2016-10-19,30536,15573,14963,10
2016-10-20,29076,14829,14247,10
2016-10-21,30471,15540,14931,10
2016-10-22,31917,16278,15639,10
2016-10-23,35320,18013,17307,10
2016-10-24,34753,17724,17029,10
2016-11-26,25154,12829,12325,11
2016-11-27,22124,11283,10841,11
2016-11-28,21996,11218,10778,11
2016-11-01,26040,13280,12760,11
2016-11-02,21630,11031,10599,11
2016-11-03,26794,13665,13129,11
2016-11-04,26230,13377,12853,11
2016-11-05,22332,11389,10943,11
2016-11-06,24872,12685,12187,11
2016-11-07,23321,11894,11427,11
2016-11-08,21311,10869,10442,11
2016-11-09,25486,12998,12488,11
2016-11-10,25753,13134,12619,11
2016-11-11,22161,11302,10859,11
2016-11-12,20354,10381,9973,11
2016-11-13,24192,12338,11854,11
2016-11-14,22374,11411,10963,11
2016-11-15,24552,12522,12030,11
2016-11-16,25916,13217,12699,11
2016-11-17,23363,11915,11448,11
2016-11-18,23573,12022,11551,11
2016-11-19,21575,11003,10572,11
2016-11-20,21661,11047,10614,11
2016-11-21,24191,12337,11854,11
2016-11-22,22606,11529,11077,11
2016-11-23,27321,13934,13387,11
2016-11-24,24640,12566,12074,11
2016-11-25,22342,11394,10948,11
2016-11-26,27102,13822,13280,11
2016-11-27,21168,10796,10372,11
2016-12-28,23287,11876,11411,12
2016-12-01,25225,12865,12360,12
2016-12-02,25239,12872,12367,12
2016-12-03,22510,11480,11030,12
2016-12-04,26504,13517,12987,12
2016-12-05,21491,10960,10531,12
2016-12-06,22910,11684,11226,12
2016-12-07,26458,13494,12964,12
2016-12-08,25409,12959,12450,12
2016-12-09,24327,12407,11920,12
2016-12-10,22445,11447,10998,12
2016-12-11,26970,13755,13215,12
2016-12-12,21968,11204,10764,12
2016-12-13,20749,10582,10167,12
2016-12-14,22580,11516,11064,12
2016-12-15,24762,12629,12133,12
2016-12-16,22234,11339,10895,12
2016-12-17,26472,13501,12971,12
2016-12-18,23678,12076,11602,12
2016-12-19,25742,13128,12614,12
2016-12-20,23862,12170,11692,12
2016-12-21,24510,12500,12010,12
2016-12-22,23662,12068,11594,12
2016-12-23,22615,11534,11081,12
2016-12-24,25985,13252,12733,12
2016-12-25,20700,10557,10143,12
2016-12-26,23459,11964,11495,12
2016-12-27,22706,11580,11126,12
2016-12-28,23111,11787,11324,12
2016-12-01,22971,11715,11256,12
2016-12-02,25058,12780,12278,12
2017-01-01,19606,9999,9607,1
2017-01-02,21815,11126,10689,1
2017-01-03,21595,11013,10582,1
2017-01-04,21645,11039,10606,1
2017-01-05,23977,12228,11749,1
2017-01-06,19928,10163,9765,1
2017-01-07,21367,10897,10470,1
2017-01-08,24612,12552,12060,1
2017-01-09,19605,9999,9606,1
2017-01-10,21091,10756,10335,1
2017-01-11,21448,10938,10510,1
2017-01-12,21081,10751,10330,1
2017-01-13,24008,12244,11764,1
2017-01-14,21945,11192,10753,1
2017-01-15,24155,12319,11836,1
2017-01-16,24289,12387,11902,1
2017-01-17,22065,11253,10812,1
2017-01-18,21994,11217,10777,1
2017-01-19,21581,11006,10575,1
2017-01-20,18329,9348,8981,1
2017-01-21,23976,12228,11748,1
2017-01-22,19529,9960,9569,1
2017-01-23,19001,9691,9310,1
2017-01-24,22277,11361,10916,1
2017-01-25,18645,9509,9136,1
2017-01-26,18441,9405,9036,1
2017-01-27,22977,11718,11259,1
2017-01-28,20651,10532,10119,1
2017-01-01,18850,9614,9236,1
2017-01-02,21371,10899,10472,1
2017-01-03,20279,10342,9937,1
2017-02-04,19641,10017,9624,2
2017-02-05,16962,8651,8311,2
2017-02-06,17334,8840,8494,2
2017-02-07,16038,8179,7859,2
2017-02-08,16259,8292,7967,2
2017-02-09,16096,8209,7887,2
2017-02-10,18167,9265,8902,2
2017-02-11,16306,8316,7990,2
2017-02-12,15643,7978,7665,2
2017-02-13,19275,9830,9445,2
2017-02-14,19746,10070,9676,2
2017-02-15,19313,9850,9463,2
2017-02-16,19592,9992,9600,2
2017-02-17,16128,8225,7903,2
2017-02-18,17111,8727,8384,2
2017-02-19,15823,8070,7753,2
2017-02-20,16418,8373,8045,2
2017-02-21,17057,8699,8358,2
2017-02-22,20610,10511,10099,2
2017-02-23,17117,8730,8387,2
2017-02-24,16539,8435,8104,2
2017-02-25,16859,8598,8261,2
2017-02-26,17676,9015,8661,2
2017-02-27,16733,8534,8199,2
2017-02-28,17877,9117,8760,2
2017-02-01,16060,8191,7869,2
2017-02-02,16593,8462,8131,2
2017-02-03,16235,8280,7955,2
2017-02-04,19243,9814,9429,2
2017-02-05,18334,9350,8984,2
2017-03-06,22811,11634,11177,3
2017-03-07,27315,13931,13384,3
2017-03-08,23760,12118,11642,3
2017-03-09,22831,11644,11187,3
2017-03-10,28238,14401,13837,3
2017-03-11,23262,11864,11398,3
2017-03-12,21805,11121,10684,3
2017-03-13,26576,13554,13022,3
2017-03-14,21753,11094,10659,3
2017-03-15,24780,12638,12142,3
2017-03-16,28914,14746,14168,3
2017-03-17,22735,11595,11140,3
2017-03-18,23649,12061,11588,3
2017-03-19,24053,12267,11786,3
2017-03-20,26219,13372,12847,3
2017-03-21,24142,12312,11830,3
2017-03-22,28282,14424,13858,3
2017-03-23,22465,11457,11008,3
2017-03-24,24281,12383,11898,3
2017-03-25,28761,14668,14093,3
2017-03-26,28862,14720,14142,3
2017-03-26,21522,10976,10546,3
2017-03-27,22434,11441,10993,3
2017-03-01,26330,13428,12902,3
2017-03-02,25007,12754,12253,3
2017-03-03,21491,10960,10531,3
2017-03-04,26411,13470,12941,3
2017-03-05,27347,13947,13400,3
2017-03-06,21492,10961,10531,3
2017-03-07,21945,11192,10753,3
2017-03-08,27058,13800,13258,3
2017-04-08,30763,15689,15074,4
2017-04-09,28349,14458,13891,4
2017-04-10,24869,12683,12186,4
2017-04-11,28042,14301,13741,4
2017-04-12,28042,14301,13741,4
2017-04-13,28999,14789,14210,4
2017-04-14,25932,13225,12707,4
2017-04-15,30281,15443,14838,4
2017-04-16,25007,12754,12253,4
2017-04-17,31287,15956,15331,4
2017-04-18,31161,15892,15269,4
2017-04-19,25813,13165,12648,4
2017-04-20,29424,15006,14418,4
2017-04-21,32587,16619,15968,4
2017-04-22,29807,15202,14605,4
2017-04-23,26213,13369,12844,4
2017-04-24,31104,15863,15241,4
2017-04-25,28391,14479,13912,4
2017-04-26,27333,13940,13393,4
2017-04-27,28356,14462,13894,4
2017-03-31,31095,15858,15237,4
2017-04-01,26206,13365,12841,4
2017-04-02,28828,14702,14126,4
2017-04-03,27919,14239,13680,4
2017-04-04,31806,16221,15585,4
2017-04-05,28863,14720,14143,4
2017-04-06,29649,15121,14528,4
2017-04-07,28748,14661,14087,4
2017-04-08,30090,15346,14744,4
2017-04-09,28459,14514,13945,4
2017-05-10,29711,15153,14558,5
2017-05-11,27948,14253,13695,5
2017-05-12,29770,15183,14587,5
2017-05-13,31332,15979,15353,5
2017-05-14,28300,14433,13867,5
2017-05-15,28111,14337,13774,5
2017-05-16,29300,14943,14357,5
2017-05-17,29592,15092,14500,5
2017-05-18,28275,14420,13855,5
2017-05-19,33003,16832,16171,5
2017-05-20,25200,12852,12348,5
2017-05-22,32268,16457,15811,5
2017-05-23,32372,16510,15862,5
2017-05-24,29731,15163,14568,5
2017-05-25,24627,12560,12067,5
2017-05-26,29680,15137,14543,5
2017-05-27,27225,13885,13340,5
2017-05-28,24968,12734,12234,5
2017-04-30,26088,13305,12783,5
2017-05-01,32326,16486,15840,5
2017-05-02,31669,16151,15518,5
2017-05-03,29736,15165,14571,5
2017-05-04,28795,14685,14110,5
2017-05-05,27318,13932,13386,5
2017-05-06,32370,16509,15861,5
2017-05-07,31609,16121,15488,5
2017-05-08,26718,13626,13092,5
2017-05-09,31764,16200,15564,5
2017-05-10,32111,16377,15734,5
2017-05-11,27895,14226,13669,5
2017-05-12,26230,13377,12853,5
2017-06-14,26380,13454,12926,6
2017-06-15,27197,13870,13327,6
2017-06-16,23612,12042,11570,6
2017-06-17,21473,10951,10522,6
2017-06-18,23435,11952,11483,6
2017-06-19,22539,11495,11044,6
2017-06-20,28564,14568,13996,6
2017-06-21,22477,11463,11014,6
2017-06-22,28235,14400,13835,6
2017-06-23,22258,11352,10906,6
2017-06-24,23117,11790,11327,6
2017-06-25,22680,11567,11113,6
2017-06-26,26619,13576,13043,6
2017-06-27,28159,14361,13798,6
2017-06-28,27113,13828,13285,6
2017-06-01,21999,11219,10780,6
2017-06-02,27788,14172,13616,6
2017-06-03,28784,14680,14104,6
2017-06-04,23385,11926,11459,6
2017-06-05,25602,13057,12545,6
2017-06-06,22456,11453,11003,6
2017-06-07,22400,11424,10976,6
2017-06-08,26135,13329,12806,6
2017-06-09,25854,13186,12668,6
2017-06-10,22216,11330,10886,6
2017-06-11,27934,14246,13688,6
2017-06-12,23357,11912,11445,6
2017-06-13,25401,12955,12446,6
2017-06-14,23513,11992,11521,6
2017-06-15,22896,11677,11219,6
2017-07-15,42060,21451,20609,7
2017-07-16,47812,24384,23428,7
2017-07-17,42555,21703,20852,7
2017-07-18,39288,20037,19251,7
2017-07-19,47324,24135,23189,7
2017-07-20,46116,23519,22597,7
2017-07-21,38257,19511,18746,7
2017-07-22,45807,23362,22445,7
2017-07-23,40311,20559,19752,7
2017-07-24,45211,23058,22153,7
2017-07-25,49020,25000,24020,7
2017-07-26,46078,23500,22578,7
2017-07-27,48973,24976,23997,7
2017-07-01,41879,21358,20521,7
2017-07-02,45620,23266,22354,7
2017-07-02,49565,25278,24287,7
2017-07-03,42275,21560,20715,7
2017-07-04,41196,21010,20186,7
2017-07-05,48369,24668,23701,7
2017-07-06,47335,24141,23194,7
2017-07-07,44846,22871,21975,7
2017-07-08,37555,19153,18402,7
2017-07-09,46800,23868,22932,7
2017-07-10,48260,24613,23647,7
2017-07-11,41054,20938,20116,7
2017-07-12,37483,19116,18367,7
2017-07-13,46781,23858,22923,7
2017-07-14,36914,18826,18088,7
2017-07-15,37448,19098,18350,7
2017-07-16,43818,22347,21471,7
2017-08-17,53805,27441,26364,8
2017-08-18,55905,28512,27393,8
2017-08-19,52422,26735,25687,8
2017-08-20,53453,27261,26192,8
2017-08-21,57321,29234,28087,8
2017-08-22,50956,25988,24968,8
2017-08-23,49859,25428,24431,8
2017-08-24,50083,25542,24541,8
2017-08-25,49266,25126,24140,8
2017-08-26,47304,24125,23179,8
2017-08-27,46703,23819,22884,8
2017-07-31,57079,29110,27969,8
2017-08-01,56267,28696,27571,8
2017-08-02,56152,28638,27514,8
2017-08-03,54360,27724,26636,8
2017-08-04,46208,23566,22642,8
2017-08-05,46407,23668,22739,8
2017-08-06,53321,27194,26127,8
2017-08-07,57804,29480,28324,8
2017-08-08,43963,22421,21542,8
2017-08-09,44293,22589,21704,8
2017-08-10,49327,25157,24170,8
2017-08-11,46496,23713,22783,8
2017-08-12,55118,28110,27008,8
2017-08-13,48051,24506,23545,8
2017-08-14,49884,25441,24443,8
2017-08-15,44602,22747,21855,8
2017-08-16,44811,22854,21957,8
2017-08-17,54542,27816,26726,8
2017-08-18,52845,26951,25894,8
2017-08-19,48454,24712,23742,8
2017-09-20,37777,19266,18511,9
2017-09-21,40751,20783,19968,9
2017-09-22,32322,16484,15838,9
2017-09-23,40006,20403,19603,9
2017-09-24,36346,18536,17810,9
2017-09-25,34127,17405,16722,9
2017-09-26,32003,16322,15681,9
2017-09-27,39921,20360,19561,9
2017-08-31,35160,17932,17228,9
2017-09-01,34282,17484,16798,9
2017-09-02,38535,19653,18882,9
2017-09-03,33986,17333,16653,9
2017-09-04,35376,18042,17334,9
2017-09-05,39292,20039,19253,9
2017-09-06,40113,20458,19655,9
2017-09-07,41113,20968,20145,9
2017-09-08,39981,20390,19591,9
2017-09-09,39454,20122,19332,9
2017-09-10,34628,17660,16968,9
2017-09-11,32769,16712,16057,9
2017-09-12,30990,15805,15185,9
2017-09-13,31201,15913,15288,9
2017-09-14,36890,18814,18076,9
2017-09-15,32643,16648,15995,9
2017-09-16,36448,18588,17860,9
2017-09-17,36810,18773,18037,9
2017-09-18,34661,17677,16984,9
2017-09-19,38776,19776,19000,9
2017-09-20,33601,17137,16464,9
2017-09-21,35285,17995,17290,9
2017-10-22,35563,18137,17426,10
2017-10-23,28754,14665,14089,10
2017-10-24,34182,17433,16749,10
2017-10-25,31621,16127,15494,10
2017-10-26,29628,15110,14518,10
2017-10-27,34725,17710,17015,10
2017-09-30,33229,16947,16282,10
2017-10-01,35862,18290,17572,10
2017-10-02,30599,15605,14994,10
2017-10-03,34280,17483,16797,10
2017-10-04,30555,15583,14972,10
2017-10-05,34154,17419,16735,10
2017-10-06,34857,17777,17080,10
2017-10-07,35702,18208,17494,10
2017-10-08,33419,17044,16375,10
2017-10-09,34141,17412,16729,10
2017-10-10,35963,18341,17622,10
2017-10-11,29071,14826,14245,10
2017-10-12,33556,17114,16442,10
2017-10-13,28539,14555,13984,10
2017-10-14,27983,14271,13712,10
2017-10-15,36100,18411,17689,10
2017-10-16,35902,18310,17592,10
2017-10-17,33741,17208,16533,10
2017-10-18,32110,16376,15734,10
2017-10-19,33936,17307,16629,10
2017-10-20,34289,17487,16802,10
2017-10-21,28053,14307,13746,10
2017-10-22,29393,14990,14403,10
2017-10-23,36623,18678,17945,10
2017-10-24,35587,18149,17438,10
2017-11-26,26589,13560,13029,11
2017-11-27,26320,13423,12897,11
2017-11-28,22299,11372,10927,11
2017-11-01,26674,13604,13070,11
2017-11-02,25066,12784,12282,11
2017-11-03,23748,12111,11637,11
2017-11-04,24533,12512,12021,11
2017-11-05,26124,13323,12801,11
2017-11-06,25618,13065,12553,11
2017-11-07,21557,10994,10563,11
2017-11-08,25676,13095,12581,11
2017-11-09,25949,13234,12715,11
2017-11-10,26206,13365,12841,11
2017-11-11,23548,12009,11539,11
2017-11-12,23517,11994,11523,11
2017-11-13,26479,13504,12975,11
2017-11-14,28678,14626,14052,11
2017-11-15,21777,11106,10671,11
2017-11-16,27435,13992,13443,11
2017-11-17,27168,13856,13312,11
2017-11-18,23227,11846,11381,11
2017-11-19,27202,13873,13329,11
2017-11-20,23572,12022,11550,11
2017-11-21,27300,13923,13377,11
2017-11-22,23790,12133,11657,11
2017-11-23,25891,13204,12687,11
2017-11-24,27319,13933,13386,11
2017-11-25,21937,11188,10749,11
2017-11-26,23059,11760,11299,11
2017-11-27,22746,11600,11146,11
2017-12-28,26412,13470,12942,12
2017-12-01,27159,13851,13308,12
2017-12-02,27589,14070,13519,12
2017-12-03,28476,14523,13953,12
2017-12-04,21913,11176,10737,12
2017-12-05,24230,12357,11873,12
2017-12-06,28513,14542,13971,12
2017-12-07,22539,11495,11044,12
2017-12-08,25446,12977,12469,12
2017-12-09,24002,12241,11761,12
2017-12-10,26686,13610,13076,12
2017-12-11,25726,13120,12606,12
2017-12-12,26070,13296,12774,12
2017-12-13,26557,13544,13013,12
2017-12-14,25801,13159,12642,12
2017-12-15,23834,12155,11679,12
2017-12-16,23505,11988,11517,12
2017-12-17,23140,11801,11339,12
2017-12-18,27852,14205,13647,12
2017-12-19,28276,14421,13855,12
2017-12-20,22254,11350,10904,12
2017-12-21,21668,11051,10617,12
2017-12-22,27065,13803,13262,12
2017-12-23,21491,10960,10531,12
2017-12-24,25802,13159,12643,12
2017-12-25,27484,14017,13467,12
2017-12-26,26961,13750,13211,12
2017-12-27,28609,14591,14018,12
2017-12-28,28036,14298,13738,12
2017-12-01,25239,12872,12367,12
2018-01-01,23514,11992,11522,1
2018-01-02,19154,9769,9385,1
2018-01-03,25111,12807,12304,1
2018-01-04,25274,12890,12384,1
2018-01-05,23019,11740,11279,1
2018-01-06,24955,12727,12228,1
2018-01-07,21402,10915,10487,1
2018-01-08,24091,12286,11805,1
2018-01-09,24638,12565,12073,1
2018-01-10,20956,10688,10268,1
2018-01-11,24888,12693,12195,1
2018-01-12,25255,12880,12375,1
2018-01-13,23191,11827,11364,1
2018-01-14,19318,9852,9466,1
2018-01-15,24778,12637,12141,1
2018-01-16,23366,11917,11449,1
2018-01-17,25467,12988,12479,1
2018-01-18,25363,12935,12428,1
2018-01-19,23008,11734,11274,1
2018-01-20,25400,12954,12446,1
2018-01-21,19743,10069,9674,1
2018-01-22,21240,10832,10408,1
2018-01-23,19443,9916,9527,1
2018-01-24,20766,10591,10175,1
2018-01-25,23401,11935,11466,1
2018-01-26,25125,12814,12311,1
2018-01-27,22698,11576,11122,1
2018-01-28,25329,12918,12411,1
2018-01-01,20146,10274,9872,1
2018-01-02,22632,11542,11090,1
2018-01-03,20243,10324,9919,1
2018-02-04,17192,8768,8424,2
2018-02-05,17170,8757,8413,2
2018-02-06,18147,9255,8892,2
2018-02-07,17102,8722,8380,2
2018-02-08,18420,9394,9026,2
2018-02-09,16390,8359,8031,2
2018-02-10,19261,9823,9438,2
2018-02-11,18606,9489,9117,2
2018-02-12,16943,8641,8302,2
2018-02-13,20180,10292,9888,2
2018-02-14,18305,9336,8969,2
2018-02-15,17145,8744,8401,2
2018-02-16,20691,10552,10139,2
2018-02-17,20011,10206,9805,2
2018-02-18,18176,9270,8906,2
2018-02-19,18439,9404,9035,2
2018-02-20,20142,10272,9870,2
2018-02-21,19348,9867,9481,2
2018-02-22,20850,10634,10216,2
2018-02-23,20289,10347,9942,2
2018-02-24,16344,8335,8009,2
2018-02-25,17179,8761,8418,2
2018-02-26,21376,10902,10474,2
2018-02-27,19859,10128,9731,2
2018-02-28,20241,10323,9918,2
2018-02-01,16369,8348,8021,2
2018-02-02,15997,8158,7839,2
2018-02-03,18312,9339,8973,2
2018-02-04,20656,10535,10121,2
2018-02-05,19648,10020,9628,2
2018-03-06,27280,13913,13367,3
2018-03-07,23784,12130,11654,3
2018-03-08,24170,12327,11843,3
2018-03-09,23896,12187,11709,3
2018-03-10,29944,15271,14673,3
2018-03-11,28112,14337,13775,3
2018-03-12,29237,14911,14326,3
2018-03-13,28228,14396,13832,3
2018-03-14,22780,11618,11162,3
2018-03-15,29400,14994,14406,3
2018-03-16,22851,11654,11197,3
2018-03-17,28574,14573,14001,3
2018-03-18,26230,13377,12853,3
2018-03-19,24144,12313,11831,3
2018-03-20,26483,13506,12977,3
2018-03-21,26243,13384,12859,3
2018-03-22,28409,14489,13920,3
2018-03-23,25462,12986,12476,3
2018-03-24,25872,13195,12677,3
2018-03-25,22370,11409,10961,3
2018-03-25,23547,12009,11538,3
2018-03-26,28978,14779,14199,3
2018-03-27,28403,14486,13917,3
2018-03-01,28966,14773,14193,3
2018-03-02,26979,13759,13220,3
2018-03-03,26595,13563,13032,3
2018-03-04,22548,11499,11049,3
2018-03-05,24044,12262,11782,3
2018-03-06,22322,11384,10938,3
2018-03-07,25135,12819,12316,3
2018-03-08,22365,11406,10959,3
2018-04-08,28004,14282,13722,4
2018-04-09,33697,17185,16512,4
2018-04-10,31912,16275,15637,4
2018-04-11,33744,17209,16535,4
2018-04-12,25875,13196,12679,4
2018-04-13,30261,15433,14828,4
2018-04-14,33221,16943,16278,4
2018-04-15,30877,15747,15130,4
2018-04-16,30017,15309,14708,4
2018-04-17,32046,16343,15703,4
2018-04-18,28096,14329,13767,4
2018-04-19,33444,17056,16388,4
2018-04-20,30132,15367,14765,4
2018-04-21,30863,15740,15123,4
2018-04-22,33110,16886,16224,4
2018-04-23,28874,14726,14148,4
2018-04-24,31889,16263,15626,4
2018-04-25,33065,16863,16202,4
2018-04-26,28007,14284,13723,4
2018-04-27,26256,13391,12865,4
2018-03-31,28720,14647,14073,4
2018-04-01,31959,16299,15660,4
2018-04-02,30872,15745,15127,4
2018-04-03,25699,13106,12593,4
2018-04-04,29098,14840,14258,4
2018-04-05,30634,15623,15011,4
2018-04-06,25604,13058,12546,4
2018-04-07,29437,15013,14424,4
2018-04-08,33241,16953,16288,4
2018-04-09,28457,14513,13944,4
2018-05-10,32843,16750,16093,5
2018-05-11,26622,13577,13045,5
2018-05-12,32717,16686,16031,5
2018-05-14,32761,16708,16053,5
2018-05-15,29419,15004,14415,5
2018-05-16,25466,12988,12478,5
2018-05-17,30021,15311,14710,5
2018-05-18,25450,12980,12470,5
2018-05-19,31043,15832,15211,5
2018-05-20,28240,14402,13838,5
2018-05-21,32311,16479,15832,5
2018-05-22,34193,17438,16755,5
2018-05-23,34030,17355,16675,5
2018-05-24,33458,17064,16394,5
2018-05-25,31642,16137,15505,5
2018-05-26,31897,16267,15630,5
2018-05-27,27994,14277,13717,5
2018-05-28,26964,13752,13212,5
2018-04-30,31628,16130,15498,5
2018-05-01,31723,16179,15544,5
2018-05-02,30936,15777,15159,5
2018-05-03,28483,14526,13957,5
2018-05-04,31524,16077,15447,5
2018-05-05,33701,17188,16513,5
2018-05-06,31635,16134,15501,5
2018-05-07,30063,15332,14731,5
2018-05-08,32461,16555,15906,5
2018-05-09,34218,17451,16767,5
2018-05-10,31475,16052,15423,5
2018-05-11,33662,17168,16494,5
2018-05-12,31195,15909,15286,5
2018-06-14,26391,13459,12932,6
2018-06-15,22653,11553,11100,6
2018-06-16,29261,14923,14338,6
2018-06-17,23638,12055,11583,6
2018-06-17,28628,14600,14028,6
2018-06-18,28045,14303,13742,6
2018-06-19,23509,11990,11519,6
2018-06-20,23299,11882,11417,6
2018-06-21,22298,11372,10926,6
2018-06-22,24887,12692,12195,6
2018-06-23,22834,11645,11189,6
2018-06-24,29621,15107,14514,6
2018-06-25,27129,13836,13293,6
2018-06-26,27933,14246,13687,6
2018-06-27,22621,11537,11084,6
2018-06-01,24962,12731,12231,6
2018-06-02,27511,14031,13480,6
2018-06-03,27479,14014,13465,6
2018-06-04,24231,12358,11873,6
2018-06-05,29821,15209,14612,6
2018-06-06,24541,12516,12025,6
2018-06-07,25612,13062,12550,6
2018-06-08,23633,12053,11580,6
2018-06-09,27192,13868,13324,6
2018-06-10,24996,12748,12248,6
2018-06-11,27265,13905,13360,6
2018-06-12,23749,12112,11637,6
2018-06-13,23237,11851,11386,6
2018-06-14,28621,14597,14024,6
2018-06-15,24574,12533,12041,6
2018-07-15,50136,25569,24567,7
2018-07-16,39582,20187,19395,7
2018-07-17,44157,22520,21637,7
2018-07-18,50038,25519,24519,7
2018-07-19,49776,25386,24390,7
2018-07-20,49390,25189,24201,7
2018-07-21,46683,23808,22875,7
2018-07-22,43264,22065,21199,7
2018-07-23,43367,22117,21250,7
2018-07-24,42986,21923,21063,7
2018-07-25,44978,22939,22039,7
2018-07-26,48004,24482,23522,7
2018-07-27,40178,20491,19687,7
2018-06-30,46563,23747,22816,7
2018-07-01,47341,24144,23197,7
2018-07-02,42745,21800,20945,7
2018-07-03,44421,22655,21766,7
2018-07-04,42637,21745,20892,7
2018-07-05,39456,20123,19333,7
2018-07-06,42201,21523,20678,7
2018-07-07,51476,26253,25223,7
2018-07-08,43807,22342,21465,7
2018-07-09,51426,26227,25199,7
2018-07-10,45371,23139,22232,7
2018-07-11,39515,20153,19362,7
2018-07-12,44605,22749,21856,7
2018-07-13,45936,23427,22509,7
2018-07-14,44691,22792,21899,7
2018-07-15,38980,19880,19100,7
2018-07-16,44336,22611,21725,7
2018-08-17,45020,22960,22060,8
2018-08-18,56828,28982,27846,8
2018-08-19,46419,23674,22745,8
2018-08-20,46546,23738,22808,8
2018-08-21,51702,26368,25334,8
2018-08-22,58923,30051,28872,8
2018-08-23,57976,29568,28408,8
2018-08-24,48841,24909,23932,8
2018-08-25,45969,23444,22525,8
2018-08-26,57348,29247,28101,8
2018-08-27,44813,22855,21958,8
2018-07-31,46512,23721,22791,8
2018-08-01,45482,23196,22286,8
2018-08-02,53143,27103,26040,8
2018-08-03,58159,29661,28498,8
2018-08-04,59131,30157,28974,8
2018-08-05,53795,27435,26360,8
2018-08-06,48533,24752,23781,8
2018-08-07,55535,28323,27212,8
2018-08-08,59210,30197,29013,8
2018-08-09,50947,25983,24964,8
2018-08-10,54116,27599,26517,8
2018-08-11,44873,22885,21988,8
2018-08-12,47143,24043,23100,8
2018-08-13,54624,27858,26766,8
2018-08-14,56915,29027,27888,8
2018-08-15,53630,27351,26279,8
2018-08-16,51048,26034,25014,8
2018-08-17,54776,27936,26840,8
2018-08-18,49029,25005,24024,8
2018-08-19,47447,24198,23249,8
2018-09-20,32558,16605,15953,9
2018-09-21,34018,17349,16669,9
2018-09-22,36545,18638,17907,9
2018-09-23,34794,17745,17049,9
2018-09-24,39924,20361,19563,9
2018-09-25,37709,19232,18477,9
2018-09-26,38447,19608,18839,9
2018-09-27,32524,16587,15937,9
2018-08-31,38473,19621,18852,9
2018-09-01,34492,17591,16901,9
2018-09-02,38708,19741,18967,9
2018-09-03,41139,20981,20158,9
2018-09-04,37042,18891,18151,9
2018-09-05,42312,21579,20733,9
2018-09-06,32316,16481,15835,9
2018-09-07,41515,21173,20342,9
2018-09-08,32420,16534,15886,9
2018-09-09,40009,20405,19604,9
2018-09-10,33972,17326,16646,9
2018-09-11,33963,17321,16642,9
2018-09-12,32742,16698,16044,9
2018-09-13,39985,20392,19593,9
2018-09-14,36026,18373,17653,9
2018-09-15,42582,21717,20865,9
2018-09-16,41627,21230,20397,9
2018-09-17,38381,19574,18807,9
2018-09-18,32659,16656,16003,9
2018-09-19,38282,19524,18758,9
2018-09-20,35986,18353,17633,9
2018-09-21,31859,16248,15611,9
2018-10-22,29076,14829,14247,10
2018-10-23,29059,14820,14239,10
2018-10-24,34447,17568,16879,10
2018-10-25,31280,15953,15327,10
2018-10-26,32975,16817,16158,10
2018-10-27,35130,17916,17214,10
2018-09-30,31264,15945,15319,10
2018-10-01,37584,19168,18416,10
2018-10-02,38525,19648,18877,10
2018-10-03,33695,17184,16511,10
2018-10-04,35078,17890,17188,10
2018-10-05,32858,16758,16100,10
2018-10-06,30481,15545,14936,10
2018-10-07,33081,16871,16210,10
2018-10-08,33067,16864,16203,10
2018-10-09,32564,16608,15956,10
2018-10-10,37868,19313,18555,10
2018-10-11,34139,17411,16728,10
2018-10-12,30650,15632,15018,10
2018-10-13,36301,18514,17787,10
2018-10-14,34205,17445,16760,10
2018-10-15,32419,16534,15885,10
2018-10-16,31496,16063,15433,10
2018-10-17,32529,16590,15939,10
2018-10-18,30179,15391,14788,10
2018-10-19,31038,15829,15209,10
2018-10-20,31890,16264,15626,10
2018-10-21,35754,18235,17519,10
2018-10-22,38490,19630,18860,10
2018-10-23,35693,18203,17490,10
2018-10-24,30716,15665,15051,10
2018-11-25,24461,12475,11986,11
2018-11-26,27186,13865,13321,11
2018-11-27,28254,14410,13844,11
2018-10-31,27206,13875,13331,11
2018-11-01,26349,13438,12911,11
2018-11-02,24475,12482,11993,11
2018-11-03,25973,13246,12727,11
2018-11-04,26894,13716,13178,11
2018-11-05,25041,12771,12270,11
2018-11-06,26515,13523,12992,11
2018-11-07,26820,13678,13142,11
2018-11-08,27811,14184,13627,11
2018-11-09,28520,14545,13975,11
2018-11-10,25966,13243,12723,11
2018-11-11,28368,14468,13900,11
2018-11-12,25034,12767,12267,11
2018-11-13,22269,11357,10912,11
2018-11-14,26127,13325,12802,11
2018-11-15,25541,13026,12515,11
2018-11-16,26411,13470,12941,11
2018-11-17,26178,13351,12827,11
2018-11-18,28295,14430,13865,11
2018-11-19,24708,12601,12107,11
2018-11-20,26544,13537,13007,11
2018-11-21,26168,13346,12822,11
2018-11-22,28952,14766,14186,11
2018-11-23,22372,11410,10962,11
2018-11-24,29409,14999,14410,11
2018-11-25,27982,14271,13711,11
2018-11-26,26386,13457,12929,11
2018-12-27,24870,12684,12186,12
2018-11-30,28728,14651,14077,12
2018-12-01,24786,12641,12145,12
2018-12-02,24442,12465,11977,12
2018-12-03,22584,11518,11066,12
2018-12-04,29985,15292,14693,12
2018-12-05,25092,12797,12295,12
2018-12-06,27753,14154,13599,12
2018-12-07,25474,12992,12482,12
2018-12-08,24771,12633,12138,12
2018-12-09,29156,14870,14286,12
2018-12-10,23119,11791,11328,12
2018-12-11,24733,12614,12119,12
2018-12-12,29757,15176,14581,12
2018-12-13,25374,12941,12433,12
2018-12-14,29089,14835,14254,12
2018-12-15,26133,13328,12805,12
2018-12-16,25088,12795,12293,12
2018-12-17,24669,12581,12088,12
2018-12-18,29592,15092,14500,12
2018-12-19,28517,14544,13973,12
2018-12-20,28419,14494,13925,12
2018-12-21,26893,13715,13178,12
2018-12-22,26236,13380,12856,12
2018-12-23,26774,13655,13119,12
2018-12-24,29706,15150,14556,12
2018-12-25,22527,11489,11038,12
2018-12-26,25725,13120,12605,12
2018-12-27,26057,13289,12768,12
2018-11-30,28334,14450,13884,12
2018-12-31,27267,13906,13361,1
2019-01-01,24426,12457,11969,1
2019-01-02,27395,13971,13424,1
2019-01-03,24159,12321,11838,1
2019-01-04,29382,14985,14397,1
2019-01-05,24870,12684,12186,1
2019-01-06,27687,14120,13567,1
2019-01-07,25804,13160,12644,1
2019-01-08,27274,13910,13364,1
2019-01-09,26439,13484,12955,1
2019-01-10,28882,14730,14152,1
2019-01-11,28884,14731,14153,1
2019-01-12,26733,13634,13099,1
2019-01-13,26925,13732,13193,1
2019-01-14,26071,13296,12775,1
2019-01-15,26331,13429,12902,1
2019-01-16,26396,13462,12934,1
2019-01-17,24933,12716,12217,1
2019-01-18,27185,13864,13321,1
2019-01-19,22394,11421,10973,1
2019-01-20,23234,11849,11385,1
2019-01-21,22998,11729,11269,1
2019-01-22,26960,13750,13210,1
2019-01-23,23607,12040,11567,1
2019-01-24,26210,13367,12843,1
2019-01-25,24103,12293,11810,1
2019-01-26,29332,14959,14373,1
2019-01-27,28067,14314,13753,1
2018-12-31,27254,13900,13354,1
2019-01-01,23549,12010,11539,1
2019-01-02,28374,14471,13903,1
2019-02-03,22364,11406,10958,2
2019-02-04,22375,11411,10964,2
2019-02-05,20592,10502,10090,2
2019-02-06,22747,11601,11146,2
2019-02-07,20269,10337,9932,2
2019-02-08,23324,11895,11429,2
2019-02-09,22926,11692,11234,2
2019-02-10,21594,11013,10581,2
2019-02-11,21785,11110,10675,2
2019-02-12,19987,10193,9794,2
2019-02-13,23146,11804,11342,2
2019-02-14,19674,10034,9640,2
2019-02-15,21786,11111,10675,2
2019-02-16,19813,10105,9708,2
2019-02-17,18296,9331,8965,2
2019-02-18,18828,9602,9226,2
2019-02-19,19464,9927,9537,2
2019-02-20,22013,11227,10786,2
2019-02-21,20117,10260,9857,2
2019-02-22,23221,11843,11378,2
2019-02-23,20703,10559,10144,2
2019-02-24,20063,10232,9831,2
2019-02-25,20356,10382,9974,2
2019-02-26,22126,11284,10842,2
2019-02-27,19205,9795,9410,2
2019-01-31,20407,10408,9999,2
2019-02-01,19261,9823,9438,2
2019-02-02,18340,9353,8987,2
2019-02-03,24141,12312,11829,2
2019-02-04,18203,9284,8919,2
2019-03-05,31895,16266,15629,3
2019-03-06,31833,16235,15598,3
2019-03-07,27498,14024,13474,3
2019-03-08,28474,14522,13952,3
2019-03-09,29128,14855,14273,3
2019-03-10,33666,17170,16496,3
2019-03-11,32560,16606,15954,3
2019-03-12,30557,15584,14973,3
2019-03-13,29751,15173,14578,3
2019-03-14,33565,17118,16447,3
2019-03-15,26714,13624,13090,3
2019-03-16,30146,15374,14772,3
2019-03-17,31866,16252,15614,3
2019-03-18,32511,16581,15930,3
2019-03-19,34182,17433,16749,3
2019-03-20,25670,13092,12578,3
2019-03-21,25657,13085,12572,3
2019-03-22,27118,13830,13288,3
2019-03-23,28307,14437,13870,3
2019-03-24,30002,15301,14701,3
2019-03-25,33106,16884,16222,3
2019-03-26,32692,16673,16019,3
2019-03-27,33465,17067,16398,3
2019-02-28,31664,16149,15515,3
2019-03-01,30263,15434,14829,3
2019-03-02,31557,16094,15463,3
2019-03-03,26726,13630,13096,3
2019-03-04,30349,15478,14871,3
2019-03-05,32385,16516,15869,3
2019-03-06,32691,16672,16019,3
2019-03-07,34102,17392,16710,3
2019-04-08,32974,16817,16157,4
2019-04-09,29390,14989,14401,4
2019-04-10,32727,16691,16036,4
2019-04-11,33876,17277,16599,4
2019-04-12,32718,16686,16032,4
2019-04-13,38463,19616,18847,4
2019-04-14,30876,15747,15129,4
2019-04-15,32443,16546,15897,4
2019-04-16,35073,17887,17186,4
2019-04-17,29197,14890,14307,4
2019-04-18,37317,19032,18285,4
2019-04-19,30057,15329,14728,4
2019-04-20,29521,15056,14465,4
2019-04-21,38046,19403,18643,4
2019-04-22,30908,15763,15145,4
2019-04-23,36096,18409,17687,4
2019-04-24,30753,15684,15069,4
2019-04-25,32340,16493,15847,4
2019-04-26,30534,15572,14962,4
2019-04-27,36177,18450,17727,4
2019-03-31,34089,17385,16704,4
2019-04-01,36647,18690,17957,4
2019-04-02,32547,16599,15948,4
2019-04-03,31755,16195,15560,4
2019-04-04,34114,17398,16716,4
2019-04-05,38033,19397,18636,4
2019-04-06,30712,15663,15049,4
2019-04-07,30619,15616,15003,4
2019-04-08,35347,18027,17320,4
2019-04-09,29128,14855,14273,4
2019-05-11,38812,19794,19018,5
2019-05-12,36348,18537,17811,5
2019-05-13,37722,19238,18484,5
2019-05-14,34499,17594,16905,5
2019-05-15,36717,18726,17991,5
2019-05-16,37205,18975,18230,5
2019-05-17,33122,16892,16230,5
2019-05-18,37438,19093,18345,5
2019-05-19,37744,19249,18495,5
2019-05-20,36032,18376,17656,5
2019-05-21,36225,18475,17750,5
2019-05-22,35685,18199,17486,5
2019-05-23,36940,18839,18101,5
2019-05-24,31459,16044,15415,5
2019-05-25,37127,18935,18192,5
2019-05-26,33405,17037,16368,5
2019-05-27,29113,14848,14265,5
2019-05-28,33863,17270,16593,5
2019-04-30,36617,18675,17942,5
2019-05-01,30051,15326,14725,5
2019-05-02,31845,16241,15604,5
2019-05-03,33679,17176,16503,5
2019-05-04,38531,19651,18880,5
2019-05-06,31042,15831,15211,5
2019-05-07,29347,14967,14380,5
2019-05-08,35601,18157,17444,5
2019-05-09,29647,15120,14527,5
2019-05-10,34233,17459,16774,5
2019-05-11,35096,17899,17197,5
2019-05-12,30767,15691,15076,5
2019-05-13,36157,18440,17717,5
2019-06-13,26780,13658,13122,6
2019-06-14,27407,13978,13429,6
2019-06-15,26690,13612,13078,6
2019-06-16,26398,13463,12935,6
2019-06-17,32276,16461,15815,6
2019-06-18,32552,16602,15950,6
2019-06-19,28589,14580,14009,6
2019-06-20,33268,16967,16301,6
2019-06-21,25671,13092,12579,6
2019-06-22,27153,13848,13305,6
2019-06-23,27708,14131,13577,6
2019-06-24,29916,15257,14659,6
2019-06-25,32988,16824,16164,6
2019-06-26,30230,15417,14813,6
2019-06-27,27109,13826,13283,6
2019-06-01,26478,13504,12974,6
2019-06-02,32678,16666,16012,6
2019-06-03,25502,13006,12496,6
2019-06-04,31721,16178,15543,6
2019-06-05,33060,16861,16199,6
2019-06-06,30089,15345,14744,6
2019-06-07,30788,15702,15086,6
2019-06-08,31411,16020,15391,6
2019-06-09,30725,15670,15055,6
2019-06-09,26776,13656,13120,6
2019-06-10,27178,13861,13317,6
2019-06-11,30304,15455,14849,6
2019-06-12,26612,13572,13040,6
2019-06-13,26079,13300,12779,6
2019-06-14,28429,14499,13930,6
2019-07-15,57420,29284,28136,7
2019-07-16,45676,23295,22381,7
2019-07-17,58309,29738,28571,7
2019-07-18,53378,27223,26155,7
2019-07-19,54803,27950,26853,7
2019-07-20,48708,24841,23867,7
2019-07-21,54701,27898,26803,7
2019-07-22,50372,25690,24682,7
2019-07-23,58409,29789,28620,7
2019-07-24,50383,25695,24688,7
2019-07-25,53873,27475,26398,7
2019-07-26,43723,22299,21424,7
2019-07-27,56700,28917,27783,7
2019-06-30,50365,25686,24679,7
2019-07-01,45521,23216,22305,7
2019-07-02,48015,24488,23527,7
2019-07-03,53812,27444,26368,7
2019-07-04,46657,23795,22862,7
2019-07-05,53436,27252,26184,7
2019-07-06,54054,27568,26486,7
2019-07-07,47785,24370,23415,7
2019-07-08,45133,23018,22115,7
2019-07-09,49132,25057,24075,7
2019-07-10,53765,27420,26345,7
2019-07-11,49493,25241,24252,7
2019-07-12,43677,22275,21402,7
2019-07-13,52437,26743,25694,7
2019-07-14,55699,28406,27293,7
2019-07-15,48231,24598,23633,7
2019-07-16,52134,26588,25546,7
2019-08-17,67704,34529,33175,8
2019-08-18,51441,26235,25206,8
2019-08-19,68623,34998,33625,8
2019-08-20,64019,32650,31369,8
2019-08-21,52514,26782,25732,8
2019-08-22,64995,33147,31848,8
2019-08-23,63389,32328,31061,8
2019-08-24,65700,33507,32193,8
2019-08-25,53273,27169,26104,8
2019-08-26,54287,27686,26601,8
2019-08-27,57025,29083,27942,8
2019-07-31,58288,29727,28561,8
2019-08-01,65437,33373,32064,8
2019-08-02,68427,34898,33529,8
2019-08-03,56546,28838,27708,8
2019-08-04,61217,31221,29996,8
2019-08-05,63342,32304,31038,8
2019-08-06,56761,28948,27813,8
2019-08-07,59758,30477,29281,8
2019-08-08,63790,32533,31257,8
2019-08-09,51624,26328,25296,8
2019-08-10,58651,29912,28739,8
2019-08-11,63899,32588,31311,8
2019-08-12,54264,27675,26589,8
2019-08-13,62226,31735,30491,8
2019-08-14,57955,29557,28398,8
2019-08-15,62566,31909,30657,8
2019-08-16,51957,26498,25459,8
2019-08-17,62257,31751,30506,8
2019-08-18,63683,32478,31205,8
2019-08-19,56831,28984,27847,8
2019-09-20,47713,24334,23379,9
2019-09-21,47914,24436,23478,9
2019-09-22,38986,19883,19103,9
2019-09-23,46433,23681,22752,9
2019-09-24,36679,18706,17973,9
2019-09-25,37543,19147,18396,9
2019-09-26,46775,23855,22920,9
2019-09-27,40586,20699,19887,9
2019-08-31,47288,24117,23171,9
2019-09-01,43395,22131,21264,9
2019-09-02,36412,18570,17842,9
2019-09-03,43826,22351,21475,9
2019-09-04,38632,19702,18930,9
2019-09-05,37193,18968,18225,9
2019-09-06,38288,19527,18761,9
2019-09-07,42493,21671,20822,9
2019-09-08,40454,20632,19822,9
2019-09-09,38345,19556,18789,9
2019-09-10,36630,18681,17949,9
2019-09-11,39548,20169,19379,9
2019-09-12,46884,23911,22973,9
2019-09-13,41547,21189,20358,9
2019-09-14,39726,20260,19466,9
2019-09-15,41223,21024,20199,9
2019-09-16,36776,18756,18020,9
2019-09-17,41813,21325,20488,9
2019-09-18,39558,20175,19383,9
2019-09-19,39008,19894,19114,9
2019-09-20,44017,22449,21568,9
2019-09-21,37602,19177,18425,9
2019-10-22,39009,19895,19114,10
2019-10-23,43798,22337,21461,10
2019-10-24,36697,18715,17982,10
2019-10-25,37838,19297,18541,10
2019-10-26,34978,17839,17139,10
2019-10-27,40936,20877,20059,10
2019-09-30,35440,18074,17366,10
2019-10-01,40058,20430,19628,10
2019-10-02,43033,21947,21086,10
2019-10-03,42324,21585,20739,10
2019-10-04,44136,22509,21627,10
2019-10-05,36834,18785,18049,10
2019-10-06,33260,16963,16297,10
2019-10-07,41186,21005,20181,10
2019-10-08,33511,17091,16420,10
2019-10-09,33325,16996,16329,10
2019-10-10,36927,18833,18094,10
2019-10-11,35093,17897,17196,10
2019-10-12,33583,17127,16456,10
2019-10-13,34596,17644,16952,10
2019-10-14,40166,20485,19681,10
2019-10-15,42827,21842,20985,10
2019-10-16,33294,16980,16314,10
2019-10-17,43751,22313,21438,10
2019-10-18,33724,17199,16525,10
2019-10-19,41729,21282,20447,10
2019-10-20,36996,18868,18128,10
2019-10-21,39846,20321,19525,10
2019-10-22,33149,16906,16243,10
2019-10-23,41864,21351,20513,10
2019-10-24,41025,20923,20102,10
2019-11-25,30789,15702,15087,11
2019-11-26,33415,17042,16373,11
2019-11-27,29918,15258,14660,11
2019-10-31,29827,15212,14615,11
2019-11-01,26285,13405,12880,11
2019-11-02,27441,13995,13446,11
2019-11-03,27690,14122,13568,11
2019-11-04,32558,16605,15953,11
2019-11-05,31889,16263,15626,11
2019-11-06,28603,14588,14015,11
2019-11-07,31706,16170,15536,11
2019-11-08,26575,13553,13022,11
2019-11-09,28253,14409,13844,11
2019-11-10,31827,16232,15595,11
2019-11-11,31811,16224,15587,11
2019-11-12,32764,16710,16054,11
2019-11-13,30593,15602,14991,11
2019-11-14,32111,16377,15734,11
2019-11-15,29110,14846,14264,11
2019-11-16,27501,14026,13475,11
2019-11-17,29093,14837,14256,11
2019-11-18,31297,15961,15336,11
2019-11-19,27571,14061,13510,11
2019-11-20,25906,13212,12694,11
2019-11-21,29680,15137,14543,11
2019-11-22,31785,16210,15575,11
2019-11-23,28885,14731,14154,11
2019-11-24,32935,16797,16138,11
2019-11-25,26346,13436,12910,11
2019-11-26,31404,16016,15388,11
2019-12-27,34129,17406,16723,12
2019-11-30,33997,17338,16659,12
2019-12-01,33612,17142,16470,12
2019-12-02,25801,13159,12642,12
2019-12-03,29046,14813,14233,12
2019-12-04,33691,17182,16509,12
2019-12-05,32882,16770,16112,12
2019-12-06,26459,13494,12965,12
2019-12-07,26591,13561,13030,12
2019-12-08,30353,15480,14873,12
2019-12-09,27811,14184,13627,12
2019-12-10,25722,13118,12604,12
2019-12-11,33592,17132,16460,12
2019-12-12,30817,15717,15100,12
2019-12-13,30875,15746,15129,12
2019-12-14,26588,13560,13028,12
2019-12-15,27963,14261,13702,12
2019-12-16,30928,15773,15155,12
2019-12-17,25543,13027,12516,12
2019-12-18,33982,17331,16651,12
2019-12-19,33249,16957,16292,12
2019-12-20,27716,14135,13581,12
2019-12-21,31920,16279,15641,12
2019-12-22,31190,15907,15283,12
2019-12-23,33008,16834,16174,12
2019-12-24,25680,13097,12583,12
2019-12-25,26255,13390,12865,12
2019-12-26,29739,15167,14572,12
2019-12-27,25935,13227,12708,12
2019-11-30,31454,16042,15412,12
2019-12-31,6070,3096,2974,1
2020-01-01,5981,3050,2931,1
2020-01-02,5806,2961,2845,1
2020-01-03,5440,2774,2666,1
2020-01-04,5833,2975,2858,1
2020-01-05,5453,2781,2672,1
2020-01-06,5566,2839,2727,1
2020-01-07,5422,2765,2657,1
2020-01-08,5374,2741,2633,1
2020-01-09,4696,2395,2301,1
2020-01-10,5620,2866,2754,1
2020-01-11,4850,2474,2376,1
2020-01-12,4790,2443,2347,1
2020-01-13,5342,2724,2618,1
2020-01-14,5152,2628,2524,1
2020-01-15,5859,2988,2871,1
2020-01-16,5328,2717,2611,1
2020-01-17,5541,2826,2715,1
2020-01-18,5487,2798,2689,1
2020-01-19,6037,3079,2958,1
2020-01-20,6080,3101,2979,1
2020-01-21,5210,2657,2553,1
2020-01-22,5377,2742,2635,1
2020-01-23,4665,2379,2286,1
2020-01-24,6275,3200,3075,1
2020-01-25,6102,3112,2990,1
2020-01-26,5727,2921,2806,1
2020-01-27,5072,2587,2485,1
2019-12-31,5498,2804,2694,1
2020-01-01,4672,2383,2289,1
2020-01-02,5012,2556,2456,1
2020-02-03,5171,2637,2534,2
2020-02-04,4203,2144,2059,2
2020-02-05,5122,2612,2510,2
2020-02-06,3944,2011,1933,2
2020-02-07,4759,2427,2332,2
2020-02-08,4625,2359,2266,2
2020-02-09,5068,2585,2483,2
2020-02-10,4954,2527,2427,2
2020-02-11,4284,2185,2099,2
2020-02-12,5203,2654,2549,2
2020-02-13,4715,2405,2310,2
2020-02-14,4738,2416,2322,2
2020-02-15,4040,2060,1980,2
2020-02-16,4205,2145,2060,2
2020-02-17,4550,2321,2229,2
2020-02-18,4702,2398,2304,2
2020-02-19,4936,2517,2419,2
2020-02-20,4322,2204,2118,2
2020-02-21,4071,2076,1995,2
2020-02-22,3906,1992,1914,2
2020-02-23,4299,2192,2107,2
2020-02-24,5212,2658,2554,2
2020-02-25,5049,2575,2474,2
2020-02-26,4451,2270,2181,2
2020-02-27,4795,2445,2350,2
2020-01-31,3955,2017,1938,2
2020-02-01,4950,2525,2425,2
2020-02-02,4892,2495,2397,2
2020-02-03,3962,2021,1941,2
2020-02-04,4413,2251,2162,2
2020-03-05,5967,3043,2924,3
2020-03-06,7180,3662,3518,3
2020-03-07,6152,3138,3014,3
2020-03-08,6762,3449,3313,3
2020-03-09,6953,3546,3407,3
2020-03-10,7300,3723,3577,3
2020-03-11,6870,3504,3366,3
2020-03-12,6122,3122,3000,3
2020-03-13,5590,2851,2739,3
2020-03-14,6393,3260,3133,3
2020-03-15,6412,3270,3142,3
2020-03-16,5953,3036,2917,3
2020-03-17,7006,3573,3433,3
2020-03-18,7071,3606,3465,3
2020-03-19,6447,3288,3159,3
2020-03-20,6417,3273,3144,3
2020-03-21,5536,2823,2713,3
2020-03-22,6502,3316,3186,3
2020-03-23,5854,2986,2868,3
2020-03-24,6643,3388,3255,3
2020-03-25,6468,3299,3169,3
2020-03-26,5806,2961,2845,3
2020-03-27,7156,3650,3506,3
2020-02-29,5599,2855,2744,3
2020-03-01,6605,3369,3236,3
2020-03-02,5479,2794,2685,3
2020-03-03,6794,3465,3329,3
2020-03-04,5640,2876,2764,3
2020-03-05,6210,3167,3043,3
2020-03-06,5827,2972,2855,3
2020-03-07,6961,3550,3411,3
2020-04-08,8258,4212,4046,4
2020-04-09,7193,3668,3525,4
2020-04-10,6648,3390,3258,4
2020-04-11,7831,3994,3837,4
2020-04-12,7700,3927,3773,4
2020-04-13,6404,3266,3138,4
2020-04-14,6279,3202,3077,4
2020-04-15,6359,3243,3116,4
2020-04-16,6410,3269,3141,4
2020-04-17,6684,3409,3275,4
2020-04-18,6386,3257,3129,4
2020-04-20,7369,3758,3611,4
2020-04-21,7913,4036,3877,4
2020-04-22,7672,3913,3759,4
2020-04-23,6389,3258,3131,4
2020-04-24,7408,3778,3630,4
2020-04-25,7142,3642,3500,4
2020-04-26,7703,3929,3774,4
2020-04-27,7434,3791,3643,4
2020-04-28,7815,3986,3829,4
2020-03-31,7725,3940,3785,4
2020-04-01,6525,3328,3197,4
2020-04-02,7693,3923,3770,4
2020-04-03,6677,3405,3272,4
2020-04-04,6479,3304,3175,4
2020-04-05,7310,3728,3582,4
2020-04-06,8095,4128,3967,4
2020-04-07,8042,4101,3941,4
2020-04-08,6305,3216,3089,4
2020-04-09,6544,3337,3207,4
2020-05-11,6489,3309,3180,5
2020-05-12,6933,3536,3397,5
2020-05-13,6998,3569,3429,5
2020-05-14,7346,3746,3600,5
2020-05-15,7021,3581,3440,5
2020-05-16,7038,3589,3449,5
2020-05-17,6767,3451,3316,5
2020-05-18,8105,4134,3971,5
2020-05-19,6943,3541,3402,5
2020-05-20,7535,3843,3692,5
2020-05-21,6244,3184,3060,5
2020-05-22,6399,3263,3136,5
2020-05-23,6428,3278,3150,5
2020-05-24,7655,3904,3751,5
2020-05-25,7021,3581,3440,5
2020-05-26,6727,3431,3296,5
2020-05-27,7365,3756,3609,5
2020-05-28,8295,4230,4065,5
2020-05-01,7230,3687,3543,5
2020-05-02,7528,3839,3689,5
2020-05-03,8143,4153,3990,5
2020-05-04,8031,4096,3935,5
2020-05-05,8348,4257,4091,5
2020-05-06,6267,3196,3071,5
2020-05-07,7126,3634,3492,5
2020-05-08,6444,3286,3158,5
2020-05-09,7943,4051,3892,5
2020-05-10,6611,3372,3239,5
2020-05-11,7383,3765,3618,5
2020-05-12,7550,3851,3699,5
2020-05-13,7613,3883,3730,5
2020-06-13,6515,3323,3192,6
2020-06-14,5816,2966,2850,6
2020-06-15,6416,3272,3144,6
2020-06-16,6478,3304,3174,6
2020-06-17,5900,3009,2891,6
2020-06-18,5844,2980,2864,6
2020-06-19,6603,3368,3235,6
2020-06-20,7195,3669,3526,6
2020-06-21,6192,3158,3034,6
2020-06-22,6903,3521,3382,6
2020-06-23,5604,2858,2746,6
2020-06-24,5476,2793,2683,6
2020-06-25,7249,3697,3552,6
2020-06-26,6668,3401,3267,6
2020-06-27,5527,2819,2708,6
2020-05-31,5836,2976,2860,6
2020-06-01,5712,2913,2799,6
2020-06-02,6601,3367,3234,6
2020-06-03,6938,3538,3400,6
2020-06-04,7117,3630,3487,6
2020-06-05,7194,3669,3525,6
2020-06-06,5576,2844,2732,6
2020-06-07,7231,3688,3543,6
2020-06-08,5732,2923,2809,6
2020-06-09,6672,3403,3269,6
2020-06-10,5927,3023,2904,6
2020-06-11,6477,3303,3174,6
2020-06-12,5856,2987,2869,6
2020-06-13,6365,3246,3119,6
2020-06-14,6896,3517,3379,6
2020-07-15,11526,5878,5648,7
2020-07-16,12078,6160,5918,7
2020-07-17,10516,5363,5153,7
2020-07-18,10625,5419,5206,7
2020-07-19,9943,5071,4872,7
2020-07-20,9562,4877,4685,7
2020-07-21,12378,6313,6065,7
2020-07-22,12124,6183,5941,7
2020-07-23,10982,5601,5381,7
2020-07-24,11454,5842,5612,7
2020-07-25,11283,5754,5529,7
2020-07-26,9591,4891,4700,7
2020-07-27,12423,6336,6087,7
2020-06-30,11544,5887,5657,7
2020-07-01,10801,5509,5292,7
2020-07-02,11847,6042,5805,7
2020-07-03,12295,6270,6025,7
2020-07-04,9714,4954,4760,7
2020-07-05,10910,5564,5346,7
2020-07-06,9771,4983,4788,7
2020-07-07,11138,5680,5458,7
2020-07-08,11335,5781,5554,7
2020-07-09,9329,4758,4571,7
2020-07-10,11591,5911,5680,7
2020-07-11,9621,4907,4714,7
2020-07-12,11984,6112,5872,7
2020-07-13,9620,4906,4714,7
2020-07-14,10908,5563,5345,7
2020-07-15,10929,5574,5355,7
2020-07-16,9313,4750,4563,7
2020-08-17,12883,6570,6313,8
2020-08-18,13977,7128,6849,8
2020-08-19,12306,6276,6030,8
2020-08-20,14420,7354,7066,8
2020-08-21,12031,6136,5895,8
2020-08-22,13337,6802,6535,8
2020-08-23,12069,6155,5914,8
2020-08-24,12150,6197,5953,8
2020-08-25,14269,7277,6992,8
2020-08-26,12349,6298,6051,8
2020-08-27,11359,5793,5566,8
2020-07-31,14035,7158,6877,8
2020-08-01,13099,6680,6419,8
2020-08-02,12722,6488,6234,8
2020-08-03,11220,5722,5498,8
2020-08-04,12494,6372,6122,8
2020-08-05,14392,7340,7052,8
2020-08-06,13680,6977,6703,8
2020-08-07,13647,6960,6687,8
2020-08-08,13357,6812,6545,8
2020-08-09,13528,6899,6629,8
2020-08-10,14149,7216,6933,8
2020-08-11,13439,6854,6585,8
2020-08-12,14431,7360,7071,8
2020-08-13,12656,6455,6201,8
2020-08-14,14069,7175,6894,8
2020-08-15,11843,6040,5803,8
2020-08-16,12770,6513,6257,8
2020-08-17,14353,7320,7033,8
2020-08-18,13014,6637,6377,8
2020-08-19,10992,5606,5386,8
2020-09-20,8330,4248,4082,9
2020-09-21,8440,4304,4136,9
2020-09-22,8190,4177,4013,9
2020-09-23,9062,4622,4440,9
2020-09-24,9088,4635,4453,9
2020-09-25,9572,4882,4690,9
2020-09-26,9601,4897,4704,9
2020-09-27,9032,4606,4426,9
2020-08-31,8989,4584,4405,9
2020-09-01,9111,4647,4464,9
2020-09-02,8885,4531,4354,9
2020-09-03,8676,4425,4251,9
2020-09-04,10063,5132,4931,9
2020-09-05,8962,4571,4391,9
2020-09-06,9837,5017,4820,9
2020-09-07,7742,3948,3794,9
2020-09-08,8210,4187,4023,9
2020-09-09,7774,3965,3809,9
2020-09-10,9802,4999,4803,9
2020-09-11,8323,4245,4078,9
2020-09-12,8429,4299,4130,9
2020-09-13,9666,4930,4736,9
2020-09-14,7785,3970,3815,9
2020-09-15,9593,4892,4701,9
2020-09-16,7776,3966,3810,9
2020-09-17,8101,4132,3969,9
2020-09-18,8861,4519,4342,9
2020-09-19,8733,4454,4279,9
2020-09-20,9380,4784,4596,9
2020-09-21,8334,4250,4084,9
2020-10-22,8598,4385,4213,10
2020-10-23,7759,3957,3802,10
2020-10-24,8034,4097,3937,10
2020-10-25,7731,3943,3788,10
2020-10-26,7251,3698,3553,10
2020-10-27,9184,4684,4500,10
2020-09-30,7349,3748,3601,10
2020-10-01,9099,4640,4459,10
2020-10-02,7166,3655,3511,10
2020-10-03,9177,4680,4497,10
2020-10-04,7712,3933,3779,10
2020-10-05,8311,4239,4072,10
2020-10-06,8538,4354,4184,10
2020-10-07,7794,3975,3819,10
2020-10-08,7692,3923,3769,10
2020-10-09,7151,3647,3504,10
2020-10-10,8682,4428,4254,10
2020-10-11,7586,3869,3717,10
2020-10-12,7362,3755,3607,10
2020-10-13,7152,3648,3504,10
2020-10-14,7235,3690,3545,10
2020-10-15,7251,3698,3553,10
2020-10-16,8962,4571,4391,10
2020-10-17,6981,3560,3421,10
2020-10-18,8141,4152,3989,10
2020-10-19,8847,4512,4335,10
2020-10-20,8407,4288,4119,10
2020-10-21,7334,3740,3594,10
2020-10-22,8420,4294,4126,10
2020-10-23,8635,4404,4231,10
2020-10-24,7564,3858,3706,10
2020-11-25,6043,3082,2961,11
2020-11-26,6934,3536,3398,11
2020-11-27,6863,3500,3363,11
2020-10-31,6861,3499,3362,11
2020-11-01,6917,3528,3389,11
2020-11-02,6109,3116,2993,11
2020-11-03,6009,3065,2944,11
2020-11-04,6376,3252,3124,11
2020-11-05,6219,3172,3047,11
2020-11-06,6992,3566,3426,11
2020-11-07,5643,2878,2765,11
2020-11-08,6132,3127,3005,11
2020-11-09,6870,3504,3366,11
2020-11-10,5653,2883,2770,11
2020-11-11,6842,3489,3353,11
2020-11-12,6182,3153,3029,11
2020-11-13,6906,3522,3384,11
2020-11-14,5953,3036,2917,11
2020-11-15,5588,2850,2738,11
2020-11-16,5706,2910,2796,11
2020-11-17,5587,2849,2738,11
2020-11-18,5494,2802,2692,11
2020-11-19,6570,3351,3219,11
2020-11-20,5770,2943,2827,11
2020-11-21,6417,3273,3144,11
2020-11-22,5648,2880,2768,11
2020-11-23,5604,2858,2746,11
2020-11-24,6917,3528,3389,11
2020-11-25,6319,3223,3096,11
2020-11-26,6929,3534,3395,11
2020-12-27,5688,2901,2787,12
2020-11-30,6188,3156,3032,12
2020-12-01,6272,3199,3073,12
2020-12-02,6217,3171,3046,12
2020-12-03,5732,2923,2809,12
2020-12-04,6451,3290,3161,12
2020-12-05,7219,3682,3537,12
2020-12-06,5568,2840,2728,12
2020-12-07,5677,2895,2782,12
2020-12-08,6697,3415,3282,12
2020-12-09,6881,3509,3372,12
2020-12-10,7109,3626,3483,12
2020-12-11,5650,2882,2768,12
2020-12-12,7227,3686,3541,12
2020-12-13,6387,3257,3130,12
2020-12-14,6719,3427,3292,12
2020-12-15,6470,3300,3170,12
2020-12-16,6018,3069,2949,12
2020-12-17,6420,3274,3146,12
2020-12-18,7247,3696,3551,12
2020-12-19,6096,3109,2987,12
2020-12-20,6635,3384,3251,12
2020-12-21,6495,3312,3183,12
2020-12-22,6076,3099,2977,12
2020-12-23,6829,3483,3346,12
2020-12-24,6008,3064,2944,12
2020-12-25,6274,3200,3074,12
2020-12-26,6404,3266,3138,12
2020-12-27,7128,3635,3493,12
2020-11-30,6459,3294,3165,12
2020-12-01,6236,3180,3056,12
2020-12-31,7775,3965,3810,1
2021-01-01,8405,4287,4118,1
2021-01-02,8213,4189,4024,1
2021-01-03,7318,3732,3586,1
2021-01-04,8135,4149,3986,1
2021-01-05,9668,4931,4737,1
2021-01-06,8603,4388,4215,1
2021-01-07,7386,3767,3619,1
2021-01-08,9224,4704,4520,1
2021-01-09,8580,4376,4204,1
2021-01-10,7482,3816,3666,1
2021-01-11,8293,4229,4064,1
2021-01-12,8520,4345,4175,1
2021-01-13,9681,4937,4744,1
2021-01-14,8488,4329,4159,1
2021-01-15,8268,4217,4051,1
2021-01-16,8426,4297,4129,1
2021-01-17,7965,4062,3903,1
2021-01-18,8469,4319,4150,1
2021-01-19,7850,4004,3846,1
2021-01-20,7589,3870,3719,1
2021-01-21,9553,4872,4681,1
2021-01-22,8114,4138,3976,1
2021-01-23,8948,4563,4385,1
2021-01-24,9098,4640,4458,1
2021-01-25,8991,4585,4406,1
2021-01-26,7863,4010,3853,1
2021-01-27,9443,4816,4627,1
2020-12-31,9231,4708,4523,1
2021-01-01,8331,4249,4082,1
2021-01-02,8364,4266,4098,1
2021-02-03,6074,3098,2976,2
2021-02-04,6113,3118,2995,2
2021-02-05,8004,4082,3922,2
2021-02-06,7599,3875,3724,2
2021-02-07,6522,3326,3196,2
2021-02-08,7995,4077,3918,2
2021-02-09,6333,3230,3103,2
2021-02-10,6629,3381,3248,2
2021-02-11,7855,4006,3849,2
2021-02-12,6772,3454,3318,2
2021-02-13,6981,3560,3421,2
2021-02-14,6988,3564,3424,2
2021-02-15,6800,3468,3332,2
2021-02-16,7609,3881,3728,2
2021-02-17,7814,3985,3829,2
2021-02-18,7958,4059,3899,2
2021-02-19,6683,3408,3275,2
2021-02-20,6956,3548,3408,2
2021-02-21,7622,3887,3735,2
2021-02-22,7627,3890,3737,2
2021-02-23,7578,3865,3713,2
2021-02-24,7925,4042,3883,2
2021-02-25,7085,3613,3472,2
2021-02-26,8036,4098,3938,2
2021-02-27,8037,4099,3938,2
2021-01-31,6423,3276,3147,2
2021-02-01,6475,3302,3173,2
2021-02-02,7330,3738,3592,2
2021-02-03,6798,3467,3331,2
2021-02-04,7833,3995,3838,2
2021-03-05,9243,4714,4529,3
2021-03-06,8736,4455,4281,3
2021-03-07,8377,4272,4105,3
2021-03-08,9860,5029,4831,3
2021-03-09,9644,4918,4726,3
2021-03-10,10118,5160,4958,3
2021-03-11,10904,5561,5343,3
2021-03-12,10774,5495,5279,3
2021-03-13,8510,4340,4170,3
2021-03-14,10031,5116,4915,3
2021-03-15,10576,5394,5182,3
2021-03-16,11007,5614,5393,3
2021-03-17,10357,5282,5075,3
2021-03-18,10596,5404,5192,3
2021-03-19,8641,4407,4234,3
2021-03-20,10161,5182,4979,3
2021-03-21,8725,4450,4275,3
2021-03-22,9601,4897,4704,3
2021-03-23,9446,4817,4629,3
2021-03-24,8370,4269,4101,3
2021-03-25,11259,5742,5517,3
2021-03-26,9595,4893,4702,3
2021-03-27,10599,5405,5194,3
2021-02-28,9835,5016,4819,3
2021-03-01,11144,5683,5461,3
2021-03-02,9985,5092,4893,3
2021-03-03,11217,5721,5496,3
2021-03-04,11052,5637,5415,3
2021-03-05,11039,5630,5409,3
2021-03-06,10871,5544,5327,3
2021-03-07,9263,4724,4539,3
2021-04-08,10216,5210,5006,4
2021-04-09,10715,5465,5250,4
2021-04-10,11231,5728,5503,4
2021-04-12,11968,6104,5864,4
2021-04-13,9817,5007,4810,4
2021-04-14,9553,4872,4681,4
2021-04-15,10714,5464,5250,4
2021-04-16,11597,5914,5683,4
2021-04-17,12590,6421,6169,4
2021-04-18,10562,5387,5175,4
2021-04-19,10880,5549,5331,4
2021-04-20,12626,6439,6187,4
2021-04-21,10289,5247,5042,4
2021-04-22,11979,6109,5870,4
2021-04-23,11719,5977,5742,4
2021-04-24,10418,5313,5105,4
2021-04-25,10797,5506,5291,4
2021-04-26,11217,5721,5496,4
2021-04-27,11876,6057,5819,4
2021-04-28,10093,5147,4946,4
2021-03-31,10894,5556,5338,4
2021-04-01,10262,5234,5028,4
2021-04-02,9835,5016,4819,4
2021-04-03,12832,6544,6288,4
2021-04-04,12452,6351,6101,4
2021-04-05,10718,5466,5252,4
2021-04-06,11278,5752,5526,4
2021-04-07,12566,6409,6157,4
2021-04-08,12066,6154,5912,4
2021-04-09,10098,5150,4948,4
2021-05-11,12069,6155,5914,5
2021-05-12,12489,6369,6120,5
2021-05-13,12218,6231,5987,5
2021-05-14,12118,6180,5938,5
2021-05-15,11243,5734,5509,5
2021-05-16,11008,5614,5394,5
2021-05-16,12879,6568,6311,5
2021-05-17,9825,5011,4814,5
2021-05-18,11243,5734,5509,5
2021-05-19,11310,5768,5542,5
2021-05-20,12395,6321,6074,5
2021-05-21,10894,5556,5338,5
2021-05-22,11643,5938,5705,5
2021-05-23,12673,6463,6210,5
2021-05-24,10919,5569,5350,5
2021-05-25,12543,6397,6146,5
2021-05-26,11997,6118,5879,5
2021-05-27,11998,6119,5879,5
2021-05-01,11715,5975,5740,5
2021-05-02,12705,6480,6225,5
2021-05-03,9595,4893,4702,5
2021-05-04,11014,5617,5397,5
2021-05-05,10960,5590,5370,5
2021-05-06,11959,6099,5860,5
2021-05-07,12470,6360,6110,5
2021-05-08,12511,6381,6130,5
2021-05-09,11783,6009,5774,5
2021-05-10,12444,6346,6098,5
2021-05-11,12873,6565,6308,5
2021-05-12,10833,5525,5308,5
2021-05-13,12771,6513,6258,5
2021-06-13,8399,4283,4116,6
2021-06-14,8749,4462,4287,6
2021-06-15,8444,4306,4138,6
2021-06-16,10989,5604,5385,6
2021-06-17,9579,4885,4694,6
2021-06-18,8610,4391,4219,6
2021-06-19,9379,4783,4596,6
2021-06-20,9710,4952,4758,6
2021-06-21,8805,4491,4314,6
2021-06-22,11118,5670,5448,6
2021-06-23,11231,5728,5503,6
2021-06-24,9381,4784,4597,6
2021-06-25,9437,4813,4624,6
2021-06-26,8841,4509,4332,6
2021-06-27,8799,4487,4312,6
2021-05-31,8912,4545,4367,6
2021-06-01,10699,5456,5243,6
2021-06-02,10063,5132,4931,6
2021-06-03,8952,4566,4386,6
2021-06-04,9528,4859,4669,6
2021-06-05,9144,4663,4481,6
2021-06-06,8954,4567,4387,6
2021-06-07,9560,4876,4684,6
2021-06-08,10274,5240,5034,6
2021-06-09,11121,5672,5449,6
2021-06-10,8678,4426,4252,6
2021-06-11,10641,5427,5214,6
2021-06-12,11133,5678,5455,6
2021-06-13,9458,4824,4634,6
2021-06-14,8854,4516,4338,6
2021-07-15,16227,8276,7951,7
2021-07-16,15317,7812,7505,7
2021-07-17,17593,8972,8621,7
2021-07-18,17123,8733,8390,7
2021-07-19,17281,8813,8468,7
2021-07-20,19101,9742,9359,7
2021-07-21,17950,9155,8795,7
2021-07-22,16703,8519,8184,7
2021-07-23,18014,9187,8827,7
2021-07-24,19012,9696,9316,7
2021-07-25,15896,8107,7789,7
2021-07-26,16420,8374,8046,7
2021-07-27,16205,8265,7940,7
2021-06-30,17166,8755,8411,7
2021-07-01,18811,9594,9217,7
2021-07-02,14643,7468,7175,7
2021-07-03,16863,8600,8263,7
2021-07-04,16361,8344,8017,7
2021-07-05,14538,7414,7124,7
2021-07-06,18703,9539,9164,7
2021-07-07,16988,8664,8324,7
2021-07-08,14943,7621,7322,7
2021-07-09,15325,7816,7509,7
2021-07-10,15872,8095,7777,7
2021-07-11,18300,9333,8967,7
2021-07-12,16908,8623,8285,7
2021-07-13,18205,9285,8920,7
2021-07-14,16143,8233,7910,7
2021-07-15,19025,9703,9322,7
2021-07-16,19258,9822,9436,7
2021-08-17,20324,10365,9959,8
2021-08-18,20710,10562,10148,8
2021-08-19,18594,9483,9111,8
2021-08-20,20613,10513,10100,8
2021-08-21,18984,9682,9302,8
2021-08-22,21976,11208,10768,8
2021-08-23,17469,8909,8560,8
2021-08-24,21945,11192,10753,8
2021-08-25,19785,10090,9695,8
2021-08-26,18617,9495,9122,8
2021-08-27,19159,9771,9388,8
2021-07-31,18664,9519,9145,8
2021-08-01,17030,8685,8345,8
2021-08-02,19321,9854,9467,8
2021-08-03,18766,9571,9195,8
2021-08-04,22381,11414,10967,8
2021-08-05,17114,8728,8386,8
2021-08-06,20576,10494,10082,8
2021-08-07,18816,9596,9220,8
2021-08-08,19626,10009,9617,8
2021-08-09,16906,8622,8284,8
2021-08-10,17721,9038,8683,8
2021-08-11,19117,9750,9367,8
2021-08-12,17817,9087,8730,8
2021-08-13,21206,10815,10391,8
2021-08-14,21005,10713,10292,8
2021-08-15,19181,9782,9399,8
2021-08-16,21888,11163,10725,8
2021-08-17,22552,11502,11050,8
2021-08-18,21316,10871,10445,8
2021-08-19,21519,10975,10544,8
2021-09-20,15529,7920,7609,9
2021-09-21,15689,8001,7688,9
2021-09-22,15965,8142,7823,9
2021-09-23,15035,7668,7367,9
2021-09-24,12504,6377,6127,9
2021-09-25,12794,6525,6269,9
2021-09-26,12626,6439,6187,9
2021-09-27,15673,7993,7680,9
2021-08-31,14900,7599,7301,9
2021-09-01,14850,7574,7276,9
2021-09-02,14401,7345,7056,9
2021-09-03,14146,7214,6932,9
2021-09-04,14357,7322,7035,9
2021-09-05,15092,7697,7395,9
2021-09-06,14352,7320,7032,9
2021-09-07,15765,8040,7725,9
2021-09-08,13136,6699,6437,9
2021-09-09,13584,6928,6656,9
2021-09-10,12077,6159,5918,9
2021-09-11,15440,7874,7566,9
2021-09-12,15754,8035,7719,9
2021-09-13,13707,6991,6716,9
2021-09-14,12049,6145,5904,9
2021-09-15,15318,7812,7506,9
2021-09-16,13738,7006,6732,9
2021-09-17,15951,8135,7816,9
2021-09-18,14472,7381,7091,9
2021-09-19,13745,7010,6735,9
2021-09-20,14619,7456,7163,9
2021-09-21,14478,7384,7094,9
2021-10-22,12699,6476,6223,10
2021-10-23,11752,5994,5758,10
2021-10-24,11261,5743,5518,10
2021-10-25,12777,6516,6261,10
2021-10-26,12364,6306,6058,10
2021-10-27,11315,5771,5544,10
2021-09-30,14411,7350,7061,10
2021-10-01,10909,5564,5345,10
2021-10-02,12970,6615,6355,10
2021-10-03,11964,6102,5862,10
2021-10-04,14508,7399,7109,10
2021-10-05,12729,6492,6237,10
2021-10-06,13177,6720,6457,10
2021-10-07,13557,6914,6643,10
2021-10-08,13311,6789,6522,10
2021-10-09,13267,6766,6501,10
2021-10-10,11494,5862,5632,10
2021-10-11,12328,6287,6041,10
2021-10-12,10860,5539,5321,10
2021-10-13,11701,5968,5733,10
2021-10-14,12626,6439,6187,10
2021-10-15,10959,5589,5370,10
2021-10-16,12938,6598,6340,10
2021-10-17,11578,5905,5673,10
2021-10-18,14141,7212,6929,10
2021-10-19,13049,6655,6394,10
2021-10-20,14294,7290,7004,10
2021-10-21,11529,5880,5649,10
2021-10-22,13115,6689,6426,10
2021-10-23,13215,6740,6475,10
2021-10-24,11022,5621,5401,10
2021-11-25,9647,4920,4727,11
2021-11-26,9892,5045,4847,11
2021-11-27,8859,4518,4341,11
2021-10-31,9540,4865,4675,11
2021-11-01,9314,4750,4564,11
2021-11-02,10393,5300,5093,11
2021-11-03,10669,5441,5228,11
2021-11-04,9539,4865,4674,11
2021-11-05,9362,4775,4587,11
2021-11-06,8988,4584,4404,11
2021-11-07,9408,4798,4610,11
2021-11-08,10771,5493,5278,11
2021-11-09,8502,4336,4166,11
2021-11-10,9560,4876,4684,11
2021-11-11,9864,5031,4833,11
2021-11-12,8945,4562,4383,11
2021-11-13,10153,5178,4975,11
2021-11-14,9411,4800,4611,11
2021-11-15,9998,5099,4899,11
2021-11-16,10530,5370,5160,11
2021-11-17,8391,4279,4112,11
2021-11-18,10790,5503,5287,11
2021-11-19,10653,5433,5220,11
2021-11-20,9163,4673,4490,11
2021-11-21,8829,4503,4326,11
2021-11-22,10875,5546,5329,11
2021-11-23,10640,5426,5214,11
2021-11-24,10912,5565,5347,11
2021-11-25,10473,5341,5132,11
2021-11-26,11138,5680,5458,11
2021-12-27,9625,4909,4716,12
2021-11-30,8590,4381,4209,12
2021-12-01,11209,5717,5492,12
2021-12-02,8351,4259,4092,12
2021-12-03,9962,5081,4881,12
2021-12-04,9484,4837,4647,12
2021-12-05,10300,5253,5047,12
2021-12-06,8417,4293,4124,12
2021-12-07,10010,5105,4905,12
2021-12-08,8861,4519,4342,12
2021-12-09,10127,5165,4962,12
2021-12-10,8455,4312,4143,12
2021-12-11,10193,5198,4995,12
2021-12-12,8589,4380,4209,12
2021-12-13,11106,5664,5442,12
2021-12-14,10627,5420,5207,12
2021-12-15,10123,5163,4960,12
2021-12-16,10334,5270,5064,12
2021-12-17,9130,4656,4474,12
2021-12-18,9221,4703,4518,12
2021-12-19,8908,4543,4365,12
2021-12-20,10603,5408,5195,12
2021-12-21,9861,5029,4832,12
2021-12-22,10571,5391,5180,12
2021-12-23,10383,5295,5088,12
2021-12-24,9155,4669,4486,12
2021-12-25,9282,4734,4548,12
2021-12-26,8466,4318,4148,12
2021-12-27,8712,4443,4269,12
2021-11-30,9464,4827,4637,12
2021-12-31,20684,10549,10135,1
2022-01-01,23083,11772,11311,1
2022-01-02,20540,10475,10065,1
2022-01-03,20174,10289,9885,1
2022-01-04,22799,11627,11172,1
2022-01-05,21939,11189,10750,1
2022-01-06,21897,11167,10730,1
2022-01-07,22514,11482,11032,1
2022-01-08,23659,12066,11593,1
2022-01-09,18794,9585,9209,1
2022-01-10,19767,10081,9686,1
2022-01-11,22571,11511,11060,1
2022-01-12,22192,11318,10874,1
2022-01-13,18406,9387,9019,1
2022-01-14,23026,11743,11283,1
2022-01-15,23368,11918,11450,1
2022-01-16,20685,10549,10136,1
2022-01-17,24171,12327,11844,1
2022-01-18,21804,11120,10684,1
2022-01-19,21301,10864,10437,1
2022-01-20,24182,12333,11849,1
2022-01-21,18656,9515,9141,1
2022-01-22,20567,10489,10078,1
2022-01-23,22677,11565,11112,1
2022-01-24,22059,11250,10809,1
2022-01-25,22306,11376,10930,1
2022-01-26,18617,9495,9122,1
2022-01-27,19482,9936,9546,1
2021-12-31,22952,11706,11246,1
2022-01-01,19600,9996,9604,1
2022-01-02,21653,11043,10610,1
2022-02-03,19908,10153,9755,2
2022-02-04,19337,9862,9475,2
2022-02-05,20520,10465,10055,2
2022-02-06,16639,8486,8153,2
2022-02-07,19036,9708,9328,2
2022-02-08,19719,10057,9662,2
2022-02-09,20520,10465,10055,2
2022-02-10,16147,8235,7912,2
2022-02-11,15246,7775,7471,2
2022-02-12,19137,9760,9377,2
2022-02-13,17686,9020,8666,2
2022-02-14,15972,8146,7826,2
2022-02-15,17444,8896,8548,2
2022-02-16,15477,7893,7584,2
2022-02-17,20358,10383,9975,2
2022-02-18,17324,8835,8489,2
2022-02-19,17296,8821,8475,2
2022-02-20,17839,9098,8741,2
2022-02-21,19050,9716,9334,2
2022-02-22,15501,7906,7595,2
2022-02-23,15646,7979,7667,2
2022-02-24,19194,9789,9405,2
2022-02-25,17393,8870,8523,2
2022-02-26,19819,10108,9711,2
2022-02-27,18306,9336,8970,2
2022-01-31,17097,8719,8378,2
2022-02-01,16833,8585,8248,2
2022-02-02,19475,9932,9543,2
2022-02-03,15761,8038,7723,2
2022-02-04,20468,10439,10029,2
2022-03-05,23723,12099,11624,3
2022-03-06,27438,13993,13445,3
2022-03-07,23106,11784,11322,3
2022-03-08,28444,14506,13938,3
2022-03-09,21759,11097,10662,3
2022-03-10,27098,13820,13278,3
2022-03-11,24339,12413,11926,3
2022-03-12,24063,12272,11791,3
2022-03-13,24840,12668,12172,3
2022-03-14,28092,14327,13765,3
2022-03-15,22420,11434,10986,3
2022-03-16,26160,13342,12818,3
2022-03-17,27929,14244,13685,3
2022-03-18,27139,13841,13298,3
2022-03-19,24037,12259,11778,3
2022-03-20,27683,14118,13565,3
2022-03-21,22392,11420,10972,3
2022-03-22,26239,13382,12857,3
2022-03-23,21593,11012,10581,3
2022-03-24,27292,13919,13373,3
2022-03-25,27107,13825,13282,3
2022-03-26,25160,12832,12328,3
2022-03-28,22414,11431,10983,3
2022-02-28,21314,10870,10444,3
2022-03-01,24656,12575,12081,3
2022-03-02,25186,12845,12341,3
2022-03-03,25861,13189,12672,3
2022-03-04,25764,13140,12624,3
2022-03-05,24711,12603,12108,3
2022-03-06,27307,13927,13380,3
2022-03-07,26279,13402,12877,3
2022-04-09,32071,16356,15715,4
2022-04-10,24347,12417,11930,4
2022-04-11,31411,16020,15391,4
2022-04-12,24679,12586,12093,4
2022-04-13,28481,14525,13956,4
2022-04-14,26139,13331,12808,4
2022-04-15,25583,13047,12536,4
2022-04-16,27953,14256,13697,4
2022-04-17,25099,12800,12299,4
2022-04-18,25554,13033,12521,4
2022-04-19,25805,13161,12644,4
2022-04-20,29173,14878,14295,4
2022-04-21,26391,13459,12932,4
2022-04-22,32266,16456,15810,4
2022-04-23,29067,14824,14243,4
2022-04-24,29811,15204,14607,4
2022-04-25,27814,14185,13629,4
2022-04-26,31314,15970,15344,4
2022-04-27,30040,15320,14720,4
2022-04-28,29808,15202,14606,4
2022-04-01,29264,14925,14339,4
2022-04-02,25074,12788,12286,4
2022-04-03,30505,15558,14947,4
2022-04-04,31693,16163,15530,4
2022-04-05,31148,15885,15263,4
2022-04-06,32376,16512,15864,4
2022-04-07,29602,15097,14505,4
2022-04-08,28461,14515,13946,4
2022-04-09,31591,16111,15480,4
2022-04-10,27750,14153,13597,4
2022-05-10,31686,16160,15526,5
2022-05-11,29984,15292,14692,5
2022-05-12,30514,15562,14952,5
2022-05-13,26859,13698,13161,5
2022-05-14,28436,14502,13934,5
2022-05-15,24368,12428,11940,5
2022-05-16,27299,13922,13377,5
2022-05-17,31872,16255,15617,5
2022-05-18,29157,14870,14287,5
2022-05-19,28714,14644,14070,5
2022-05-20,31064,15843,15221,5
2022-05-21,29359,14973,14386,5
2022-05-22,29059,14820,14239,5
2022-05-23,31045,15833,15212,5
2022-05-24,26125,13324,12801,5
2022-05-25,25416,12962,12454,5
2022-05-26,26582,13557,13025,5
2022-05-27,27834,14195,13639,5
2022-05-01,30052,15327,14725,5
2022-05-02,31194,15909,15285,5
2022-05-03,28622,14597,14025,5
2022-05-04,25221,12863,12358,5
2022-05-05,28140,14351,13789,5
2022-05-06,28220,14392,13828,5
2022-05-07,31339,15983,15356,5
2022-05-08,24922,12710,12212,5
2022-05-08,27613,14083,13530,5
2022-05-09,30363,15485,14878,5
2022-05-10,30083,15342,14741,5
2022-05-11,30213,15409,14804,5
2022-05-12,30034,15317,14717,5
2022-06-13,21847,11142,10705,6
2022-06-14,21685,11059,10626,6
2022-06-15,25534,13022,12512,6
2022-06-16,22728,11591,11137,6
2022-06-17,24319,12403,11916,6
2022-06-18,25135,12819,12316,6
2022-06-19,22991,11725,11266,6
2022-06-20,28134,14348,13786,6
2022-06-21,27242,13893,13349,6
2022-06-22,27491,14020,13471,6
2022-06-23,23638,12055,11583,6
2022-06-24,22073,11257,10816,6
2022-06-25,22015,11228,10787,6
2022-06-26,25092,12797,12295,6
2022-06-27,26104,13313,12791,6
2022-05-31,23681,12077,11604,6
2022-06-01,27363,13955,13408,6
2022-06-02,25295,12900,12395,6
2022-06-03,25662,13088,12574,6
2022-06-04,25026,12763,12263,6
2022-06-05,27920,14239,13681,6
2022-06-06,21956,11198,10758,6
2022-06-07,27694,14124,13570,6
2022-06-08,26753,13644,13109,6
2022-06-09,22201,11323,10878,6
2022-06-10,24069,12275,11794,6
2022-06-11,23113,11788,11325,6
2022-06-12,24466,12478,11988,6
2022-06-13,25365,12936,12429,6
2022-06-14,26266,13396,12870,6
2022-07-15,40859,20838,20021,7
2022-07-16,37646,19199,18447,7
2022-07-17,47891,24424,23467,7
2022-07-18,46226,23575,22651,7
2022-07-19,39565,20178,19387,7
2022-07-20,46991,23965,23026,7
2022-07-21,41061,20941,20120,7
2022-07-22,43931,22405,21526,7
2022-07-23,45542,23226,22316,7
2022-07-24,40079,20440,19639,7
2022-07-25,46912,23925,22987,7
2022-07-26,39712,20253,19459,7
2022-07-27,47223,24084,23139,7
2022-06-30,39088,19935,19153,7
2022-07-01,49134,25058,24076,7
2022-07-02,46917,23928,22989,7
2022-07-03,44494,22692,21802,7
2022-07-04,39768,20282,19486,7
2022-07-05,43866,22372,21494,7
2022-07-06,48447,24708,23739,7
2022-07-07,40019,20410,19609,7
2022-07-08,46523,23727,22796,7
2022-07-09,45762,23339,22423,7
2022-07-10,38435,19602,18833,7
2022-07-11,46373,23650,22723,7
2022-07-12,46055,23488,22567,7
2022-07-13,47485,24217,23268,7
2022-07-14,45888,23403,22485,7
2022-07-15,40425,20617,19808,7
2022-07-16,44402,22645,21757,7
2022-08-17,57600,29376,28224,8
2022-08-18,43329,22098,21231,8
2022-08-19,44410,22649,21761,8
2022-08-20,57414,29281,28133,8
2022-08-21,53020,27040,25980,8
2022-08-22,46603,23768,22835,8
2022-08-23,44975,22937,22038,8
2022-08-24,45669,23291,22378,8
2022-08-25,53999,27539,26460,8
2022-08-26,57529,29340,28189,8
2022-08-27,42864,21861,21003,8
2022-07-31,46166,23545,22621,8
2022-08-01,50864,25941,24923,8
2022-08-02,54309,27698,26611,8
2022-08-03,43877,22377,21500,8
2022-08-04,56837,28987,27850,8
2022-08-05,57129,29136,27993,8
2022-08-06,50077,25539,24538,8
2022-08-07,52066,26554,25512,8
2022-08-08,48938,24958,23980,8
2022-08-09,43586,22229,21357,8
2022-08-10,52969,27014,25955,8
2022-08-11,49850,25424,24426,8
2022-08-12,52962,27011,25951,8
2022-08-13,46948,23943,23005,8
2022-08-14,55307,28207,27100,8
2022-08-15,52178,26611,25567,8
2022-08-16,48565,24768,23797,8
2022-08-17,51315,26171,25144,8
2022-08-18,50929,25974,24955,8
2022-08-19,48888,24933,23955,8
2022-09-20,35660,18187,17473,9
2022-09-21,36648,18690,17958,9
2022-09-22,36794,18765,18029,9
2022-09-23,34715,17705,17010,9
2022-09-24,38216,19490,18726,9
2022-09-25,39397,20092,19305,9
2022-09-26,38394,19581,18813,9
2022-09-27,34723,17709,17014,9
2022-08-31,37408,19078,18330,9
2022-09-01,35977,18348,17629,9
2022-09-02,36349,18538,17811,9
2022-09-03,40450,20630,19820,9
2022-09-04,39670,20232,19438,9
2022-09-05,38392,19580,18812,9
2022-09-06,30722,15668,15054,9
2022-09-07,34197,17440,16757,9
2022-09-08,40604,20708,19896,9
2022-09-09,33521,17096,16425,9
2022-09-10,37455,19102,18353,9
2022-09-11,35781,18248,17533,9
2022-09-12,37235,18990,18245,9
2022-09-13,30530,15570,14960,9
2022-09-14,38201,19483,18718,9
2022-09-15,35356,18032,17324,9
2022-09-16,39830,20313,19517,9
2022-09-17,36573,18652,17921,9
2022-09-18,38710,19742,18968,9
2022-09-19,39844,20320,19524,9
2022-09-20,31720,16177,15543,9
2022-09-21,39331,20059,19272,9
2022-10-22,30007,15304,14703,10
2022-10-23,35564,18138,17426,10
2022-10-24,28902,14740,14162,10
2022-10-25,33052,16857,16195,10
2022-10-26,35777,18246,17531,10
2022-10-27,31363,15995,15368,10
2022-09-30,30376,15492,14884,10
2022-10-01,29214,14899,14315,10
2022-10-02,27824,14190,13634,10
2022-10-03,28256,14411,13845,10
2022-10-04,32116,16379,15737,10
2022-10-05,28785,14680,14105,10
2022-10-06,35658,18186,17472,10
2022-10-07,33591,17131,16460,10
2022-10-08,33834,17255,16579,10
2022-10-09,32828,16742,16086,10
2022-10-10,30481,15545,14936,10
2022-10-11,35333,18020,17313,10
2022-10-12,28355,14461,13894,10
2022-10-13,27437,13993,13444,10
2022-10-14,30734,15674,15060,10
2022-10-15,28073,14317,13756,10
2022-10-16,33745,17210,16535,10
2022-10-17,33923,17301,16622,10
2022-10-18,27710,14132,13578,10
2022-10-19,29877,15237,14640,10
2022-10-20,36703,18719,17984,10
2022-10-21,34630,17661,16969,10
2022-10-22,35165,17934,17231,10
2022-10-23,28583,14577,14006,10
2022-10-24,31488,16059,15429,10
2022-11-25,28156,14360,13796,11
2022-11-26,25194,12849,12345,11
2022-11-27,24234,12359,11875,11
2022-10-31,28617,14595,14022,11
2022-11-01,22185,11314,10871,11
2022-11-02,28547,14559,13988,11
2022-11-03,21498,10964,10534,11
2022-11-04,24719,12607,12112,11
2022-11-05,25259,12882,12377,11
2022-11-06,22981,11720,11261,11
2022-11-07,21736,11085,10651,11
2022-11-08,27834,14195,13639,11
2022-11-09,25961,13240,12721,11
2022-11-10,24541,12516,12025,11
2022-11-11,22788,11622,11166,11
2022-11-12,21706,11070,10636,11
2022-11-13,28213,14389,13824,11
2022-11-14,22871,11664,11207,11
2022-11-15,26249,13387,12862,11
2022-11-16,24953,12726,12227,11
2022-11-17,25583,13047,12536,11
2022-11-18,26024,13272,12752,11
2022-11-19,24423,12456,11967,11
2022-11-20,23581,12026,11555,11
2022-11-21,26847,13692,13155,11
2022-11-22,23477,11973,11504,11
2022-11-23,23242,11853,11389,11
2022-11-24,27577,14064,13513,11
2022-11-25,23410,11939,11471,11
2022-11-26,25020,12760,12260,11
2022-12-27,23125,11794,11331,12
2022-11-30,27496,14023,13473,12
2022-12-01,27703,14129,13574,12
2022-12-02,25940,13229,12711,12
2022-12-03,26315,13421,12894,12
2022-12-04,21537,10984,10553,12
2022-12-05,28715,14645,14070,12
2022-12-06,26965,13752,13213,12
2022-12-07,23676,12075,11601,12
2022-12-08,26445,13487,12958,12
2022-12-09,28282,14424,13858,12
2022-12-10,25030,12765,12265,12
2022-12-11,22391,11419,10972,12
2022-12-12,22271,11358,10913,12
2022-12-13,23067,11764,11303,12
2022-12-14,25666,13090,12576,12
2022-12-15,23093,11777,11316,12
2022-12-16,27871,14214,13657,12
2022-12-17,25159,12831,12328,12
2022-12-18,24636,12564,12072,12
2022-12-19,24106,12294,11812,12
2022-12-20,24237,12361,11876,12
2022-12-21,25563,13037,12526,12
2022-12-22,27980,14270,13710,12
2022-12-23,21818,11127,10691,12
2022-12-24,26075,13298,12777,12
2022-12-25,21615,11024,10591,12
2022-12-26,27399,13973,13426,12
2022-12-27,22900,11679,11221,12
2022-11-30,24237,12361,11876,12
2022-12-31,27795,14175,13620,1
2023-01-01,29619,15106,14513,1
2023-01-02,28770,14673,14097,1
2023-01-03,26848,13692,13156,1
2023-01-04,29241,14913,14328,1
2023-01-05,31836,16236,15600,1
2023-01-06,31359,15993,15366,1
2023-01-07,24464,12477,11987,1
2023-01-08,32314,16480,15834,1
2023-01-09,28884,14731,14153,1
2023-01-10,27608,14080,13528,1
2023-01-11,29340,14963,14377,1
2023-01-12,25746,13130,12616,1
2023-01-13,29467,15028,14439,1
2023-01-14,31119,15871,15248,1
2023-01-15,29613,15103,14510,1
2023-01-16,26929,13734,13195,1
2023-01-17,27783,14169,13614,1
2023-01-18,32483,16566,15917,1
2023-01-19,31913,16276,15637,1
2023-01-20,27333,13940,13393,1
2023-01-21,25979,13249,12730,1
2023-01-22,27421,13985,13436,1
2023-01-23,26581,13556,13025,1
2023-01-24,24666,12580,12086,1
2023-01-25,27437,13993,13444,1
2023-01-26,32859,16758,16101,1
2023-01-27,32445,16547,15898,1
2022-12-31,31325,15976,15349,1
2023-01-01,31496,16063,15433,1
2023-01-02,26368,13448,12920,1
2023-02-03,21130,10776,10354,2
2023-02-04,26571,13551,13020,2
2023-02-05,21813,11125,10688,2
2023-02-06,21216,10820,10396,2
2023-02-07,21856,11147,10709,2
2023-02-08,23254,11860,11394,2
2023-02-09,25083,12792,12291,2
2023-02-10,26881,13709,13172,2
2023-02-11,20849,10633,10216,2
2023-02-12,26241,13383,12858,2
2023-02-13,21744,11089,10655,2
2023-02-14,27039,13790,13249,2
2023-02-15,23844,12160,11684,2
2023-02-16,24416,12452,11964,2
2023-02-17,20616,10514,10102,2
2023-02-18,24720,12607,12113,2
2023-02-19,25794,13155,12639,2
2023-02-20,25040,12770,12270,2
2023-02-21,27149,13846,13303,2
2023-02-22,25484,12997,12487,2
2023-02-23,23431,11950,11481,2
2023-02-24,25886,13202,12684,2
2023-02-25,22150,11297,10853,2
2023-02-26,23012,11736,11276,2
2023-02-27,22513,11482,11031,2
2023-01-31,22745,11600,11145,2
2023-02-01,24990,12745,12245,2
2023-02-02,21461,10945,10516,2
2023-02-03,20446,10427,10019,2
2023-02-04,25551,13031,12520,2
2023-03-05,32770,16713,16057,3
2023-03-06,35301,18004,17297,3
2023-03-07,35321,18014,17307,3
2023-03-08,28464,14517,13947,3
2023-03-09,31272,15949,15323,3
2023-03-10,37169,18956,18213,3
2023-03-11,30640,15626,15014,3
2023-03-12,37124,18933,18191,3
2023-03-13,38134,19448,18686,3
2023-03-14,31449,16039,15410,3
2023-03-15,29047,14814,14233,3
2023-03-16,34086,17384,16702,3
2023-03-17,30160,15382,14778,3
2023-03-18,28691,14632,14059,3
2023-03-20,37454,19102,18352,3
2023-03-21,31207,15916,15291,3
2023-03-22,33674,17174,16500,3
2023-03-23,36463,18596,17867,3
2023-03-24,37465,19107,18358,3
2023-03-25,28982,14781,14201,3
2023-03-26,33234,16949,16285,3
2023-03-27,29569,15080,14489,3
2023-03-28,33951,17315,16636,3
2023-02-28,32637,16645,15992,3
2023-03-01,36416,18572,17844,3
2023-03-02,32180,16412,15768,3
2023-03-03,28706,14640,14066,3
2023-03-04,34519,17605,16914,3
2023-03-05,31301,15964,15337,3
2023-03-06,36903,18821,18082,3
2023-03-07,37672,19213,18459,3
2023-04-09,40818,20817,20001,4
2023-04-10,40611,20712,19899,4
2023-04-11,43170,22017,21153,4
2023-04-12,42986,21923,21063,4
2023-04-13,43126,21994,21132,4
2023-04-14,35217,17961,17256,4
2023-04-15,34919,17809,17110,4
2023-04-16,41201,21013,20188,4
2023-04-17,42546,21698,20848,4
2023-04-18,37565,19158,18407,4
2023-04-19,36142,18432,17710,4
2023-04-20,40840,20828,20012,4
2023-04-21,38015,19388,18627,4
2023-04-22,37507,19129,18378,4
2023-04-23,34089,17385,16704,4
2023-04-23,41929,21384,20545,4
2023-04-24,38516,19643,18873,4
2023-04-25,38762,19769,18993,4
2023-04-26,37923,19341,18582,4
2023-04-27,33672,17173,16499,4
2023-04-01,36069,18395,17674,4
2023-04-02,34017,17349,16668,4
2023-04-03,34680,17687,16993,4
2023-04-04,43039,21950,21089,4
2023-04-05,40276,20541,19735,4
2023-04-06,35295,18000,17295,4
2023-04-07,38277,19521,18756,4
2023-04-08,43451,22160,21291,4
2023-04-09,43814,22345,21469,4
2023-04-10,39091,19936,19155,4
2023-05-10,33239,16952,16287,5
2023-05-11,40317,20562,19755,5
2023-05-12,35488,18099,17389,5
2023-05-13,35033,17867,17166,5
2023-05-14,43910,22394,21516,5
2023-05-15,38863,19820,19043,5
2023-05-16,43018,21939,21079,5
2023-05-17,42672,21763,20909,5
2023-05-18,43046,21953,21093,5
2023-05-19,41147,20985,20162,5
2023-05-20,43279,22072,21207,5
2023-05-21,34652,17673,16979,5
2023-05-22,40738,20776,19962,5
2023-05-23,42390,21619,20771,5
2023-05-24,39860,20329,19531,5
2023-05-25,35057,17879,17178,5
2023-05-26,39699,20246,19453,5
2023-05-27,37425,19087,18338,5
2023-04-30,40344,20575,19769,5
2023-05-01,41032,20926,20106,5
2023-05-02,40185,20494,19691,5
2023-05-03,39999,20399,19600,5
2023-05-04,38100,19431,18669,5
2023-05-05,39617,20205,19412,5
2023-05-06,42924,21891,21033,5
2023-05-07,37584,19168,18416,5
2023-05-08,32765,16710,16055,5
2023-05-09,33638,17155,16483,5
2023-05-10,35742,18228,17514,5
2023-05-11,33818,17247,16571,5
2023-05-12,43066,21964,21102,5
2023-06-13,33565,17118,16447,6
2023-06-14,29799,15197,14602,6
2023-06-15,38345,19556,18789,6
2023-06-16,34983,17841,17142,6
2023-06-17,32293,16469,15824,6
2023-06-18,32436,16542,15894,6
2023-06-19,30041,15321,14720,6
2023-06-20,30560,15586,14974,6
2023-06-21,36117,18420,17697,6
2023-06-22,38091,19426,18665,6
2023-06-23,29754,15175,14579,6
2023-06-24,32479,16564,15915,6
2023-06-25,31145,15884,15261,6
2023-06-26,33871,17274,16597,6
2023-06-27,31524,16077,15447,6
2023-05-31,31890,16264,15626,6
2023-06-01,37805,19281,18524,6
2023-06-02,32107,16375,15732,6
2023-06-03,30299,15452,14847,6
2023-06-04,37439,19094,18345,6
2023-06-05,30234,15419,14815,6
2023-06-06,30539,15575,14964,6
2023-06-07,35056,17879,17177,6
2023-06-08,34661,17677,16984,6
2023-06-09,36437,18583,17854,6
2023-06-10,34316,17501,16815,6
2023-06-11,35496,18103,17393,6
2023-06-12,29633,15113,14520,6
2023-06-13,35762,18239,17523,6
2023-06-14,33842,17259,16583,6
2023-07-15,51856,26447,25409,7
2023-07-16,54849,27973,26876,7
2023-07-17,53229,27147,26082,7
2023-07-18,58228,29696,28532,7
2023-07-19,57935,29547,28388,7
2023-07-20,64268,32777,31491,7
2023-07-21,64903,33101,31802,7
2023-07-22,57538,29344,28194,7
2023-07-23,61086,31154,29932,7
2023-07-24,61003,31112,29891,7
2023-07-25,55532,28321,27211,7
2023-07-26,64026,32653,31373,7
2023-07-27,50658,25836,24822,7
2023-06-30,59407,30298,29109,7
2023-07-01,50263,25634,24629,7
2023-07-02,48959,24969,23990,7
2023-07-03,48878,24928,23950,7
2023-07-04,63971,32625,31346,7
2023-07-05,61232,31228,30004,7
2023-07-06,62191,31717,30474,7
2023-07-07,60171,30687,29484,7
2023-07-08,60048,30624,29424,7
2023-07-09,60924,31071,29853,7
2023-07-10,62723,31989,30734,7
2023-07-11,62789,32022,30767,7
2023-07-12,51558,26295,25263,7
2023-07-13,54661,27877,26784,7
2023-07-14,51669,26351,25318,7
2023-07-15,51075,26048,25027,7
2023-07-16,56686,28910,27776,7
2023-08-17,70020,35710,34310,8
2023-08-18,64587,32939,31648,8
2023-08-19,67034,34187,32847,8
2023-08-20,67186,34265,32921,8
2023-08-21,70192,35798,34394,8
2023-08-22,61350,31289,30061,8
2023-08-23,63228,32246,30982,8
2023-08-24,74690,38092,36598,8
2023-08-25,60197,30700,29497,8
2023-08-26,66583,33957,32626,8
2023-08-27,64825,33061,31764,8
2023-07-31,63494,32382,31112,8
2023-08-01,60677,30945,29732,8
2023-08-02,57528,29339,28189,8
2023-08-03,73171,37317,35854,8
2023-08-04,73716,37595,36121,8
2023-08-05,74086,37784,36302,8
2023-08-06,61746,31490,30256,8
2023-08-07,63130,32196,30934,8
2023-08-08,62755,32005,30750,8
2023-08-09,64194,32739,31455,8
2023-08-10,73361,37414,35947,8
2023-08-11,57245,29195,28050,8
2023-08-12,57119,29131,27988,8
2023-08-13,71385,36406,34979,8
2023-08-14,71783,36609,35174,8
2023-08-15,60070,30636,29434,8
2023-08-16,71021,36221,34800,8
2023-08-17,70310,35858,34452,8
2023-08-18,69833,35615,34218,8
2023-08-19,66109,33716,32393,8
2023-09-20,47548,24249,23299,9
2023-09-21,41162,20993,20169,9
2023-09-22,41276,21051,20225,9
2023-09-23,43870,22374,21496,9
2023-09-24,48779,24877,23902,9
2023-09-25,47972,24466,23506,9
2023-09-26,50268,25637,24631,9
2023-09-27,46487,23708,22779,9
2023-08-31,50042,25521,24521,9
2023-09-01,41399,21113,20286,9
2023-09-02,53880,27479,26401,9
2023-09-03,44524,22707,21817,9
2023-09-04,49374,25181,24193,9
2023-09-05,43006,21933,21073,9
2023-09-06,53293,27179,26114,9
2023-09-07,53646,27359,26287,9
2023-09-08,49018,24999,24019,9
2023-09-09,50133,25568,24565,9
2023-09-10,54166,27625,26541,9
2023-09-11,46017,23469,22548,9
2023-09-12,53211,27138,26073,9
2023-09-13,43290,22078,21212,9
2023-09-14,43615,22244,21371,9
2023-09-15,47683,24318,23365,9
2023-09-16,44940,22919,22021,9
2023-09-17,41647,21240,20407,9
2023-09-18,44593,22742,21851,9
2023-09-19,47072,24007,23065,9
2023-09-20,45126,23014,22112,9
2023-09-21,41722,21278,20444,9
2023-10-22,37236,18990,18246,10
2023-10-23,37904,19331,18573,10
2023-10-24,48267,24616,23651,10
2023-10-25,41723,21279,20444,10
2023-10-26,44821,22859,21962,10
2023-10-27,48950,24965,23985,10
2023-09-30,38948,19863,19085,10
2023-10-01,38869,19823,19046,10
2023-10-02,43861,22369,21492,10
2023-10-03,39978,20389,19589,10
2023-10-04,39280,20033,19247,10
2023-10-05,44326,22606,21720,10
2023-10-06,40891,20854,20037,10
2023-10-07,47230,24087,23143,10
2023-10-08,45577,23244,22333,10
2023-10-09,45378,23143,22235,10
2023-10-10,41374,21101,20273,10
2023-10-11,41032,20926,20106,10
2023-10-12,37945,19352,18593,10
2023-10-13,43840,22358,21482,10
2023-10-14,36866,18802,18064,10
2023-10-15,45207,23056,22151,10
2023-10-16,46812,23874,22938,10
2023-10-17,48457,24713,23744,10
2023-10-18,48421,24695,23726,10
2023-10-19,46298,23612,22686,10
2023-10-20,41316,21071,20245,10
2023-10-21,46303,23615,22688,10
2023-10-22,47392,24170,23222,10
2023-10-23,41109,20966,20143,10
2023-10-24,41395,21111,20284,10
2023-11-25,37371,19059,18312,11
2023-11-26,37959,19359,18600,11
2023-11-27,33903,17291,16612,11
2023-10-31,37137,18940,18197,11
2023-11-01,38290,19528,18762,11
2023-11-02,29050,14816,14234,11
2023-11-03,31514,16072,15442,11
2023-11-04,30676,15645,15031,11
2023-11-05,33122,16892,16230,11
2023-11-06,33760,17218,16542,11
2023-11-07,37921,19340,18581,11
2023-11-08,29915,15257,14658,11
2023-11-09,31084,15853,15231,11
2023-11-10,35166,17935,17231,11
2023-11-11,28429,14499,13930,11
2023-11-12,35146,17924,17222,11
2023-11-13,33230,16947,16283,11
2023-11-14,33080,16871,16209,11
2023-11-15,32461,16555,15906,11
2023-11-16,37482,19116,18366,11
2023-11-17,34326,17506,16820,11
2023-11-18,30996,15808,15188,11
2023-11-19,34769,17732,17037,11
2023-11-20,33554,17113,16441,11
2023-11-21,36550,18641,17909,11
2023-11-22,34527,17609,16918,11
2023-11-23,31554,16093,15461,11
2023-11-24,38308,19537,18771,11
2023-11-25,29109,14846,14263,11
2023-11-26,37812,19284,18528,11
2023-12-27,29996,15298,14698,12
2023-11-30,33970,17325,16645,12
2023-12-01,36272,18499,17773,12
2023-12-02,31207,15916,15291,12
2023-12-03,29547,15069,14478,12
2023-12-04,31504,16067,15437,12
2023-12-05,28678,14626,14052,12
2023-12-06,36430,18579,17851,12
2023-12-07,37680,19217,18463,12
2023-12-08,30402,15505,14897,12
2023-12-09,30413,15511,14902,12
2023-12-10,37675,19214,18461,12
2023-12-11,37099,18920,18179,12
2023-12-12,29625,15109,14516,12
2023-12-13,28880,14729,14151,12
2023-12-14,30318,15462,14856,12
2023-12-15,28791,14683,14108,12
2023-12-16,35283,17994,17289,12
2023-12-17,32118,16380,15738,12
2023-12-18,34919,17809,17110,12
2023-12-19,31476,16053,15423,12
2023-12-20,36813,18775,18038,12
2023-12-21,36360,18544,17816,12
2023-12-22,35796,18256,17540,12
2023-12-23,31517,16074,15443,12
2023-12-24,37401,19075,18326,12
2023-12-25,31506,16068,15438,12
2023-12-26,32461,16555,15906,12
2023-12-27,32208,16426,15782,12
2023-11-30,28814,14695,14119,12
2023-12-31,33970,17325,16645,1
2024-01-01,36064,18393,17671,1
2024-01-02,37112,18927,18185,1
2024-01-03,35439,18074,17365,1
2024-01-04,31234,15929,15305,1
2024-01-05,31168,15896,15272,1
2024-01-06,33935,17307,16628,1
2024-01-07,36876,18807,18069,1
2024-01-08,35749,18232,17517,1
2024-01-09,31413,16021,15392,1
2024-01-10,36029,18375,17654,1
2024-01-11,38503,19637,18866,1
2024-01-12,35023,17862,17161,1
2024-01-13,37159,18951,18208,1
2024-01-14,37556,19154,18402,1
2024-01-15,32930,16794,16136,1
2024-01-16,30993,15806,15187,1
2024-01-17,37705,19230,18475,1
2024-01-18,30331,15469,14862,1
2024-01-19,29950,15275,14675,1
2024-01-20,30283,15444,14839,1
2024-01-21,31785,16210,15575,1
2024-01-22,35647,18180,17467,1
2024-01-23,37774,19265,18509,1
2024-01-24,34822,17759,17063,1
2024-01-25,37488,19119,18369,1
2024-01-26,30151,15377,14774,1
2024-01-27,35461,18085,17376,1
2023-12-31,33969,17324,16645,1
2024-01-01,38594,19683,18911,1
2024-01-02,29671,15132,14539,1
2024-02-03,31915,16277,15638,2
2024-02-04,26592,13562,13030,2
2024-02-05,24508,12499,12009,2
2024-02-06,29502,15046,14456,2
2024-02-07,28188,14376,13812,2
2024-02-08,30997,15808,15189,2
2024-02-09,29498,15044,14454,2
2024-02-10,32256,16451,15805,2
2024-02-11,31003,15812,15191,2
2024-02-12,32339,16493,15846,2
2024-02-13,31117,15870,15247,2
2024-02-14,32212,16428,15784,2
2024-02-15,32513,16582,15931,2
2024-02-16,25860,13189,12671,2
2024-02-17,26136,13329,12807,2
2024-02-18,24456,12473,11983,2
2024-02-19,25062,12782,12280,2
2024-02-20,30350,15479,14871,2
2024-02-21,24357,12422,11935,2
2024-02-22,26733,13634,13099,2
2024-02-23,30536,15573,14963,2
2024-02-24,30721,15668,15053,2
2024-02-25,26950,13745,13205,2
2024-02-26,32500,16575,15925,2
2024-02-27,32774,16715,16059,2
2024-01-31,24855,12676,12179,2
2024-02-01,28329,14448,13881,2
2024-02-02,27128,13835,13293,2
2024-02-03,27710,14132,13578,2
2024-02-04,25075,12788,12287,2
2024-03-05,35629,18171,17458,3
2024-03-06,40840,20828,20012,3
2024-03-07,40940,20879,20061,3
2024-03-08,34906,17802,17104,3
2024-03-09,34961,17830,17131,3
2024-03-11,42483,21666,20817,3
2024-03-12,42282,21564,20718,3
2024-03-13,34916,17807,17109,3
2024-03-14,41522,21176,20346,3
2024-03-15,44157,22520,21637,3
2024-03-16,41887,21362,20525,3
2024-03-17,36236,18480,17756,3
2024-03-18,44192,22538,21654,3
2024-03-19,37628,19190,18438,3
2024-03-20,35845,18281,17564,3
2024-03-21,39064,19923,19141,3
2024-03-22,36618,18675,17943,3
2024-03-23,44909,22904,22005,3
2024-03-24,40976,20898,20078,3
2024-03-25,35418,18063,17355,3
2024-03-26,44905,22902,22003,3
2024-03-27,45722,23318,22404,3
2024-03-28,41795,21315,20480,3
2024-02-29,35837,18277,17560,3
2024-03-01,39089,19935,19154,3
2024-03-02,45623,23268,22355,3
2024-03-03,39765,20280,19485,3
2024-03-04,34848,17772,17076,3
2024-03-05,35575,18143,17432,3
2024-03-06,39270,20028,19242,3
2024-03-07,39482,20136,19346,3
2024-04-09,43902,22390,21512,4
2024-04-10,43034,21947,21087,4
2024-04-11,39227,20006,19221,4
2024-04-12,51195,26109,25086,4
2024-04-13,41519,21175,20344,4
2024-04-14,42971,21915,21056,4
2024-04-14,49421,25205,24216,4
2024-04-15,50782,25899,24883,4
2024-04-16,47877,24417,23460,4
2024-04-17,51948,26493,25455,4
2024-04-18,51479,26254,25225,4
2024-04-19,41583,21207,20376,4
2024-04-20,50820,25918,24902,4
2024-04-21,45037,22969,22068,4
2024-04-22,43034,21947,21087,4
2024-04-23,47922,24440,23482,4
2024-04-24,46506,23718,22788,4
2024-04-25,47615,24284,23331,4
2024-04-26,50327,25667,24660,4
2024-04-27,44954,22927,22027,4
2024-04-01,52088,26565,25523,4
2024-04-02,41556,21194,20362,4
2024-04-03,45878,23398,22480,4
2024-04-04,40827,20822,20005,4
2024-04-05,39009,19895,19114,4
2024-04-06,45048,22974,22074,4
2024-04-07,49456,25223,24233,4
2024-04-08,45484,23197,22287,4
2024-04-09,43549,22210,21339,4
2024-04-10,48883,24930,23953,4
2024-05-10,45280,23093,22187,5
2024-05-11,51000,26010,24990,5
2024-05-12,39335,20061,19274,5
2024-05-13,49452,25221,24231,5
2024-05-14,48846,24911,23935,5
2024-05-15,40665,20739,19926,5
2024-05-16,40194,20499,19695,5
2024-05-17,50110,25556,24554,5
2024-05-18,48308,24637,23671,5
2024-05-19,39138,19960,19178,5
2024-05-20,48053,24507,23546,5
2024-05-21,41581,21206,20375,5
2024-05-22,45639,23276,22363,5
2024-05-23,38982,19881,19101,5
2024-05-24,50998,26009,24989,5
2024-05-25,42388,21618,20770,5
2024-05-26,52094,26568,25526,5
2024-05-27,47686,24320,23366,5
2024-04-30,46707,23821,22886,5
2024-05-01,41018,20919,20099,5
2024-05-02,48050,24506,23544,5
2024-05-03,43580,22226,21354,5
2024-05-04,47526,24238,23288,5
2024-05-05,40919,20869,20050,5
2024-05-06,41526,21178,20348,5
2024-05-07,40357,20582,19775,5
2024-05-08,39914,20356,19558,5
2024-05-09,41812,21324,20488,5
2024-05-10,47655,24304,23351,5
2024-05-11,46617,23775,22842,5
2024-05-12,46296,23611,22685,5
2024-06-13,38630,19701,18929,6
2024-06-14,40662,20738,19924,6
2024-06-15,38580,19676,18904,6
2024-06-16,36247,18486,17761,6
2024-06-17,40513,20662,19851,6
2024-06-18,38013,19387,18626,6
2024-06-19,45269,23087,22182,6
2024-06-20,38294,19530,18764,6
2024-06-21,40942,20880,20062,6
2024-06-22,41827,21332,20495,6
2024-06-23,37376,19062,18314,6
2024-06-24,40086,20444,19642,6
2024-06-25,37296,19021,18275,6
2024-06-26,42626,21739,20887,6
2024-06-27,35618,18165,17453,6
2024-05-31,36339,18533,17806,6
2024-06-01,40119,20461,19658,6
2024-06-02,40401,20605,19796,6
2024-06-03,41330,21078,20252,6
2024-06-04,41747,21291,20456,6
2024-06-05,45166,23035,22131,6
2024-06-06,44051,22466,21585,6
2024-06-07,37100,18921,18179,6
2024-06-08,37860,19309,18551,6
2024-06-09,35826,18271,17555,6
2024-06-10,37628,19190,18438,6
2024-06-11,45688,23301,22387,6
2024-06-12,40026,20413,19613,6
2024-06-13,37066,18904,18162,6
2024-06-14,40180,20492,19688,6
2024-07-15,64411,32850,31561,7
2024-07-16,77457,39503,37954,7
2024-07-17,66768,34052,32716,7
2024-07-18,62064,31653,30411,7
2024-07-19,75882,38700,37182,7
2024-07-20,74061,37771,36290,7
2024-07-21,78040,39800,38240,7
2024-07-22,59670,30432,29238,7
2024-07-23,61589,31410,30179,7
2024-07-24,68896,35137,33759,7
2024-07-25,64678,32986,31692,7
2024-07-26,72802,37129,35673,7
2024-07-27,72121,36782,35339,7
2024-06-30,60024,30612,29412,7
2024-07-01,58587,29879,28708,7
2024-07-02,76109,38816,37293,7
2024-07-03,68931,35155,33776,7
2024-07-04,72425,36937,35488,7
2024-07-05,73216,37340,35876,7
2024-07-06,66301,33814,32487,7
2024-07-07,61096,31159,29937,7
2024-07-08,66057,33689,32368,7
2024-07-09,69401,35395,34006,7
2024-07-10,72126,36784,35342,7
2024-07-11,61237,31231,30006,7
2024-07-12,58882,30030,28852,7
2024-07-13,63024,32142,30882,7
2024-07-14,58405,29787,28618,7
2024-07-15,75508,38509,36999,7
2024-07-16,60706,30960,29746,7
2024-08-17,89886,45842,44044,8
2024-08-18,72844,37150,35694,8
2024-08-19,79350,40469,38881,8
2024-08-20,91588,46710,44878,8
2024-08-21,82632,42142,40490,8
2024-08-22,74533,38012,36521,8
2024-08-23,76485,39007,37478,8
2024-08-24,68475,34922,33553,8
2024-08-25,75505,38508,36997,8
2024-08-26,78923,40251,38672,8
2024-08-27,77430,39489,37941,8
2024-07-31,70675,36044,34631,8
2024-08-01,79270,40428,38842,8
2024-08-02,69256,35321,33935,8
2024-08-03,71581,36506,35075,8
2024-08-04,68070,34716,33354,8
2024-08-05,84886,43292,41594,8
2024-08-06,89214,45499,43715,8
2024-08-07,90629,46221,44408,8
2024-08-08,71724,36579,35145,8
2024-08-09,78362,39965,38397,8
2024-08-10,70684,36049,34635,8
2024-08-11,83153,42408,40745,8
2024-08-12,86366,44047,42319,8
2024-08-13,90656,46235,44421,8
2024-08-14,83745,42710,41035,8
2024-08-15,91141,46482,44659,8
2024-08-16,82764,42210,40554,8
2024-08-17,82242,41943,40299,8
2024-08-18,80798,41207,39591,8
2024-08-19,90381,46094,44287,8
2024-09-20,60934,31076,29858,9
2024-09-21,59881,30539,29342,9
2024-09-22,51233,26129,25104,9
2024-09-23,64189,32736,31453,9
2024-09-24,63583,32427,31156,9
2024-09-25,53856,27467,26389,9
2024-09-26,49503,25247,24256,9
2024-09-27,56215,28670,27545,9
2024-08-31,55562,28337,27225,9
2024-09-01,61764,31500,30264,9
2024-09-02,61769,31502,30267,9
2024-09-03,55509,28310,27199,9
2024-09-04,61843,31540,30303,9
2024-09-05,60526,30868,29658,9
2024-09-06,51901,26470,25431,9
2024-09-07,62891,32074,30817,9
2024-09-08,49044,25012,24032,9
2024-09-09,65204,33254,31950,9
2024-09-10,51646,26339,25307,9
2024-09-11,53926,27502,26424,9
2024-09-12,59072,30127,28945,9
2024-09-13,62722,31988,30734,9
2024-09-14,50034,25517,24517,9
2024-09-15,55768,28442,27326,9
2024-09-16,56332,28729,27603,9
2024-09-17,49561,25276,24285,9
2024-09-18,49211,25098,24113,9
2024-09-19,59699,30446,29253,9
2024-09-20,62984,32122,30862,9
2024-09-21,55250,28178,27072,9
2024-10-22,44110,22496,21614,10
2024-10-23,45176,23040,22136,10
2024-10-24,51053,26037,25016,10
2024-10-25,47205,24075,23130,10
2024-10-26,46436,23682,22754,10
2024-10-27,51099,26060,25039,10
2024-09-30,48027,24494,23533,10
2024-10-01,51975,26507,25468,10
2024-10-02,56151,28637,27514,10
2024-10-03,49053,25017,24036,10
2024-10-04,45972,23446,22526,10
2024-10-05,45551,23231,22320,10
2024-10-06,48848,24912,23936,10
2024-10-07,56953,29046,27907,10
2024-10-08,52249,26647,25602,10
2024-10-09,52983,27021,25962,10
2024-10-10,49279,25132,24147,10
2024-10-11,58249,29707,28542,10
2024-10-12,55860,28489,27371,10
2024-10-13,52330,26688,25642,10
2024-10-14,47358,24153,23205,10
2024-10-15,48943,24961,23982,10
2024-10-16,51465,26247,25218,10
2024-10-17,48946,24962,23984,10
2024-10-18,49279,25132,24147,10
2024-10-19,53284,27175,26109,10
2024-10-20,48837,24907,23930,10
2024-10-21,48044,24502,23542,10
2024-10-22,52688,26871,25817,10
2024-10-23,49143,25063,24080,10
2024-10-24,47577,24264,23313,10
2024-11-25,38290,19528,18762,11
2024-11-26,44086,22484,21602,11
2024-11-27,40990,20905,20085,11
2024-10-31,34627,17660,16967,11
2024-11-01,45717,23316,22401,11
2024-11-02,37859,19308,18551,11
2024-11-03,42431,21640,20791,11
2024-11-04,40268,20537,19731,11
2024-11-05,35987,18353,17634,11
2024-11-06,39416,20102,19314,11
2024-11-07,37546,19148,18398,11
2024-11-08,45211,23058,22153,11
2024-11-09,43357,22112,21245,11
2024-11-10,45034,22967,22067,11
2024-11-11,36801,18769,18032,11
2024-11-12,36619,18676,17943,11
2024-11-13,40918,20868,20050,11
2024-11-14,34021,17351,16670,11
2024-11-15,41996,21418,20578,11
2024-11-16,40905,20862,20043,11
2024-11-17,39055,19918,19137,11
2024-11-18,37444,19096,18348,11
2024-11-19,40083,20442,19641,11
2024-11-20,42572,21712,20860,11
2024-11-21,36328,18527,17801,11
2024-11-22,44422,22655,21767,11
2024-11-23,34909,17804,17105,11
2024-11-24,36793,18764,18029,11
2024-11-25,34312,17499,16813,11
2024-11-26,38529,19650,18879,11
2024-12-27,38893,19835,19058,12
2024-11-30,40184,20494,19690,12
2024-12-01,38158,19461,18697,12
2024-12-02,40326,20566,19760,12
2024-12-03,43657,22265,21392,12
2024-12-04,42189,21516,20673,12
2024-12-05,40730,20772,19958,12
2024-12-06,33999,17339,16660,12
2024-12-07,42814,21835,20979,12
2024-12-08,35850,18284,17566,12
2024-12-09,35791,18253,17538,12
2024-12-10,38488,19629,18859,12
2024-12-11,42702,21778,20924,12
2024-12-12,44392,22640,21752,12
2024-12-13,38949,19864,19085,12
2024-12-14,42822,21839,20983,12
2024-12-15,37515,19133,18382,12
2024-12-16,35925,18322,17603,12
2024-12-17,38476,19623,18853,12
2024-12-18,41777,21306,20471,12
2024-12-19,38923,19851,19072,12
2024-12-20,42750,21803,20947,12
2024-12-21,35641,18177,17464,12
2024-12-22,35717,18216,17501,12
2024-12-23,39152,19968,19184,12
2024-12-24,37744,19249,18495,12
2024-12-25,43128,21995,21133,12
2024-12-26,39044,19912,19132,12
2024-12-27,39136,19959,19177,12
2024-11-30,45014,22957,22057,12
2024-12-01,38287,19526,18761,12
2024-12-31,44889,22893,21996,1
2025-01-01,44675,22784,21891,1
2025-01-02,43096,21979,21117,1
2025-01-03,34291,17488,16803,1
2025-01-04,33209,16937,16272,1
2025-01-05,42243,21544,20699,1
2025-01-06,44352,22620,21732,1
2025-01-07,40876,20847,20029,1
2025-01-08,37093,18917,18176,1
2025-01-09,44215,22550,21665,1
2025-01-10,37476,19113,18363,1
2025-01-11,44443,22666,21777,1
2025-01-12,38593,19682,18911,1
2025-01-13,40712,20763,19949,1
2025-01-14,43795,22335,21460,1
2025-01-15,33986,17333,16653,1
2025-01-16,39878,20338,19540,1
2025-01-17,33545,17108,16437,1
2025-01-18,43738,22306,21432,1
2025-01-19,33455,17062,16393,1
2025-01-20,39572,20182,19390,1
2025-01-21,33933,17306,16627,1
2025-01-22,35217,17961,17256,1
2025-01-23,34193,17438,16755,1
2025-01-24,44798,22847,21951,1
2025-01-25,44194,22539,21655,1
2025-01-26,42036,21438,20598,1
2025-01-27,44376,22632,21744,1
2024-12-31,35201,17953,17248,1
2025-01-01,41927,21383,20544,1
2025-01-02,43045,21953,21092,1
2025-02-03,30674,15644,15030,2
2025-02-04,37275,19010,18265,2
2025-02-05,27692,14123,13569,2
2025-02-06,37327,19037,18290,2
2025-02-07,33146,16904,16242,2
2025-02-08,29552,15072,14480,2
2025-02-09,30808,15712,15096,2
2025-02-10,28568,14570,13998,2
2025-02-11,31931,16285,15646,2
2025-02-12,29732,15163,14569,2
2025-02-13,34287,17486,16801,2
2025-02-14,30996,15808,15188,2
2025-02-15,36535,18633,17902,2
2025-02-16,30521,15566,14955,2
2025-02-17,36507,18619,17888,2
2025-02-18,30652,15633,15019,2
2025-02-19,30956,15788,15168,2
2025-02-20,28934,14756,14178,2
2025-02-21,36233,18479,17754,2
2025-02-22,30968,15794,15174,2
2025-02-24,33890,17284,16606,2
2025-02-25,37161,18952,18209,2
2025-02-26,33584,17128,16456,2
2025-02-27,31647,16140,15507,2
2025-02-28,33974,17327,16647,2
2025-01-31,33532,17101,16431,2
2025-02-01,34967,17833,17134,2
2025-02-02,31907,16273,15634,2
2025-02-03,28426,14497,13929,2
2025-02-04,28695,14634,14061,2
2025-03-06,46441,23685,22756,3
2025-03-07,39304,20045,19259,3
2025-03-08,46026,23473,22553,3
2025-03-09,51614,26323,25291,3
2025-03-10,50710,25862,24848,3
2025-03-11,51171,26097,25074,3
2025-03-12,43370,22119,21251,3
2025-03-13,43753,22314,21439,3
2025-03-14,46609,23771,22838,3
2025-03-15,45397,23152,22245,3
2025-03-16,52015,26528,25487,3
2025-03-17,49440,25214,24226,3
2025-03-18,40793,20804,19989,3
2025-03-19,48061,24511,23550,3
2025-03-20,42291,21568,20723,3
2025-03-21,44457,22673,21784,3
2025-03-22,39987,20393,19594,3
2025-03-23,48787,24881,23906,3
2025-03-24,49223,25104,24119,3
2025-03-25,45162,23033,22129,3
2025-03-26,50243,25624,24619,3
2025-03-27,40535,20673,19862,3
2025-03-28,49313,25150,24163,3
2025-03-01,51730,26382,25348,3
2025-03-02,40652,20733,19919,3
2025-03-03,43429,22149,21280,3
2025-03-04,43417,22143,21274,3
2025-03-05,40230,20517,19713,3
2025-03-06,40896,20857,20039,3
2025-03-07,49940,25469,24471,3
2025-03-08,48637,24805,23832,3
2025-04-08,51764,26400,25364,4
2025-04-09,53913,27496,26417,4
2025-04-10,51312,26169,25143,4
2025-04-11,49604,25298,24306,4
2025-04-12,44949,22924,22025,4
2025-04-13,46757,23846,22911,4
2025-04-14,49539,25265,24274,4
2025-04-15,49020,25000,24020,4
2025-04-16,49360,25174,24186,4
2025-04-17,46860,23899,22961,4
2025-04-18,49580,25286,24294,4
2025-04-19,55131,28117,27014,4
2025-04-20,55688,28401,27287,4
2025-04-21,49438,25213,24225,4
2025-04-22,50060,25531,24529,4
2025-04-23,51969,26504,25465,4
2025-04-24,55083,28092,26991,4
2025-04-25,45736,23325,22411,4
2025-04-26,47882,24420,23462,4
2025-04-27,51252,26139,25113,4
2025-04-01,52520,26785,25735,4
2025-04-02,56126,28624,27502,4
2025-04-03,53027,27044,25983,4
2025-04-04,58939,30059,28880,4
2025-04-05,56243,28684,27559,4
2025-04-06,53485,27277,26208,4
2025-04-06,46443,23686,22757,4
2025-04-07,49178,25081,24097,4
2025-04-08,52265,26655,25610,4
2025-04-09,52299,26672,25627,4
2025-05-10,54105,27594,26511,5
2025-05-11,52921,26990,25931,5
2025-05-12,51529,26280,25249,5
2025-05-13,48174,24569,23605,5
2025-05-14,53940,27509,26431,5
2025-05-15,47768,24362,23406,5
2025-05-16,52993,27026,25967,5
2025-05-17,47211,24078,23133,5
2025-05-18,59776,30486,29290,5
2025-05-19,53347,27207,26140,5
2025-05-20,53483,27276,26207,5
2025-05-21,47953,24456,23497,5
2025-05-22,47966,24463,23503,5
2025-05-23,50277,25641,24636,5
2025-05-24,56229,28677,27552,5
2025-05-25,56431,28780,27651,5
2025-05-26,52403,26726,25677,5
2025-05-27,45338,23122,22216,5
2025-04-30,52979,27019,25960,5
2025-05-01,44448,22668,21780,5
2025-05-02,49435,25212,24223,5
2025-05-03,53680,27377,26303,5
2025-05-04,55807,28462,27345,5
2025-05-05,56930,29034,27896,5
2025-05-06,54841,27969,26872,5
2025-05-07,48762,24869,23893,5
2025-05-08,54322,27704,26618,5
2025-05-09,51346,26186,25160,5
2025-05-10,56743,28939,27804,5
2025-05-11,54163,27623,26540,5
2025-05-12,59110,30146,28964,5
2025-06-13,42438,21643,20795,6
2025-06-14,39189,19986,19203,6
2025-06-15,42798,21827,20971,6
2025-06-16,45830,23373,22457,6
2025-06-17,52240,26642,25598,6
2025-06-18,48556,24764,23792,6
2025-06-19,43699,22286,21413,6
2025-06-20,46958,23949,23009,6
2025-06-21,52007,26524,25483,6
2025-06-22,40298,20552,19746,6
2025-06-23,46621,23777,22844,6
2025-06-24,50452,25731,24721,6
2025-06-25,47260,24103,23157,6
2025-06-26,52080,26561,25519,6
2025-06-27,42347,21597,20750,6
2025-05-31,47124,24033,23091,6
2025-06-01,42522,21686,20836,6
2025-06-02,50163,25583,24580,6
2025-06-03,45070,22986,22084,6
2025-06-04,43247,22056,21191,6
2025-06-05,39268,20027,19241,6
2025-06-06,43336,22101,21235,6
2025-06-07,52237,26641,25596,6
2025-06-08,41255,21040,20215,6
2025-06-09,45827,23372,22455,6
2025-06-10,47240,24092,23148,6
2025-06-11,50524,25767,24757,6
2025-06-12,49136,25059,24077,6
2025-06-13,50086,25544,24542,6
2025-06-14,44621,22757,21864,6
2025-07-15,71101,36262,34839,7
2025-07-16,66706,34020,32686,7
2025-07-17,83894,42786,41108,7
2025-07-18,88486,45128,43358,7
2025-07-19,77248,39396,37852,7
2025-07-20,86034,43877,42157,7
2025-07-21,77230,39387,37843,7
2025-07-22,75152,38328,36824,7
2025-07-23,69902,35650,34252,7
2025-07-24,80081,40841,39240,7
2025-07-25,89785,45790,43995,7
2025-07-26,86837,44287,42550,7
2025-07-27,76438,38983,37455,7
2025-06-30,83342,42504,40838,7
2025-07-01,82141,41892,40249,7
2025-07-02,79589,40590,38999,7
2025-07-03,71076,36249,34827,7
2025-07-04,66939,34139,32800,7
2025-07-05,73263,37364,35899,7
2025-07-06,80105,40854,39251,7
2025-07-07,80839,41228,39611,7
2025-07-08,87567,44659,42908,7
2025-07-09,67684,34519,33165,7
2025-07-10,72277,36861,35416,7
2025-07-11,79112,40347,38765,7
2025-07-12,85408,43558,41850,7
2025-07-13,82002,41821,40181,7
2025-07-14,86381,44054,42327,7
2025-07-15,69289,35337,33952,7
2025-07-16,77186,39365,37821,7
2025-08-17,87715,44735,42980,8
2025-08-18,79174,40379,38795,8
2025-08-19,90602,46207,44395,8
2025-08-20,80396,41002,39394,8
2025-08-21,79619,40606,39013,8
2025-08-22,101944,51991,49953,8
2025-08-23,95929,48924,47005,8
2025-08-24,77969,39764,38205,8
2025-08-25,97552,49752,47800,8
2025-08-26,103301,52684,50617,8
2025-08-27,95339,48623,46716,8
2025-07-31,98483,50226,48257,8
2025-08-01,79212,40398,38814,8
2025-08-02,83228,42446,40782,8
2025-08-03,95551,48731,46820,8
2025-08-04,90359,46083,44276,8
2025-08-05,99168,50576,48592,8
2025-08-06,88473,45121,43352,8
2025-08-07,80874,41246,39628,8
2025-08-08,92057,46949,45108,8
2025-08-09,98296,50131,48165,8
2025-08-10,88245,45005,43240,8
2025-08-11,84053,42867,41186,8
2025-08-12,101734,51884,49850,8
2025-08-13,92465,47157,45308,8
2025-08-14,99047,50514,48533,8
2025-08-15,87841,44799,43042,8
2025-08-16,102583,52317,50266,8
2025-08-17,87354,44551,42803,8
2025-08-18,103208,52636,50572,8
2025-08-19,85289,43497,41792,8
2025-09-20,71762,36599,35163,9
2025-09-21,70188,35796,34392,9
2025-09-22,70856,36137,34719,9
2025-09-23,67212,34278,32934,9
2025-09-24,67368,34358,33010,9
2025-09-25,69642,35517,34125,9
2025-09-26,64353,32820,31533,9
2025-09-27,70770,36093,34677,9
2025-08-31,69579,35485,34094,9
2025-09-01,56600,28866,27734,9
2025-09-02,60817,31017,29800,9
2025-09-03,69081,35231,33850,9
2025-09-04,58472,29821,28651,9
2025-09-05,58842,30009,28833,9
2025-09-06,64050,32666,31384,9
2025-09-07,61783,31509,30274,9
2025-09-08,58325,29746,28579,9
2025-09-09,58286,29726,28560,9
2025-09-10,73974,37727,36247,9
2025-09-11,56249,28687,27562,9
2025-09-12,55600,28356,27244,9
2025-09-13,70607,36010,34597,9
2025-09-14,68033,34697,33336,9
2025-09-15,60515,30863,29652,9
2025-09-16,64058,32670,31388,9
2025-09-17,69252,35319,33933,9
2025-09-18,71783,36609,35174,9
2025-09-19,60976,31098,29878,9
2025-09-20,63312,32289,31023,9
2025-09-21,59976,30588,29388,9
2025-10-22,58958,30069,28889,10
2025-10-23,56245,28685,27560,10
2025-10-24,60968,31094,29874,10
2025-10-25,59987,30593,29394,10
2025-10-26,52131,26587,25544,10
2025-10-27,59663,30428,29235,10
2025-09-30,65452,33381,32071,10
2025-10-01,62329,31788,30541,10
2025-10-02,55480,28295,27185,10
2025-10-03,58409,29789,28620,10
2025-10-04,59953,30576,29377,10
2025-10-05,58771,29973,28798,10
2025-10-06,52532,26791,25741,10
2025-10-07,65473,33391,32082,10
2025-10-08,66223,33774,32449,10
2025-10-09,64486,32888,31598,10
2025-10-10,66242,33783,32459,10
2025-10-11,58449,29809,28640,10
2025-10-12,62066,31654,30412,10
2025-10-13,58853,30015,28838,10
2025-10-14,57516,29333,28183,10
2025-10-15,63949,32614,31335,10
2025-10-16,53227,27146,26081,10
2025-10-17,55645,28379,27266,10
2025-10-18,65765,33540,32225,10
2025-10-19,59301,30244,29057,10
2025-10-20,59907,30553,29354,10
2025-10-21,62066,31654,30412,10
2025-10-22,56944,29041,27903,10
2025-10-23,62666,31960,30706,10
2025-10-24,59762,30479,29283,10
2025-11-25,51113,26068,25045,11
2025-11-26,48153,24558,23595,11
2025-11-27,42443,21646,20797,11
2025-10-31,48527,24749,23778,11
2025-11-01,43102,21982,21120,11
2025-11-02,47482,24216,23266,11
2025-11-03,51008,26014,24994,11
2025-11-04,42185,21514,20671,11
2025-11-05,46371,23649,22722,11
2025-11-06,50445,25727,24718,11
2025-11-07,46873,23905,22968,11
2025-11-08,42570,21711,20859,11
2025-11-09,43755,22315,21440,11
2025-11-10,46083,23502,22581,11
2025-11-11,50978,25999,24979,11
2025-11-12,44074,22478,21596,11
2025-11-13,49481,25235,24246,11
2025-11-14,51337,26182,25155,11
2025-11-15,47930,24444,23486,11
2025-11-16,43908,22393,21515,11
2025-11-17,51887,26462,25425,11
2025-11-18,50537,25774,24763,11
2025-11-19,47580,24266,23314,11
2025-11-20,50476,25743,24733,11
2025-11-21,44322,22604,21718,11
2025-11-22,41277,21051,20226,11
2025-11-23,45932,23425,22507,11
2025-11-24,48322,24644,23678,11
2025-11-25,39215,20000,19215,11
2025-11-26,44390,22639,21751,11
2025-12-27,41362,21095,20267,12
2025-11-30,51717,26376,25341,12
2025-12-01,45547,23229,22318,12
2025-12-02,49385,25186,24199,12
2025-12-03,45911,23415,22496,12
2025-12-04,47285,24115,23170,12
2025-12-05,43479,22174,21305,12
2025-12-06,47727,24341,23386,12
2025-12-07,44089,22485,21604,12
2025-12-08,44995,22947,22048,12
2025-12-09,44966,22933,22033,12
2025-12-10,41166,20995,20171,12
2025-12-11,39726,20260,19466,12
2025-12-12,45571,23241,22330,12
2025-12-13,39521,20156,19365,12
2025-12-14,41180,21002,20178,12
2025-12-15,39256,20021,19235,12
2025-12-16,47045,23993,23052,12
2025-12-17,51680,26357,25323,12
2025-12-18,49129,25056,24073,12
2025-12-19,46210,23567,22643,12
2025-12-20,44583,22737,21846,12
2025-12-21,43733,22304,21429,12
2025-12-22,47364,24156,23208,12
2025-12-23,51469,26249,25220,12
2025-12-24,45613,23263,22350,12
2025-12-25,46313,23620,22693,12
2025-12-26,47994,24477,23517,12
2025-12-27,44710,22802,21908,12
2025-11-30,43839,22358,21481,12
2025-12-31,39404,20096,19308,1
2026-01-01,45102,23002,22100,1
2026-01-02,43219,22042,21177,1
2026-01-03,41109,20966,20143,1
2026-01-04,49155,25069,24086,1
2026-01-05,39307,20047,19260,1
2026-01-06,50537,25774,24763,1
2026-01-07,48669,24821,23848,1
2026-01-08,46904,23921,22983,1
2026-01-09,38661,19717,18944,1
2026-01-10,38622,19697,18925,1
2026-01-11,38570,19671,18899,1
2026-01-12,45316,23111,22205,1
2026-01-13,49609,25301,24308,1
2026-01-14,45228,23066,22162,1
2026-01-15,39954,20377,19577,1
2026-01-16,46234,23579,22655,1
2026-01-17,50441,25725,24716,1
2026-01-18,38297,19531,18766,1
2026-01-19,50498,25754,24744,1
2026-01-20,46777,23856,22921,1
2026-01-21,46984,23962,23022,1
2026-01-22,48007,24484,23523,1
2026-01-23,42906,21882,21024,1
2026-01-24,45103,23003,22100,1
2026-01-25,44354,22621,21733,1
2026-01-26,38714,19744,18970,1
2026-01-27,45079,22990,22089,1
2025-12-31,43215,22040,21175,1
2026-01-01,49953,25476,24477,1
2026-01-02,47959,24459,23500,1
2026-02-03,33127,16895,16232,2
2026-02-04,38045,19403,18642,2
2026-02-05,41629,21231,20398,2
2026-02-06,37210,18977,18233,2
2026-02-07,32188,16416,15772,2
2026-02-08,34697,17695,17002,2
2026-02-09,38794,19785,19009,2
2026-02-10,32465,16557,15908,2
2026-02-11,42574,21713,20861,2
2026-02-12,38864,19821,19043,2
2026-02-13,40245,20525,19720,2
2026-02-14,32700,16677,16023,2
2026-02-16,34073,17377,16696,2
2026-02-17,38525,19648,18877,2
2026-02-18,38571,19671,18900,2
2026-02-19,38738,19756,18982,2
2026-02-20,32977,16818,16159,2
2026-02-21,35681,18197,17484,2
2026-02-22,36235,18480,17755,2
2026-02-23,42256,21551,20705,2
2026-02-24,33274,16970,16304,2
2026-02-25,35891,18304,17587,2
2026-02-26,38638,19705,18933,2
2026-02-27,34316,17501,16815,2
2026-02-28,39185,19984,19201,2
2026-01-31,38004,19382,18622,2
2026-02-01,33509,17090,16419,2
2026-02-02,36798,18767,18031,2
2026-02-03,32244,16444,15800,2
2026-02-04,34452,17571,16881,2
2026-03-06,59707,30451,29256,3
2026-03-07,49892,25445,24447,3
2026-03-08,56106,28614,27492,3
2026-03-09,55389,28248,27141,3
2026-03-10,45726,23320,22406,3
2026-03-11,55652,28383,27269,3
2026-03-12,44878,22888,21990,3
2026-03-13,48132,24547,23585,3
2026-03-14,56111,28617,27494,3
2026-03-15,59726,30460,29266,3
2026-03-16,55210,28157,27053,3
2026-03-17,52120,26581,25539,3
2026-03-18,51594,26313,25281,3
2026-03-19,52271,26658,25613,3
2026-03-20,44558,22725,21833,3
2026-03-21,50604,25808,24796,3
2026-03-22,57200,29172,28028,3
2026-03-22,54448,27768,26680,3
2026-03-23,44271,22578,21693,3
2026-03-24,57422,29285,28137,3
2026-03-25,49608,25300,24308,3
2026-03-26,54546,27818,26728,3
2026-03-27,47358,24153,23205,3
2026-03-01,47896,24427,23469,3
2026-03-02,48510,24740,23770,3
2026-03-03,52030,26535,25495,3
2026-03-04,45743,23329,22414,3
2026-03-05,56391,28759,27632,3
2026-03-06,59034,30107,28927,3
2026-03-07,53117,27090,26027,3
2026-03-08,50281,25643,24638,3
2026-04-08,66605,33969,32636,4
2026-04-09,67665,34509,33156,4
2026-04-10,61448,31338,30110,4
2026-04-11,67846,34601,33245,4
2026-04-12,53741,27408,26333,4
2026-04-13,63244,32254,30990,4
2026-04-14,62837,32047,30790,4
2026-04-15,62496,31873,30623,4
2026-04-16,66143,33733,32410,4
2026-04-17,59275,30230,29045,4
2026-04-18,63311,32289,31022,4
2026-04-19,62394,31821,30573,4
2026-04-20,62768,32012,30756,4
2026-04-21,51450,26240,25210,4
2026-04-22,67652,34503,33149,4
2026-04-23,53658,27366,26292,4
2026-04-24,57847,29502,28345,4
2026-04-25,51159,26091,25068,4
2026-04-26,56134,28628,27506,4
2026-04-27,65508,33409,32099,4
2026-03-31,63495,32382,31113,4
2026-04-01,55577,28344,27233,4
2026-04-02,60903,31061,29842,4
2026-04-03,51813,26425,25388,4
2026-04-04,67544,34447,33097,4
2026-04-05,54869,27983,26886,4
2026-04-06,60966,31093,29873,4
2026-04-07,67100,34221,32879,4
2026-04-08,61642,31437,30205,4
2026-04-09,57410,29279,28131,4
2026-05-10,62933,32096,30837,5
2026-05-11,55473,28291,27182,5
2026-05-12,51936,26487,25449,5
2026-05-13,66641,33987,32654,5
2026-05-14,52722,26888,25834,5
2026-05-15,61180,31202,29978,5
2026-05-16,67020,34180,32840,5
2026-05-17,51560,26296,25264,5
2026-05-18,63380,32324,31056,5
2026-05-19,61803,31520,30283,5
2026-05-20,56689,28911,27778,5
2026-05-21,67382,34365,33017,5
2026-05-22,60802,31009,29793,5
2026-05-23,62898,32078,30820,5
2026-05-24,57531,29341,28190,5
2026-05-25,62939,32099,30840,5
2026-05-26,65183,33243,31940,5
2026-05-27,56068,28595,27473,5
2026-04-30,51879,26458,25421,5
2026-05-01,66136,33729,32407,5
2026-05-02,62348,31797,30551,5
2026-05-03,52011,26526,25485,5
2026-05-04,53526,27298,26228,5
2026-05-05,55842,28479,27363,5
2026-05-06,62988,32124,30864,5
2026-05-07,54222,27653,26569,5
2026-05-08,58487,29828,28659,5
2026-05-09,66089,33705,32384,5
2026-05-10,54459,27774,26685,5
2026-05-11,53338,27202,26136,5
2026-05-12,61497,31363,30134,5
2026-06-13,47851,24404,23447,6
2026-06-14,44797,22846,21951,6
2026-06-15,45225,23065,22160,6
2026-06-16,58595,29883,28712,6
2026-06-17,46063,23492,22571,6
2026-06-18,56505,28818,27687,6
2026-06-19,59428,30308,29120,6
2026-06-20,54340,27713,26627,6
2026-06-21,56850,28994,27856,6
2026-06-22,44855,22876,21979,6
2026-06-23,45745,23330,22415,6
2026-06-24,59632,30412,29220,6
2026-06-25,45963,23441,22522,6
2026-06-26,48320,24643,23677,6
2026-06-27,51582,26307,25275,6
2026-05-31,53646,27359,26287,6
2026-06-01,58192,29678,28514,6
2026-06-02,58625,29899,28726,6
2026-06-03,48549,24760,23789,6
2026-06-04,52219,26632,25587,6
2026-06-05,56903,29021,27882,6
2026-06-06,56135,28629,27506,6
2026-06-07,56581,28856,27725,6
2026-06-08,57664,29409,28255,6
2026-06-09,55420,28264,27156,6
2026-06-10,59010,30095,28915,6
2026-06-11,58357,29762,28595,6
2026-06-12,46848,23892,22956,6
2026-06-13,58171,29667,28504,6
2026-06-14,59465,30327,29138,6
2026-07-15,82867,42262,40605,7
2026-07-16,95959,48939,47020,7
2026-07-17,77635,39594,38041,7
2026-07-18,93989,47934,46055,7
2026-07-19,79290,40438,38852,7
2026-07-20,76050,38786,37264,7
2026-07-21,79964,40782,39182,7
2026-07-22,82909,42284,40625,7
2026-07-23,78872,40225,38647,7
2026-07-24,78372,39970,38402,7
2026-07-25,101208,51616,49592,7
2026-07-26,83511,42591,40920,7
2026-07-27,85935,43827,42108,7
2026-06-30,84272,42979,41293,7
2026-07-01,85389,43548,41841,7
2026-07-02,80211,40908,39303,7
2026-07-03,92974,47417,45557,7
2026-07-04,79125,40354,38771,7
2026-07-05,82961,42310,40651,7
2026-07-06,99718,50856,48862,7
2026-07-07,92773,47314,45459,7
2026-07-08,76685,39109,37576,7
2026-07-09,77808,39682,38126,7
2026-07-10,96595,49263,47332,7
2026-07-11,95357,48632,46725,7
2026-07-12,83860,42769,41091,7
2026-07-13,82764,42210,40554,7
2026-07-14,83618,42645,40973,7
2026-07-15,87290,44518,42772,7
2026-07-16,101714,51874,49840,7
2026-08-17,113404,57836,55568,8
2026-08-18,88723,45249,43474,8
2026-08-19,93953,47916,46037,8
2026-08-20,89701,45748,43953,8
2026-08-21,112947,57603,55344,8
2026-08-22,108678,55426,53252,8
2026-08-23,90941,46380,44561,8
2026-08-24,118416,60392,58024,8
2026-08-25,97467,49708,47759,8
2026-08-26,88626,45199,43427,8
2026-08-27,90873,46345,44528,8
2026-07-31,114767,58531,56236,8
2026-08-01,93938,47908,46030,8
2026-08-02,100165,51084,49081,8
2026-08-03,99144,50563,48581,8
2026-08-04,89569,45680,43889,8
2026-08-05,93782,47829,45953,8
2026-08-06,106084,54103,51981,8
2026-08-07,95560,48736,46824,8
2026-08-08,98258,50112,48146,8
2026-08-09,91254,46540,44714,8
2026-08-10,114137,58210,55927,8
2026-08-11,115080,58691,56389,8
2026-08-12,91946,46892,45054,8
2026-08-13,116292,59309,56983,8
2026-08-14,100622,51317,49305,8
2026-08-15,98628,50300,48328,8
2026-08-16,106505,54318,52187,8
2026-08-17,101401,51715,49686,8
2026-08-18,97722,49838,47884,8
2026-08-19,93485,47677,45808,8
2026-09-20,73620,37546,36074,9
2026-09-21,81369,41498,39871,9
2026-09-22,63387,32327,31060,9
2026-09-23,67607,34480,33127,9
2026-09-24,67580,34466,33114,9
2026-09-25,80597,41104,39493,9
2026-09-26,67713,34534,33179,9
2026-09-27,63688,32481,31207,9
2026-08-31,74754,38125,36629,9
2026-09-01,65832,33574,32258,9
2026-09-02,63740,32507,31233,9
2026-09-03,64038,32659,31379,9
2026-09-04,84124,42903,41221,9
2026-09-05,80497,41053,39444,9
2026-09-06,66504,33917,32587,9
2026-09-07,70902,36160,34742,9
2026-09-08,79861,40729,39132,9
2026-09-09,76221,38873,37348,9
2026-09-10,76485,39007,37478,9
2026-09-11,83426,42547,40879,9
2026-09-12,80866,41242,39624,9
2026-09-13,70792,36104,34688,9
2026-09-14,82993,42326,40667,9
2026-09-15,70072,35737,34335,9
2026-09-16,74501,37996,36505,9
2026-09-17,64363,32825,31538,9
2026-09-18,73386,37427,35959,9
2026-09-19,68924,35151,33773,9
2026-09-20,64840,33068,31772,9
2026-09-21,83699,42686,41013,9
2026-10-22,64294,32790,31504,10
2026-10-23,74036,37758,36278,10
2026-10-24,69286,35336,33950,10
2026-10-25,63029,32145,30884,10
2026-10-26,63259,32262,30997,10
2026-10-27,61001,31111,29890,10
2026-09-30,65308,33307,32001,10
2026-10-01,74556,38024,36532,10
2026-10-02,66736,34035,32701,10
2026-10-03,63786,32531,31255,10
2026-10-04,58889,30033,28856,10
2026-10-05,64053,32667,31386,10
2026-10-06,74858,38178,36680,10
2026-10-07,73745,37610,36135,10
2026-10-08,71756,36596,35160,10
2026-10-09,57058,29100,27958,10
2026-10-10,64602,32947,31655,10
2026-10-11,71226,36325,34901,10
2026-10-12,66876,34107,32769,10
2026-10-13,58813,29995,28818,10
2026-10-14,76577,39054,37523,10
2026-10-15,73441,37455,35986,10
2026-10-16,72569,37010,35559,10
2026-10-17,76530,39030,37500,10
2026-10-18,61915,31577,30338,10
2026-10-19,70830,36123,34707,10
2026-10-20,67357,34352,33005,10
2026-10-21,76471,39000,37471,10
2026-10-22,67930,34644,33286,10
2026-10-23,60983,31101,29882,10
2026-10-24,71837,36637,35200,10
2026-11-25,56508,28819,27689,11
2026-11-26,54914,28006,26908,11
2026-11-27,53446,27257,26189,11
2026-10-31,50118,25560,24558,11
2026-11-01,56905,29022,27883,11
2026-11-02,49798,25397,24401,11
2026-11-03,52036,26538,25498,11
2026-11-04,47693,24323,23370,11
2026-11-05,58065,29613,28452,11
2026-11-06,46693,23813,22880,11
2026-11-07,59343,30265,29078,11
2026-11-08,55988,28554,27434,11
2026-11-09,48535,24753,23782,11
2026-11-10,57885,29521,28364,11
2026-11-11,47816,24386,23430,11
2026-11-12,54738,27916,26822,11
2026-11-13,54648,27870,26778,11
2026-11-14,48427,24698,23729,11
2026-11-15,58724,29949,28775,11
2026-11-16,47375,24161,23214,11
2026-11-17,49024,25002,24022,11
2026-11-18,47154,24049,23105,11
2026-11-19,55349,28228,27121,11
2026-11-20,47473,24211,23262,11
2026-11-21,49997,25498,24499,11
2026-11-22,51120,26071,25049,11
2026-11-23,54502,27796,26706,11
2026-11-24,59341,30264,29077,11
2026-11-25,59612,30402,29210,11
2026-11-26,46754,23845,22909,11
2026-12-27,58590,29881,28709,12
2026-11-30,44848,22872,21976,12
2026-12-01,59705,30450,29255,12
2026-12-02,55858,28488,27370,12
2026-12-03,49814,25405,24409,12
2026-12-04,50781,25898,24883,12
2026-12-05,52037,26539,25498,12
2026-12-06,47619,24286,23333,12
2026-12-07,51562,26297,25265,12
2026-12-08,52550,26801,25749,12
2026-12-09,59637,30415,29222,12
2026-12-10,49300,25143,24157,12
2026-12-11,54437,27763,26674,12
2026-12-12,48833,24905,23928,12
2026-12-13,52805,26931,25874,12
2026-12-14,52747,26901,25846,12
2026-12-15,55410,28259,27151,12
2026-12-16,54975,28037,26938,12
2026-12-17,44547,22719,21828,12
2026-12-18,50126,25564,24562,12
2026-12-19,52824,26940,25884,12
2026-12-20,50156,25580,24576,12
2026-12-21,52547,26799,25748,12
2026-12-22,53486,27278,26208,12
2026-12-23,54879,27988,26891,12
2026-12-24,46675,23804,22871,12
2026-12-25,50113,25558,24555,12
2026-12-26,45690,23302,22388,12
2026-12-27,55802,28459,27343,12
2026-11-30,51227,26126,25101,12