year,month,hotel_name,city,stars,rooms,occupancy_pct,adr_mad,revenue_mad
2001,1,La Mamounia,Marrakech,5,209,17,113,116745
2001,2,La Mamounia,Marrakech,5,209,16,113,97288
2001,3,La Mamounia,Marrakech,5,209,18,113,136203
2001,4,La Mamounia,Marrakech,5,209,20,113,155660
2001,5,La Mamounia,Marrakech,5,209,20,113,155660
2001,6,La Mamounia,Marrakech,5,209,22,113,136203
2001,7,La Mamounia,Marrakech,5,209,31,113,233491
2001,8,La Mamounia,Marrakech,5,209,45,113,272406
2001,9,La Mamounia,Marrakech,5,209,31,113,194576
2001,10,La Mamounia,Marrakech,5,209,23,113,175118
2001,11,La Mamounia,Marrakech,5,209,18,113,136203
2001,12,La Mamounia,Marrakech,5,209,18,113,136203
2001,1,Royal Mansour,Marrakech,5,53,19,149,35127
2001,2,Royal Mansour,Marrakech,5,53,14,149,29272
2001,3,Royal Mansour,Marrakech,5,53,22,149,40981
2001,4,Royal Mansour,Marrakech,5,53,23,149,46835
2001,5,Royal Mansour,Marrakech,5,53,24,149,46835
2001,6,Royal Mansour,Marrakech,5,53,21,149,40981
2001,7,Royal Mansour,Marrakech,5,53,37,149,70253
2001,8,Royal Mansour,Marrakech,5,53,38,149,81962
2001,9,Royal Mansour,Marrakech,5,53,30,149,58544
2001,10,Royal Mansour,Marrakech,5,53,24,149,52690
2001,11,Royal Mansour,Marrakech,5,53,21,149,40981
2001,12,Royal Mansour,Marrakech,5,53,20,149,40981
2001,1,Four Seasons Resort,Marrakech,5,139,19,113,105335
2001,2,Four Seasons Resort,Marrakech,5,139,17,113,87779
2001,3,Four Seasons Resort,Marrakech,5,139,20,113,122891
2001,4,Four Seasons Resort,Marrakech,5,139,28,113,140447
2001,5,Four Seasons Resort,Marrakech,5,139,27,113,140447
2001,6,Four Seasons Resort,Marrakech,5,139,20,113,122891
2001,7,Four Seasons Resort,Marrakech,5,139,45,113,210670
2001,8,Four Seasons Resort,Marrakech,5,139,42,113,245782
2001,9,Four Seasons Resort,Marrakech,5,139,33,113,175559
2001,10,Four Seasons Resort,Marrakech,5,139,30,113,158003
2001,11,Four Seasons Resort,Marrakech,5,139,24,113,122891
2001,12,Four Seasons Resort,Marrakech,5,139,24,113,122891
2001,1,Amanjena,Marrakech,5,32,17,144,26291
2001,2,Amanjena,Marrakech,5,32,14,144,21909
2001,3,Amanjena,Marrakech,5,32,19,144,30673
2001,4,Amanjena,Marrakech,5,32,22,144,35055
2001,5,Amanjena,Marrakech,5,32,28,144,35055
2001,6,Amanjena,Marrakech,5,32,21,144,30673
2001,7,Amanjena,Marrakech,5,32,34,144,52583
2001,8,Amanjena,Marrakech,5,32,44,144,61347
2001,9,Amanjena,Marrakech,5,32,31,144,43819
2001,10,Amanjena,Marrakech,5,32,29,144,39437
2001,11,Amanjena,Marrakech,5,32,22,144,30673
2001,12,Amanjena,Marrakech,5,32,24,144,30673
2001,1,Sofitel Marrakech,Marrakech,5,303,16,79,140141
2001,2,Sofitel Marrakech,Marrakech,5,303,18,79,116784
2001,3,Sofitel Marrakech,Marrakech,5,303,25,79,163498
2001,4,Sofitel Marrakech,Marrakech,5,303,24,79,186854
2001,5,Sofitel Marrakech,Marrakech,5,303,27,79,186854
2001,6,Sofitel Marrakech,Marrakech,5,303,25,79,163498
2001,7,Sofitel Marrakech,Marrakech,5,303,41,79,280282
2001,8,Sofitel Marrakech,Marrakech,5,303,49,79,326995
2001,9,Sofitel Marrakech,Marrakech,5,303,34,79,233568
2001,10,Sofitel Marrakech,Marrakech,5,303,29,79,210211
2001,11,Sofitel Marrakech,Marrakech,5,303,22,79,163498
2001,12,Sofitel Marrakech,Marrakech,5,303,22,79,163498
2001,1,Riad Yasmine,Marrakech,4,7,16,30,1179
2001,2,Riad Yasmine,Marrakech,4,7,16,30,982
2001,3,Riad Yasmine,Marrakech,4,7,22,30,1375
2001,4,Riad Yasmine,Marrakech,4,7,23,30,1572
2001,5,Riad Yasmine,Marrakech,4,7,22,30,1572
2001,6,Riad Yasmine,Marrakech,4,7,22,30,1375
2001,7,Riad Yasmine,Marrakech,4,7,38,30,2358
2001,8,Riad Yasmine,Marrakech,4,7,45,30,2750
2001,9,Riad Yasmine,Marrakech,4,7,30,30,1965
2001,10,Riad Yasmine,Marrakech,4,7,30,30,1768
2001,11,Riad Yasmine,Marrakech,4,7,22,30,1375
2001,12,Riad Yasmine,Marrakech,4,7,20,30,1375
2001,1,Kenzi Tower Hotel,Casablanca,5,240,20,72,102024
2001,2,Kenzi Tower Hotel,Casablanca,5,240,16,72,85020
2001,3,Kenzi Tower Hotel,Casablanca,5,240,19,72,119028
2001,4,Kenzi Tower Hotel,Casablanca,5,240,21,72,136032
2001,5,Kenzi Tower Hotel,Casablanca,5,240,23,72,136032
2001,6,Kenzi Tower Hotel,Casablanca,5,240,21,72,119028
2001,7,Kenzi Tower Hotel,Casablanca,5,240,34,72,204049
2001,8,Kenzi Tower Hotel,Casablanca,5,240,49,72,238057
2001,9,Kenzi Tower Hotel,Casablanca,5,240,34,72,170041
2001,10,Kenzi Tower Hotel,Casablanca,5,240,26,72,153036
2001,11,Kenzi Tower Hotel,Casablanca,5,240,21,72,119028
2001,12,Kenzi Tower Hotel,Casablanca,5,240,19,72,119028
2001,1,Four Seasons Casablanca,Casablanca,5,186,21,98,103378
2001,2,Four Seasons Casablanca,Casablanca,5,186,14,98,86148
2001,3,Four Seasons Casablanca,Casablanca,5,186,20,98,120607
2001,4,Four Seasons Casablanca,Casablanca,5,186,25,98,137837
2001,5,Four Seasons Casablanca,Casablanca,5,186,24,98,137837
2001,6,Four Seasons Casablanca,Casablanca,5,186,23,98,120607
2001,7,Four Seasons Casablanca,Casablanca,5,186,33,98,206755
2001,8,Four Seasons Casablanca,Casablanca,5,186,49,98,241214
2001,9,Four Seasons Casablanca,Casablanca,5,186,35,98,172296
2001,10,Four Seasons Casablanca,Casablanca,5,186,32,98,155066
2001,11,Four Seasons Casablanca,Casablanca,5,186,23,98,120607
2001,12,Four Seasons Casablanca,Casablanca,5,186,24,98,120607
2001,1,Hyatt Regency,Casablanca,5,252,20,68,103514
2001,2,Hyatt Regency,Casablanca,5,252,19,68,86261
2001,3,Hyatt Regency,Casablanca,5,252,22,68,120766
2001,4,Hyatt Regency,Casablanca,5,252,30,68,138018
2001,5,Hyatt Regency,Casablanca,5,252,28,68,138018
2001,6,Hyatt Regency,Casablanca,5,252,21,68,120766
2001,7,Hyatt Regency,Casablanca,5,252,43,68,207027
2001,8,Hyatt Regency,Casablanca,5,252,46,68,241532
2001,9,Hyatt Regency,Casablanca,5,252,36,68,172523
2001,10,Hyatt Regency,Casablanca,5,252,30,68,155270
2001,11,Hyatt Regency,Casablanca,5,252,24,68,120766
2001,12,Hyatt Regency,Casablanca,5,252,21,68,120766
2001,1,Sofitel Casablanca,Casablanca,5,141,21,57,48626
2001,2,Sofitel Casablanca,Casablanca,5,141,14,57,40522
2001,3,Sofitel Casablanca,Casablanca,5,141,19,57,56731
2001,4,Sofitel Casablanca,Casablanca,5,141,30,57,64835
2001,5,Sofitel Casablanca,Casablanca,5,141,26,57,64835
2001,6,Sofitel Casablanca,Casablanca,5,141,21,57,56731
2001,7,Sofitel Casablanca,Casablanca,5,141,36,57,97253
2001,8,Sofitel Casablanca,Casablanca,5,141,45,57,113462
2001,9,Sofitel Casablanca,Casablanca,5,141,37,57,81044
2001,10,Sofitel Casablanca,Casablanca,5,141,29,57,72940
2001,11,Sofitel Casablanca,Casablanca,5,141,25,57,56731
2001,12,Sofitel Casablanca,Casablanca,5,141,21,57,56731
2001,1,Hilton Tanger City Center,Tanger,5,200,19,56,59452
2001,2,Hilton Tanger City Center,Tanger,5,200,13,56,49544
2001,3,Hilton Tanger City Center,Tanger,5,200,22,56,69361
2001,4,Hilton Tanger City Center,Tanger,5,200,25,56,79270
2001,5,Hilton Tanger City Center,Tanger,5,200,22,56,79270
2001,6,Hilton Tanger City Center,Tanger,5,200,19,56,69361
2001,7,Hilton Tanger City Center,Tanger,5,200,36,56,118905
2001,8,Hilton Tanger City Center,Tanger,5,200,40,56,138722
2001,9,Hilton Tanger City Center,Tanger,5,200,31,56,99087
2001,10,Hilton Tanger City Center,Tanger,5,200,25,56,89179
2001,11,Hilton Tanger City Center,Tanger,5,200,21,56,69361
2001,12,Hilton Tanger City Center,Tanger,5,200,23,56,69361
2001,1,Sofitel Tanger Bay,Tanger,5,103,17,50,30284
2001,2,Sofitel Tanger Bay,Tanger,5,103,14,50,25236
2001,3,Sofitel Tanger Bay,Tanger,5,103,20,50,35331
2001,4,Sofitel Tanger Bay,Tanger,5,103,25,50,40378
2001,5,Sofitel Tanger Bay,Tanger,5,103,26,50,40378
2001,6,Sofitel Tanger Bay,Tanger,5,103,24,50,35331
2001,7,Sofitel Tanger Bay,Tanger,5,103,32,50,60567
2001,8,Sofitel Tanger Bay,Tanger,5,103,48,50,70662
2001,9,Sofitel Tanger Bay,Tanger,5,103,30,50,50473
2001,10,Sofitel Tanger Bay,Tanger,5,103,32,50,45426
2001,11,Sofitel Tanger Bay,Tanger,5,103,21,50,35331
2001,12,Sofitel Tanger Bay,Tanger,5,103,23,50,35331
2001,1,Hotel & Spa La Folie,Tanger,4,44,19,34,8352
2001,2,Hotel & Spa La Folie,Tanger,4,44,17,34,6960
2001,3,Hotel & Spa La Folie,Tanger,4,44,21,34,9744
2001,4,Hotel & Spa La Folie,Tanger,4,44,22,34,11135
2001,5,Hotel & Spa La Folie,Tanger,4,44,25,34,11135
2001,6,Hotel & Spa La Folie,Tanger,4,44,20,34,9744
2001,7,Hotel & Spa La Folie,Tanger,4,44,34,34,16703
2001,8,Hotel & Spa La Folie,Tanger,4,44,45,34,19487
2001,9,Hotel & Spa La Folie,Tanger,4,44,33,34,13919
2001,10,Hotel & Spa La Folie,Tanger,4,44,31,34,12527
2001,11,Hotel & Spa La Folie,Tanger,4,44,19,34,9744
2001,12,Hotel & Spa La Folie,Tanger,4,44,22,34,9744
2001,1,Riad Laaroussa,Fès,5,28,19,63,9733
2001,2,Riad Laaroussa,Fès,5,28,16,63,8110
2001,3,Riad Laaroussa,Fès,5,28,21,63,11355
2001,4,Riad Laaroussa,Fès,5,28,23,63,12977
2001,5,Riad Laaroussa,Fès,5,28,22,63,12977
2001,6,Riad Laaroussa,Fès,5,28,21,63,11355
2001,7,Riad Laaroussa,Fès,5,28,39,63,19465
2001,8,Riad Laaroussa,Fès,5,28,36,63,22709
2001,9,Riad Laaroussa,Fès,5,28,30,63,16221
2001,10,Riad Laaroussa,Fès,5,28,27,63,14599
2001,11,Riad Laaroussa,Fès,5,28,21,63,11355
2001,12,Riad Laaroussa,Fès,5,28,24,63,11355
2001,1,Palais Amani,Fès,5,21,19,76,10108
2001,2,Palais Amani,Fès,5,21,14,76,8423
2001,3,Palais Amani,Fès,5,21,26,76,11792
2001,4,Palais Amani,Fès,5,21,28,76,13477
2001,5,Palais Amani,Fès,5,21,29,76,13477
2001,6,Palais Amani,Fès,5,21,24,76,11792
2001,7,Palais Amani,Fès,5,21,33,76,20215
2001,8,Palais Amani,Fès,5,21,50,76,23584
2001,9,Palais Amani,Fès,5,21,30,76,16846
2001,10,Palais Amani,Fès,5,21,26,76,15161
2001,11,Palais Amani,Fès,5,21,24,76,11792
2001,12,Palais Amani,Fès,5,21,19,76,11792
2001,1,Sofitel Palais Jamai,Fès,5,136,18,48,41434
2001,2,Sofitel Palais Jamai,Fès,5,136,18,48,34528
2001,3,Sofitel Palais Jamai,Fès,5,136,22,48,48339
2001,4,Sofitel Palais Jamai,Fès,5,136,25,48,55245
2001,5,Sofitel Palais Jamai,Fès,5,136,23,48,55245
2001,6,Sofitel Palais Jamai,Fès,5,136,21,48,48339
2001,7,Sofitel Palais Jamai,Fès,5,136,38,48,82868
2001,8,Sofitel Palais Jamai,Fès,5,136,41,48,96679
2001,9,Sofitel Palais Jamai,Fès,5,136,35,48,69056
2001,10,Sofitel Palais Jamai,Fès,5,136,30,48,62151
2001,11,Sofitel Palais Jamai,Fès,5,136,23,48,48339
2001,12,Sofitel Palais Jamai,Fès,5,136,25,48,48339
2001,1,Riad Fès,Fès,5,32,18,56,11258
2001,2,Riad Fès,Fès,5,32,17,56,9382
2001,3,Riad Fès,Fès,5,32,24,56,13135
2001,4,Riad Fès,Fès,5,32,26,56,15011
2001,5,Riad Fès,Fès,5,32,27,56,15011
2001,6,Riad Fès,Fès,5,32,25,56,13135
2001,7,Riad Fès,Fès,5,32,35,56,22516
2001,8,Riad Fès,Fès,5,32,44,56,26269
2001,9,Riad Fès,Fès,5,32,29,56,18764
2001,10,Riad Fès,Fès,5,32,30,56,16887
2001,11,Riad Fès,Fès,5,32,19,56,13135
2001,12,Riad Fès,Fès,5,32,20,56,13135
2001,1,Sofitel Agadir Royal Bay,Agadir,5,174,16,41,36499
2001,2,Sofitel Agadir Royal Bay,Agadir,5,174,14,41,30415
2001,3,Sofitel Agadir Royal Bay,Agadir,5,174,19,41,42582
2001,4,Sofitel Agadir Royal Bay,Agadir,5,174,25,41,48665
2001,5,Sofitel Agadir Royal Bay,Agadir,5,174,26,41,48665
2001,6,Sofitel Agadir Royal Bay,Agadir,5,174,18,41,42582
2001,7,Sofitel Agadir Royal Bay,Agadir,5,174,36,41,72997
2001,8,Sofitel Agadir Royal Bay,Agadir,5,174,38,41,85163
2001,9,Sofitel Agadir Royal Bay,Agadir,5,174,29,41,60831
2001,10,Sofitel Agadir Royal Bay,Agadir,5,174,26,41,54748
2001,11,Sofitel Agadir Royal Bay,Agadir,5,174,19,41,42582
2001,12,Sofitel Agadir Royal Bay,Agadir,5,174,22,41,42582
2001,1,Riu Palace Tikida,Agadir,5,524,20,32,86347
2001,2,Riu Palace Tikida,Agadir,5,524,16,32,71956
2001,3,Riu Palace Tikida,Agadir,5,524,18,32,100738
2001,4,Riu Palace Tikida,Agadir,5,524,23,32,115129
2001,5,Riu Palace Tikida,Agadir,5,524,20,32,115129
2001,6,Riu Palace Tikida,Agadir,5,524,23,32,100738
2001,7,Riu Palace Tikida,Agadir,5,524,39,32,172694
2001,8,Riu Palace Tikida,Agadir,5,524,44,32,201476
2001,9,Riu Palace Tikida,Agadir,5,524,27,32,143912
2001,10,Riu Palace Tikida,Agadir,5,524,24,32,129520
2001,11,Riu Palace Tikida,Agadir,5,524,22,32,100738
2001,12,Riu Palace Tikida,Agadir,5,524,23,32,100738
2001,1,Iberostar Founty,Agadir,5,380,19,28,58845
2001,2,Iberostar Founty,Agadir,5,380,15,28,49038
2001,3,Iberostar Founty,Agadir,5,380,20,28,68653
2001,4,Iberostar Founty,Agadir,5,380,23,28,78460
2001,5,Iberostar Founty,Agadir,5,380,28,28,78460
2001,6,Iberostar Founty,Agadir,5,380,19,28,68653
2001,7,Iberostar Founty,Agadir,5,380,35,28,117690
2001,8,Iberostar Founty,Agadir,5,380,42,28,137305
2001,9,Iberostar Founty,Agadir,5,380,36,28,98075
2001,10,Iberostar Founty,Agadir,5,380,25,28,88268
2001,11,Iberostar Founty,Agadir,5,380,25,28,68653
2001,12,Iberostar Founty,Agadir,5,380,25,28,68653
2001,1,Kasbah Tamadot,Asni,5,28,15,146,20047
2001,2,Kasbah Tamadot,Asni,5,28,15,146,16706
2001,3,Kasbah Tamadot,Asni,5,28,22,146,23388
2001,4,Kasbah Tamadot,Asni,5,28,22,146,26729
2001,5,Kasbah Tamadot,Asni,5,28,22,146,26729
2001,6,Kasbah Tamadot,Asni,5,28,23,146,23388
2001,7,Kasbah Tamadot,Asni,5,28,31,146,40094
2001,8,Kasbah Tamadot,Asni,5,28,46,146,46776
2001,9,Kasbah Tamadot,Asni,5,28,33,146,33411
2001,10,Kasbah Tamadot,Asni,5,28,29,146,30070
2001,11,Kasbah Tamadot,Asni,5,28,18,146,23388
2001,12,Kasbah Tamadot,Asni,5,28,18,146,23388
2001,1,Scarabeo Camp,Agafay,4,14,18,143,13469
2001,2,Scarabeo Camp,Agafay,4,14,14,143,11224
2001,3,Scarabeo Camp,Agafay,4,14,24,143,15714
2001,4,Scarabeo Camp,Agafay,4,14,25,143,17959
2001,5,Scarabeo Camp,Agafay,4,14,31,143,17959
2001,6,Scarabeo Camp,Agafay,4,14,21,143,15714
2001,7,Scarabeo Camp,Agafay,4,14,43,143,26938
2001,8,Scarabeo Camp,Agafay,4,14,42,143,31428
2001,9,Scarabeo Camp,Agafay,4,14,34,143,22449
2001,10,Scarabeo Camp,Agafay,4,14,30,143,20204
2001,11,Scarabeo Camp,Agafay,4,14,22,143,15714
2001,12,Scarabeo Camp,Agafay,4,14,21,143,15714
2001,1,Kam Kam Dunes,Merzouga,3,20,19,60,5504
2001,2,Kam Kam Dunes,Merzouga,3,20,16,60,4586
2001,3,Kam Kam Dunes,Merzouga,3,20,22,60,6421
2001,4,Kam Kam Dunes,Merzouga,3,20,22,60,7338
2001,5,Kam Kam Dunes,Merzouga,3,20,19,60,7338
2001,6,Kam Kam Dunes,Merzouga,3,20,19,60,6421
2001,7,Kam Kam Dunes,Merzouga,3,20,37,60,11007
2001,8,Kam Kam Dunes,Merzouga,3,20,38,60,12842
2001,9,Kam Kam Dunes,Merzouga,3,20,31,60,9173
2001,10,Kam Kam Dunes,Merzouga,3,20,24,60,8255
2001,11,Kam Kam Dunes,Merzouga,3,20,21,60,6421
2001,12,Kam Kam Dunes,Merzouga,3,20,17,60,6421
2001,1,Riad Kniza,Marrakech,5,11,17,154,10714
2001,2,Riad Kniza,Marrakech,5,11,15,154,8928
2001,3,Riad Kniza,Marrakech,5,11,20,154,12499
2001,4,Riad Kniza,Marrakech,5,11,26,154,14285
2001,5,Riad Kniza,Marrakech,5,11,22,154,14285
2001,6,Riad Kniza,Marrakech,5,11,23,154,12499
2001,7,Riad Kniza,Marrakech,5,11,40,154,21428
2001,8,Riad Kniza,Marrakech,5,11,44,154,24999
2001,9,Riad Kniza,Marrakech,5,11,35,154,17856
2001,10,Riad Kniza,Marrakech,5,11,26,154,16071
2001,11,Riad Kniza,Marrakech,5,11,20,154,12499
2001,12,Riad Kniza,Marrakech,5,11,24,154,12499
2001,1,Dar Ahlam,Skoura,5,14,19,168,11538
2001,2,Dar Ahlam,Skoura,5,14,15,168,9615
2001,3,Dar Ahlam,Skoura,5,14,21,168,13461
2001,4,Dar Ahlam,Skoura,5,14,24,168,15384
2001,5,Dar Ahlam,Skoura,5,14,26,168,15384
2001,6,Dar Ahlam,Skoura,5,14,21,168,13461
2001,7,Dar Ahlam,Skoura,5,14,38,168,23076
2001,8,Dar Ahlam,Skoura,5,14,46,168,26923
2001,9,Dar Ahlam,Skoura,5,14,30,168,19230
2001,10,Dar Ahlam,Skoura,5,14,23,168,17307
2001,11,Dar Ahlam,Skoura,5,14,21,168,13461
2001,12,Dar Ahlam,Skoura,5,14,17,168,13461
2002,1,La Mamounia,Marrakech,5,209,22,129,166794
2002,2,La Mamounia,Marrakech,5,209,18,129,138995
2002,3,La Mamounia,Marrakech,5,209,26,129,194593
2002,4,La Mamounia,Marrakech,5,209,23,129,222392
2002,5,La Mamounia,Marrakech,5,209,24,129,222392
2002,6,La Mamounia,Marrakech,5,209,22,129,194593
2002,7,La Mamounia,Marrakech,5,209,40,129,333588
2002,8,La Mamounia,Marrakech,5,209,52,129,389186
2002,9,La Mamounia,Marrakech,5,209,29,129,277990
2002,10,La Mamounia,Marrakech,5,209,29,129,250191
2002,11,La Mamounia,Marrakech,5,209,24,129,194593
2002,12,La Mamounia,Marrakech,5,209,22,129,194593
2002,1,Royal Mansour,Marrakech,5,53,20,156,37467
2002,2,Royal Mansour,Marrakech,5,53,15,156,31223
2002,3,Royal Mansour,Marrakech,5,53,19,156,43712
2002,4,Royal Mansour,Marrakech,5,53,21,156,49956
2002,5,Royal Mansour,Marrakech,5,53,22,156,49956
2002,6,Royal Mansour,Marrakech,5,53,23,156,43712
2002,7,Royal Mansour,Marrakech,5,53,39,156,74934
2002,8,Royal Mansour,Marrakech,5,53,36,156,87423
2002,9,Royal Mansour,Marrakech,5,53,28,156,62445
2002,10,Royal Mansour,Marrakech,5,53,26,156,56201
2002,11,Royal Mansour,Marrakech,5,53,20,156,43712
2002,12,Royal Mansour,Marrakech,5,53,23,156,43712
2002,1,Four Seasons Resort,Marrakech,5,139,17,98,64395
2002,2,Four Seasons Resort,Marrakech,5,139,13,98,53662
2002,3,Four Seasons Resort,Marrakech,5,139,22,98,75127
2002,4,Four Seasons Resort,Marrakech,5,139,22,98,85860
2002,5,Four Seasons Resort,Marrakech,5,139,24,98,85860
2002,6,Four Seasons Resort,Marrakech,5,139,20,98,75127
2002,7,Four Seasons Resort,Marrakech,5,139,30,98,128790
2002,8,Four Seasons Resort,Marrakech,5,139,46,98,150255
2002,9,Four Seasons Resort,Marrakech,5,139,33,98,107325
2002,10,Four Seasons Resort,Marrakech,5,139,24,98,96592
2002,11,Four Seasons Resort,Marrakech,5,139,22,98,75127
2002,12,Four Seasons Resort,Marrakech,5,139,23,98,75127
2002,1,Amanjena,Marrakech,5,32,16,138,22437
2002,2,Amanjena,Marrakech,5,32,15,138,18697
2002,3,Amanjena,Marrakech,5,32,23,138,26176
2002,4,Amanjena,Marrakech,5,32,24,138,29916
2002,5,Amanjena,Marrakech,5,32,21,138,29916
2002,6,Amanjena,Marrakech,5,32,21,138,26176
2002,7,Amanjena,Marrakech,5,32,31,138,44873
2002,8,Amanjena,Marrakech,5,32,39,138,52352
2002,9,Amanjena,Marrakech,5,32,31,138,37395
2002,10,Amanjena,Marrakech,5,32,25,138,33655
2002,11,Amanjena,Marrakech,5,32,19,138,26176
2002,12,Amanjena,Marrakech,5,32,23,138,26176
2002,1,Sofitel Marrakech,Marrakech,5,303,20,82,144258
2002,2,Sofitel Marrakech,Marrakech,5,303,16,82,120215
2002,3,Sofitel Marrakech,Marrakech,5,303,20,82,168301
2002,4,Sofitel Marrakech,Marrakech,5,303,23,82,192344
2002,5,Sofitel Marrakech,Marrakech,5,303,26,82,192344
2002,6,Sofitel Marrakech,Marrakech,5,303,22,82,168301
2002,7,Sofitel Marrakech,Marrakech,5,303,44,82,288516
2002,8,Sofitel Marrakech,Marrakech,5,303,45,82,336602
2002,9,Sofitel Marrakech,Marrakech,5,303,30,82,240430
2002,10,Sofitel Marrakech,Marrakech,5,303,32,82,216387
2002,11,Sofitel Marrakech,Marrakech,5,303,26,82,168301
2002,12,Sofitel Marrakech,Marrakech,5,303,26,82,168301
2002,1,Riad Yasmine,Marrakech,4,7,23,37,1841
2002,2,Riad Yasmine,Marrakech,4,7,21,37,1534
2002,3,Riad Yasmine,Marrakech,4,7,23,37,2148
2002,4,Riad Yasmine,Marrakech,4,7,32,37,2455
2002,5,Riad Yasmine,Marrakech,4,7,29,37,2455
2002,6,Riad Yasmine,Marrakech,4,7,23,37,2148
2002,7,Riad Yasmine,Marrakech,4,7,39,37,3683
2002,8,Riad Yasmine,Marrakech,4,7,43,37,4296
2002,9,Riad Yasmine,Marrakech,4,7,35,37,3069
2002,10,Riad Yasmine,Marrakech,4,7,30,37,2762
2002,11,Riad Yasmine,Marrakech,4,7,23,37,2148
2002,12,Riad Yasmine,Marrakech,4,7,28,37,2148
2002,1,Kenzi Tower Hotel,Casablanca,5,240,18,74,103167
2002,2,Kenzi Tower Hotel,Casablanca,5,240,14,74,85972
2002,3,Kenzi Tower Hotel,Casablanca,5,240,26,74,120361
2002,4,Kenzi Tower Hotel,Casablanca,5,240,29,74,137556
2002,5,Kenzi Tower Hotel,Casablanca,5,240,22,74,137556
2002,6,Kenzi Tower Hotel,Casablanca,5,240,21,74,120361
2002,7,Kenzi Tower Hotel,Casablanca,5,240,44,74,206334
2002,8,Kenzi Tower Hotel,Casablanca,5,240,46,74,240723
2002,9,Kenzi Tower Hotel,Casablanca,5,240,31,74,171945
2002,10,Kenzi Tower Hotel,Casablanca,5,240,29,74,154750
2002,11,Kenzi Tower Hotel,Casablanca,5,240,22,74,120361
2002,12,Kenzi Tower Hotel,Casablanca,5,240,23,74,120361
2002,1,Four Seasons Casablanca,Casablanca,5,186,19,102,112359
2002,2,Four Seasons Casablanca,Casablanca,5,186,16,102,93632
2002,3,Four Seasons Casablanca,Casablanca,5,186,25,102,131085
2002,4,Four Seasons Casablanca,Casablanca,5,186,28,102,149812
2002,5,Four Seasons Casablanca,Casablanca,5,186,29,102,149812
2002,6,Four Seasons Casablanca,Casablanca,5,186,25,102,131085
2002,7,Four Seasons Casablanca,Casablanca,5,186,36,102,224718
2002,8,Four Seasons Casablanca,Casablanca,5,186,49,102,262171
2002,9,Four Seasons Casablanca,Casablanca,5,186,35,102,187265
2002,10,Four Seasons Casablanca,Casablanca,5,186,27,102,168538
2002,11,Four Seasons Casablanca,Casablanca,5,186,21,102,131085
2002,12,Four Seasons Casablanca,Casablanca,5,186,25,102,131085
2002,1,Hyatt Regency,Casablanca,5,252,15,61,72842
2002,2,Hyatt Regency,Casablanca,5,252,14,61,60701
2002,3,Hyatt Regency,Casablanca,5,252,21,61,84982
2002,4,Hyatt Regency,Casablanca,5,252,22,61,97122
2002,5,Hyatt Regency,Casablanca,5,252,25,61,97122
2002,6,Hyatt Regency,Casablanca,5,252,21,61,84982
2002,7,Hyatt Regency,Casablanca,5,252,38,61,145683
2002,8,Hyatt Regency,Casablanca,5,252,45,61,169964
2002,9,Hyatt Regency,Casablanca,5,252,26,61,121403
2002,10,Hyatt Regency,Casablanca,5,252,27,61,109262
2002,11,Hyatt Regency,Casablanca,5,252,18,61,84982
2002,12,Hyatt Regency,Casablanca,5,252,17,61,84982
2002,1,Sofitel Casablanca,Casablanca,5,141,16,51,32564
2002,2,Sofitel Casablanca,Casablanca,5,141,16,51,27137
2002,3,Sofitel Casablanca,Casablanca,5,141,23,51,37992
2002,4,Sofitel Casablanca,Casablanca,5,141,26,51,43419
2002,5,Sofitel Casablanca,Casablanca,5,141,21,51,43419
2002,6,Sofitel Casablanca,Casablanca,5,141,22,51,37992
2002,7,Sofitel Casablanca,Casablanca,5,141,34,51,65129
2002,8,Sofitel Casablanca,Casablanca,5,141,44,51,75984
2002,9,Sofitel Casablanca,Casablanca,5,141,33,51,54274
2002,10,Sofitel Casablanca,Casablanca,5,141,23,51,48847
2002,11,Sofitel Casablanca,Casablanca,5,141,19,51,37992
2002,12,Sofitel Casablanca,Casablanca,5,141,19,51,37992
2002,1,Hilton Tanger City Center,Tanger,5,200,21,64,81553
2002,2,Hilton Tanger City Center,Tanger,5,200,16,64,67960
2002,3,Hilton Tanger City Center,Tanger,5,200,26,64,95145
2002,4,Hilton Tanger City Center,Tanger,5,200,29,64,108737
2002,5,Hilton Tanger City Center,Tanger,5,200,27,64,108737
2002,6,Hilton Tanger City Center,Tanger,5,200,22,64,95145
2002,7,Hilton Tanger City Center,Tanger,5,200,36,64,163105
2002,8,Hilton Tanger City Center,Tanger,5,200,53,64,190289
2002,9,Hilton Tanger City Center,Tanger,5,200,35,64,135921
2002,10,Hilton Tanger City Center,Tanger,5,200,35,64,122329
2002,11,Hilton Tanger City Center,Tanger,5,200,22,64,95145
2002,12,Hilton Tanger City Center,Tanger,5,200,24,64,95145
2002,1,Sofitel Tanger Bay,Tanger,5,103,21,52,34114
2002,2,Sofitel Tanger Bay,Tanger,5,103,19,52,28428
2002,3,Sofitel Tanger Bay,Tanger,5,103,25,52,39800
2002,4,Sofitel Tanger Bay,Tanger,5,103,27,52,45486
2002,5,Sofitel Tanger Bay,Tanger,5,103,25,52,45486
2002,6,Sofitel Tanger Bay,Tanger,5,103,23,52,39800
2002,7,Sofitel Tanger Bay,Tanger,5,103,41,52,68228
2002,8,Sofitel Tanger Bay,Tanger,5,103,52,52,79600
2002,9,Sofitel Tanger Bay,Tanger,5,103,29,52,56857
2002,10,Sofitel Tanger Bay,Tanger,5,103,33,52,51171
2002,11,Sofitel Tanger Bay,Tanger,5,103,22,52,39800
2002,12,Sofitel Tanger Bay,Tanger,5,103,24,52,39800
2002,1,Hotel & Spa La Folie,Tanger,4,44,23,40,12255
2002,2,Hotel & Spa La Folie,Tanger,4,44,16,40,10212
2002,3,Hotel & Spa La Folie,Tanger,4,44,21,40,14297
2002,4,Hotel & Spa La Folie,Tanger,4,44,25,40,16340
2002,5,Hotel & Spa La Folie,Tanger,4,44,31,40,16340
2002,6,Hotel & Spa La Folie,Tanger,4,44,23,40,14297
2002,7,Hotel & Spa La Folie,Tanger,4,44,41,40,24509
2002,8,Hotel & Spa La Folie,Tanger,4,44,52,40,28594
2002,9,Hotel & Spa La Folie,Tanger,4,44,36,40,20424
2002,10,Hotel & Spa La Folie,Tanger,4,44,34,40,18382
2002,11,Hotel & Spa La Folie,Tanger,4,44,22,40,14297
2002,12,Hotel & Spa La Folie,Tanger,4,44,27,40,14297
2002,1,Riad Laaroussa,Fès,5,28,19,71,13453
2002,2,Riad Laaroussa,Fès,5,28,17,71,11211
2002,3,Riad Laaroussa,Fès,5,28,28,71,15695
2002,4,Riad Laaroussa,Fès,5,28,28,71,17937
2002,5,Riad Laaroussa,Fès,5,28,24,71,17937
2002,6,Riad Laaroussa,Fès,5,28,27,71,15695
2002,7,Riad Laaroussa,Fès,5,28,40,71,26906
2002,8,Riad Laaroussa,Fès,5,28,42,71,31390
2002,9,Riad Laaroussa,Fès,5,28,40,71,22422
2002,10,Riad Laaroussa,Fès,5,28,27,71,20179
2002,11,Riad Laaroussa,Fès,5,28,25,71,15695
2002,12,Riad Laaroussa,Fès,5,28,28,71,15695
2002,1,Palais Amani,Fès,5,21,18,70,7445
2002,2,Palais Amani,Fès,5,21,15,70,6204
2002,3,Palais Amani,Fès,5,21,19,70,8686
2002,4,Palais Amani,Fès,5,21,23,70,9927
2002,5,Palais Amani,Fès,5,21,25,70,9927
2002,6,Palais Amani,Fès,5,21,22,70,8686
2002,7,Palais Amani,Fès,5,21,33,70,14890
2002,8,Palais Amani,Fès,5,21,46,70,17372
2002,9,Palais Amani,Fès,5,21,32,70,12409
2002,10,Palais Amani,Fès,5,21,28,70,11168
2002,11,Palais Amani,Fès,5,21,22,70,8686
2002,12,Palais Amani,Fès,5,21,20,70,8686
2002,1,Sofitel Palais Jamai,Fès,5,136,18,42,26252
2002,2,Sofitel Palais Jamai,Fès,5,136,14,42,21877
2002,3,Sofitel Palais Jamai,Fès,5,136,21,42,30628
2002,4,Sofitel Palais Jamai,Fès,5,136,25,42,35003
2002,5,Sofitel Palais Jamai,Fès,5,136,26,42,35003
2002,6,Sofitel Palais Jamai,Fès,5,136,21,42,30628
2002,7,Sofitel Palais Jamai,Fès,5,136,36,42,52505
2002,8,Sofitel Palais Jamai,Fès,5,136,41,42,61256
2002,9,Sofitel Palais Jamai,Fès,5,136,27,42,43754
2002,10,Sofitel Palais Jamai,Fès,5,136,29,42,39379
2002,11,Sofitel Palais Jamai,Fès,5,136,18,42,30628
2002,12,Sofitel Palais Jamai,Fès,5,136,18,42,30628
2002,1,Riad Fès,Fès,5,32,19,57,11424
2002,2,Riad Fès,Fès,5,32,15,57,9520
2002,3,Riad Fès,Fès,5,32,27,57,13328
2002,4,Riad Fès,Fès,5,32,28,57,15232
2002,5,Riad Fès,Fès,5,32,25,57,15232
2002,6,Riad Fès,Fès,5,32,20,57,13328
2002,7,Riad Fès,Fès,5,32,46,57,22848
2002,8,Riad Fès,Fès,5,32,48,57,26657
2002,9,Riad Fès,Fès,5,32,33,57,19040
2002,10,Riad Fès,Fès,5,32,32,57,17136
2002,11,Riad Fès,Fès,5,32,22,57,13328
2002,12,Riad Fès,Fès,5,32,21,57,13328
2002,1,Sofitel Agadir Royal Bay,Agadir,5,174,22,43,39840
2002,2,Sofitel Agadir Royal Bay,Agadir,5,174,15,43,33200
2002,3,Sofitel Agadir Royal Bay,Agadir,5,174,20,43,46480
2002,4,Sofitel Agadir Royal Bay,Agadir,5,174,24,43,53120
2002,5,Sofitel Agadir Royal Bay,Agadir,5,174,27,43,53120
2002,6,Sofitel Agadir Royal Bay,Agadir,5,174,23,43,46480
2002,7,Sofitel Agadir Royal Bay,Agadir,5,174,35,43,79680
2002,8,Sofitel Agadir Royal Bay,Agadir,5,174,45,43,92960
2002,9,Sofitel Agadir Royal Bay,Agadir,5,174,31,43,66400
2002,10,Sofitel Agadir Royal Bay,Agadir,5,174,31,43,59760
2002,11,Sofitel Agadir Royal Bay,Agadir,5,174,23,43,46480
2002,12,Sofitel Agadir Royal Bay,Agadir,5,174,22,43,46480
2002,1,Riu Palace Tikida,Agadir,5,524,19,33,84952
2002,2,Riu Palace Tikida,Agadir,5,524,16,33,70793
2002,3,Riu Palace Tikida,Agadir,5,524,21,33,99111
2002,4,Riu Palace Tikida,Agadir,5,524,23,33,113269
2002,5,Riu Palace Tikida,Agadir,5,524,21,33,113269
2002,6,Riu Palace Tikida,Agadir,5,524,20,33,99111
2002,7,Riu Palace Tikida,Agadir,5,524,38,33,169904
2002,8,Riu Palace Tikida,Agadir,5,524,43,33,198221
2002,9,Riu Palace Tikida,Agadir,5,524,26,33,141586
2002,10,Riu Palace Tikida,Agadir,5,524,25,33,127428
2002,11,Riu Palace Tikida,Agadir,5,524,20,33,99111
2002,12,Riu Palace Tikida,Agadir,5,524,21,33,99111
2002,1,Iberostar Founty,Agadir,5,380,18,29,64387
2002,2,Iberostar Founty,Agadir,5,380,16,29,53656
2002,3,Iberostar Founty,Agadir,5,380,25,29,75118
2002,4,Iberostar Founty,Agadir,5,380,26,29,85850
2002,5,Iberostar Founty,Agadir,5,380,28,29,85850
2002,6,Iberostar Founty,Agadir,5,380,20,29,75118
2002,7,Iberostar Founty,Agadir,5,380,37,29,128774
2002,8,Iberostar Founty,Agadir,5,380,49,29,150237
2002,9,Iberostar Founty,Agadir,5,380,30,29,107312
2002,10,Iberostar Founty,Agadir,5,380,27,29,96581
2002,11,Iberostar Founty,Agadir,5,380,22,29,75118
2002,12,Iberostar Founty,Agadir,5,380,20,29,75118
2002,1,Kasbah Tamadot,Asni,5,28,19,155,22142
2002,2,Kasbah Tamadot,Asni,5,28,16,155,18451
2002,3,Kasbah Tamadot,Asni,5,28,22,155,25832
2002,4,Kasbah Tamadot,Asni,5,28,23,155,29522
2002,5,Kasbah Tamadot,Asni,5,28,25,155,29522
2002,6,Kasbah Tamadot,Asni,5,28,20,155,25832
2002,7,Kasbah Tamadot,Asni,5,28,41,155,44283
2002,8,Kasbah Tamadot,Asni,5,28,46,155,51664
2002,9,Kasbah Tamadot,Asni,5,28,27,155,36903
2002,10,Kasbah Tamadot,Asni,5,28,31,155,33212
2002,11,Kasbah Tamadot,Asni,5,28,23,155,25832
2002,12,Kasbah Tamadot,Asni,5,28,24,155,25832
2002,1,Scarabeo Camp,Agafay,4,14,17,132,9892
2002,2,Scarabeo Camp,Agafay,4,14,18,132,8243
2002,3,Scarabeo Camp,Agafay,4,14,19,132,11540
2002,4,Scarabeo Camp,Agafay,4,14,22,132,13189
2002,5,Scarabeo Camp,Agafay,4,14,22,132,13189
2002,6,Scarabeo Camp,Agafay,4,14,20,132,11540
2002,7,Scarabeo Camp,Agafay,4,14,38,132,19784
2002,8,Scarabeo Camp,Agafay,4,14,48,132,23081
2002,9,Scarabeo Camp,Agafay,4,14,28,132,16486
2002,10,Scarabeo Camp,Agafay,4,14,29,132,14838
2002,11,Scarabeo Camp,Agafay,4,14,23,132,11540
2002,12,Scarabeo Camp,Agafay,4,14,19,132,11540
2002,1,Kam Kam Dunes,Merzouga,3,20,19,69,7568
2002,2,Kam Kam Dunes,Merzouga,3,20,15,69,6306
2002,3,Kam Kam Dunes,Merzouga,3,20,24,69,8829
2002,4,Kam Kam Dunes,Merzouga,3,20,22,69,10090
2002,5,Kam Kam Dunes,Merzouga,3,20,26,69,10090
2002,6,Kam Kam Dunes,Merzouga,3,20,21,69,8829
2002,7,Kam Kam Dunes,Merzouga,3,20,39,69,15136
2002,8,Kam Kam Dunes,Merzouga,3,20,50,69,17658
2002,9,Kam Kam Dunes,Merzouga,3,20,30,69,12613
2002,10,Kam Kam Dunes,Merzouga,3,20,29,69,11352
2002,11,Kam Kam Dunes,Merzouga,3,20,24,69,8829
2002,12,Kam Kam Dunes,Merzouga,3,20,20,69,8829
2002,1,Riad Kniza,Marrakech,5,11,22,153,9739
2002,2,Riad Kniza,Marrakech,5,11,14,153,8116
2002,3,Riad Kniza,Marrakech,5,11,22,153,11362
2002,4,Riad Kniza,Marrakech,5,11,28,153,12985
2002,5,Riad Kniza,Marrakech,5,11,26,153,12985
2002,6,Riad Kniza,Marrakech,5,11,21,153,11362
2002,7,Riad Kniza,Marrakech,5,11,42,153,19478
2002,8,Riad Kniza,Marrakech,5,11,42,153,22724
2002,9,Riad Kniza,Marrakech,5,11,28,153,16231
2002,10,Riad Kniza,Marrakech,5,11,27,153,14608
2002,11,Riad Kniza,Marrakech,5,11,21,153,11362
2002,12,Riad Kniza,Marrakech,5,11,20,153,11362
2002,1,Dar Ahlam,Skoura,5,14,25,207,20595
2002,2,Dar Ahlam,Skoura,5,14,16,207,17162
2002,3,Dar Ahlam,Skoura,5,14,22,207,24027
2002,4,Dar Ahlam,Skoura,5,14,30,207,27460
2002,5,Dar Ahlam,Skoura,5,14,33,207,27460
2002,6,Dar Ahlam,Skoura,5,14,27,207,24027
2002,7,Dar Ahlam,Skoura,5,14,46,207,41189
2002,8,Dar Ahlam,Skoura,5,14,45,207,48054
2002,9,Dar Ahlam,Skoura,5,14,31,207,34325
2002,10,Dar Ahlam,Skoura,5,14,33,207,30892
2002,11,Dar Ahlam,Skoura,5,14,27,207,24027
2002,12,Dar Ahlam,Skoura,5,14,25,207,24027
2003,1,La Mamounia,Marrakech,5,209,21,129,157406
2003,2,La Mamounia,Marrakech,5,209,18,129,131172
2003,3,La Mamounia,Marrakech,5,209,21,129,183640
2003,4,La Mamounia,Marrakech,5,209,23,129,209874
2003,5,La Mamounia,Marrakech,5,209,28,129,209874
2003,6,La Mamounia,Marrakech,5,209,23,129,183640
2003,7,La Mamounia,Marrakech,5,209,36,129,314812
2003,8,La Mamounia,Marrakech,5,209,47,129,367280
2003,9,La Mamounia,Marrakech,5,209,32,129,262343
2003,10,La Mamounia,Marrakech,5,209,30,129,236109
2003,11,La Mamounia,Marrakech,5,209,26,129,183640
2003,12,La Mamounia,Marrakech,5,209,27,129,183640
2003,1,Royal Mansour,Marrakech,5,53,23,206,83328
2003,2,Royal Mansour,Marrakech,5,53,21,206,69440
2003,3,Royal Mansour,Marrakech,5,53,26,206,97216
2003,4,Royal Mansour,Marrakech,5,53,28,206,111104
2003,5,Royal Mansour,Marrakech,5,53,33,206,111104
2003,6,Royal Mansour,Marrakech,5,53,30,206,97216
2003,7,Royal Mansour,Marrakech,5,53,42,206,166655
2003,8,Royal Mansour,Marrakech,5,53,48,206,194431
2003,9,Royal Mansour,Marrakech,5,53,37,206,138879
2003,10,Royal Mansour,Marrakech,5,53,35,206,124991
2003,11,Royal Mansour,Marrakech,5,53,23,206,97216
2003,12,Royal Mansour,Marrakech,5,53,30,206,97216
2003,1,Four Seasons Resort,Marrakech,5,139,24,128,132069
2003,2,Four Seasons Resort,Marrakech,5,139,20,128,110057
2003,3,Four Seasons Resort,Marrakech,5,139,28,128,154080
2003,4,Four Seasons Resort,Marrakech,5,139,33,128,176092
2003,5,Four Seasons Resort,Marrakech,5,139,26,128,176092
2003,6,Four Seasons Resort,Marrakech,5,139,28,128,154080
2003,7,Four Seasons Resort,Marrakech,5,139,48,128,264138
2003,8,Four Seasons Resort,Marrakech,5,139,52,128,308160
2003,9,Four Seasons Resort,Marrakech,5,139,37,128,220115
2003,10,Four Seasons Resort,Marrakech,5,139,33,128,198103
2003,11,Four Seasons Resort,Marrakech,5,139,29,128,154080
2003,12,Four Seasons Resort,Marrakech,5,139,28,128,154080
2003,1,Amanjena,Marrakech,5,32,20,147,25642
2003,2,Amanjena,Marrakech,5,32,16,147,21368
2003,3,Amanjena,Marrakech,5,32,21,147,29915
2003,4,Amanjena,Marrakech,5,32,24,147,34189
2003,5,Amanjena,Marrakech,5,32,30,147,34189
2003,6,Amanjena,Marrakech,5,32,25,147,29915
2003,7,Amanjena,Marrakech,5,32,36,147,51284
2003,8,Amanjena,Marrakech,5,32,39,147,59831
2003,9,Amanjena,Marrakech,5,32,36,147,42736
2003,10,Amanjena,Marrakech,5,32,29,147,38463
2003,11,Amanjena,Marrakech,5,32,26,147,29915
2003,12,Amanjena,Marrakech,5,32,25,147,29915
2003,1,Sofitel Marrakech,Marrakech,5,303,21,80,125433
2003,2,Sofitel Marrakech,Marrakech,5,303,17,80,104527
2003,3,Sofitel Marrakech,Marrakech,5,303,20,80,146338
2003,4,Sofitel Marrakech,Marrakech,5,303,26,80,167244
2003,5,Sofitel Marrakech,Marrakech,5,303,22,80,167244
2003,6,Sofitel Marrakech,Marrakech,5,303,22,80,146338
2003,7,Sofitel Marrakech,Marrakech,5,303,38,80,250866
2003,8,Sofitel Marrakech,Marrakech,5,303,43,80,292677
2003,9,Sofitel Marrakech,Marrakech,5,303,33,80,209055
2003,10,Sofitel Marrakech,Marrakech,5,303,32,80,188149
2003,11,Sofitel Marrakech,Marrakech,5,303,20,80,146338
2003,12,Sofitel Marrakech,Marrakech,5,303,22,80,146338
2003,1,Riad Yasmine,Marrakech,4,7,18,32,1102
2003,2,Riad Yasmine,Marrakech,4,7,17,32,918
2003,3,Riad Yasmine,Marrakech,4,7,20,32,1285
2003,4,Riad Yasmine,Marrakech,4,7,24,32,1469
2003,5,Riad Yasmine,Marrakech,4,7,23,32,1469
2003,6,Riad Yasmine,Marrakech,4,7,24,32,1285
2003,7,Riad Yasmine,Marrakech,4,7,42,32,2204
2003,8,Riad Yasmine,Marrakech,4,7,44,32,2571
2003,9,Riad Yasmine,Marrakech,4,7,27,32,1836
2003,10,Riad Yasmine,Marrakech,4,7,32,32,1653
2003,11,Riad Yasmine,Marrakech,4,7,21,32,1285
2003,12,Riad Yasmine,Marrakech,4,7,20,32,1285
2003,1,Kenzi Tower Hotel,Casablanca,5,240,19,79,119416
2003,2,Kenzi Tower Hotel,Casablanca,5,240,16,79,99514
2003,3,Kenzi Tower Hotel,Casablanca,5,240,22,79,139319
2003,4,Kenzi Tower Hotel,Casablanca,5,240,30,79,159222
2003,5,Kenzi Tower Hotel,Casablanca,5,240,24,79,159222
2003,6,Kenzi Tower Hotel,Casablanca,5,240,25,79,139319
2003,7,Kenzi Tower Hotel,Casablanca,5,240,37,79,238833
2003,8,Kenzi Tower Hotel,Casablanca,5,240,48,79,278638
2003,9,Kenzi Tower Hotel,Casablanca,5,240,31,79,199027
2003,10,Kenzi Tower Hotel,Casablanca,5,240,28,79,179124
2003,11,Kenzi Tower Hotel,Casablanca,5,240,26,79,139319
2003,12,Kenzi Tower Hotel,Casablanca,5,240,25,79,139319
2003,1,Four Seasons Casablanca,Casablanca,5,186,19,100,100671
2003,2,Four Seasons Casablanca,Casablanca,5,186,17,100,83893
2003,3,Four Seasons Casablanca,Casablanca,5,186,21,100,117450
2003,4,Four Seasons Casablanca,Casablanca,5,186,30,100,134228
2003,5,Four Seasons Casablanca,Casablanca,5,186,23,100,134228
2003,6,Four Seasons Casablanca,Casablanca,5,186,21,100,117450
2003,7,Four Seasons Casablanca,Casablanca,5,186,37,100,201342
2003,8,Four Seasons Casablanca,Casablanca,5,186,47,100,234900
2003,9,Four Seasons Casablanca,Casablanca,5,186,33,100,167785
2003,10,Four Seasons Casablanca,Casablanca,5,186,30,100,151007
2003,11,Four Seasons Casablanca,Casablanca,5,186,22,100,117450
2003,12,Four Seasons Casablanca,Casablanca,5,186,23,100,117450
2003,1,Hyatt Regency,Casablanca,5,252,26,81,158051
2003,2,Hyatt Regency,Casablanca,5,252,19,81,131709
2003,3,Hyatt Regency,Casablanca,5,252,23,81,184392
2003,4,Hyatt Regency,Casablanca,5,252,34,81,210734
2003,5,Hyatt Regency,Casablanca,5,252,34,81,210734
2003,6,Hyatt Regency,Casablanca,5,252,26,81,184392
2003,7,Hyatt Regency,Casablanca,5,252,46,81,316101
2003,8,Hyatt Regency,Casablanca,5,252,50,81,368785
2003,9,Hyatt Regency,Casablanca,5,252,42,81,263418
2003,10,Hyatt Regency,Casablanca,5,252,35,81,237076
2003,11,Hyatt Regency,Casablanca,5,252,23,81,184392
2003,12,Hyatt Regency,Casablanca,5,252,26,81,184392
2003,1,Sofitel Casablanca,Casablanca,5,141,24,67,71146
2003,2,Sofitel Casablanca,Casablanca,5,141,20,67,59288
2003,3,Sofitel Casablanca,Casablanca,5,141,24,67,83004
2003,4,Sofitel Casablanca,Casablanca,5,141,31,67,94861
2003,5,Sofitel Casablanca,Casablanca,5,141,34,67,94861
2003,6,Sofitel Casablanca,Casablanca,5,141,30,67,83004
2003,7,Sofitel Casablanca,Casablanca,5,141,52,67,142292
2003,8,Sofitel Casablanca,Casablanca,5,141,47,67,166008
2003,9,Sofitel Casablanca,Casablanca,5,141,36,67,118577
2003,10,Sofitel Casablanca,Casablanca,5,141,33,67,106719
2003,11,Sofitel Casablanca,Casablanca,5,141,26,67,83004
2003,12,Sofitel Casablanca,Casablanca,5,141,23,67,83004
2003,1,Hilton Tanger City Center,Tanger,5,200,18,61,65419
2003,2,Hilton Tanger City Center,Tanger,5,200,17,61,54516
2003,3,Hilton Tanger City Center,Tanger,5,200,20,61,76322
2003,4,Hilton Tanger City Center,Tanger,5,200,29,61,87226
2003,5,Hilton Tanger City Center,Tanger,5,200,24,61,87226
2003,6,Hilton Tanger City Center,Tanger,5,200,24,61,76322
2003,7,Hilton Tanger City Center,Tanger,5,200,40,61,130839
2003,8,Hilton Tanger City Center,Tanger,5,200,39,61,152645
2003,9,Hilton Tanger City Center,Tanger,5,200,33,61,109032
2003,10,Hilton Tanger City Center,Tanger,5,200,30,61,98129
2003,11,Hilton Tanger City Center,Tanger,5,200,21,61,76322
2003,12,Hilton Tanger City Center,Tanger,5,200,21,61,76322
2003,1,Sofitel Tanger Bay,Tanger,5,103,23,55,35971
2003,2,Sofitel Tanger Bay,Tanger,5,103,16,55,29976
2003,3,Sofitel Tanger Bay,Tanger,5,103,23,55,41966
2003,4,Sofitel Tanger Bay,Tanger,5,103,29,55,47962
2003,5,Sofitel Tanger Bay,Tanger,5,103,29,55,47962
2003,6,Sofitel Tanger Bay,Tanger,5,103,26,55,41966
2003,7,Sofitel Tanger Bay,Tanger,5,103,41,55,71942
2003,8,Sofitel Tanger Bay,Tanger,5,103,47,55,83933
2003,9,Sofitel Tanger Bay,Tanger,5,103,34,55,59952
2003,10,Sofitel Tanger Bay,Tanger,5,103,27,55,53957
2003,11,Sofitel Tanger Bay,Tanger,5,103,27,55,41966
2003,12,Sofitel Tanger Bay,Tanger,5,103,23,55,41966
2003,1,Hotel & Spa La Folie,Tanger,4,44,21,39,10428
2003,2,Hotel & Spa La Folie,Tanger,4,44,17,39,8690
2003,3,Hotel & Spa La Folie,Tanger,4,44,22,39,12166
2003,4,Hotel & Spa La Folie,Tanger,4,44,28,39,13904
2003,5,Hotel & Spa La Folie,Tanger,4,44,31,39,13904
2003,6,Hotel & Spa La Folie,Tanger,4,44,26,39,12166
2003,7,Hotel & Spa La Folie,Tanger,4,44,37,39,20856
2003,8,Hotel & Spa La Folie,Tanger,4,44,42,39,24332
2003,9,Hotel & Spa La Folie,Tanger,4,44,40,39,17380
2003,10,Hotel & Spa La Folie,Tanger,4,44,28,39,15642
2003,11,Hotel & Spa La Folie,Tanger,4,44,24,39,12166
2003,12,Hotel & Spa La Folie,Tanger,4,44,22,39,12166
2003,1,Riad Laaroussa,Fès,5,28,22,74,13905
2003,2,Riad Laaroussa,Fès,5,28,18,74,11587
2003,3,Riad Laaroussa,Fès,5,28,23,74,16222
2003,4,Riad Laaroussa,Fès,5,28,32,74,18540
2003,5,Riad Laaroussa,Fès,5,28,27,74,18540
2003,6,Riad Laaroussa,Fès,5,28,26,74,16222
2003,7,Riad Laaroussa,Fès,5,28,45,74,27810
2003,8,Riad Laaroussa,Fès,5,28,45,74,32445
2003,9,Riad Laaroussa,Fès,5,28,40,74,23175
2003,10,Riad Laaroussa,Fès,5,28,35,74,20857
2003,11,Riad Laaroussa,Fès,5,28,27,74,16222
2003,12,Riad Laaroussa,Fès,5,28,25,74,16222
2003,1,Palais Amani,Fès,5,21,20,82,11029
2003,2,Palais Amani,Fès,5,21,16,82,9191
2003,3,Palais Amani,Fès,5,21,26,82,12867
2003,4,Palais Amani,Fès,5,21,25,82,14706
2003,5,Palais Amani,Fès,5,21,31,82,14706
2003,6,Palais Amani,Fès,5,21,23,82,12867
2003,7,Palais Amani,Fès,5,21,47,82,22058
2003,8,Palais Amani,Fès,5,21,46,82,25735
2003,9,Palais Amani,Fès,5,21,32,82,18382
2003,10,Palais Amani,Fès,5,21,32,82,16544
2003,11,Palais Amani,Fès,5,21,23,82,12867
2003,12,Palais Amani,Fès,5,21,25,82,12867
2003,1,Sofitel Palais Jamai,Fès,5,136,21,53,49772
2003,2,Sofitel Palais Jamai,Fès,5,136,19,53,41477
2003,3,Sofitel Palais Jamai,Fès,5,136,27,53,58068
2003,4,Sofitel Palais Jamai,Fès,5,136,31,53,66363
2003,5,Sofitel Palais Jamai,Fès,5,136,25,53,66363
2003,6,Sofitel Palais Jamai,Fès,5,136,29,53,58068
2003,7,Sofitel Palais Jamai,Fès,5,136,46,53,99545
2003,8,Sofitel Palais Jamai,Fès,5,136,44,53,116136
2003,9,Sofitel Palais Jamai,Fès,5,136,34,53,82954
2003,10,Sofitel Palais Jamai,Fès,5,136,31,53,74659
2003,11,Sofitel Palais Jamai,Fès,5,136,25,53,58068
2003,12,Sofitel Palais Jamai,Fès,5,136,24,53,58068
2003,1,Riad Fès,Fès,5,32,23,59,11930
2003,2,Riad Fès,Fès,5,32,18,59,9941
2003,3,Riad Fès,Fès,5,32,23,59,13918
2003,4,Riad Fès,Fès,5,32,31,59,15906
2003,5,Riad Fès,Fès,5,32,30,59,15906
2003,6,Riad Fès,Fès,5,32,25,59,13918
2003,7,Riad Fès,Fès,5,32,39,59,23859
2003,8,Riad Fès,Fès,5,32,45,59,27836
2003,9,Riad Fès,Fès,5,32,38,59,19883
2003,10,Riad Fès,Fès,5,32,29,59,17894
2003,11,Riad Fès,Fès,5,32,23,59,13918
2003,12,Riad Fès,Fès,5,32,24,59,13918
2003,1,Sofitel Agadir Royal Bay,Agadir,5,174,17,43,37301
2003,2,Sofitel Agadir Royal Bay,Agadir,5,174,16,43,31084
2003,3,Sofitel Agadir Royal Bay,Agadir,5,174,23,43,43518
2003,4,Sofitel Agadir Royal Bay,Agadir,5,174,28,43,49735
2003,5,Sofitel Agadir Royal Bay,Agadir,5,174,27,43,49735
2003,6,Sofitel Agadir Royal Bay,Agadir,5,174,21,43,43518
2003,7,Sofitel Agadir Royal Bay,Agadir,5,174,42,43,74602
2003,8,Sofitel Agadir Royal Bay,Agadir,5,174,49,43,87036
2003,9,Sofitel Agadir Royal Bay,Agadir,5,174,30,43,62169
2003,10,Sofitel Agadir Royal Bay,Agadir,5,174,32,43,55952
2003,11,Sofitel Agadir Royal Bay,Agadir,5,174,23,43,43518
2003,12,Sofitel Agadir Royal Bay,Agadir,5,174,25,43,43518
2003,1,Riu Palace Tikida,Agadir,5,524,19,35,95116
2003,2,Riu Palace Tikida,Agadir,5,524,18,35,79264
2003,3,Riu Palace Tikida,Agadir,5,524,23,35,110969
2003,4,Riu Palace Tikida,Agadir,5,524,29,35,126822
2003,5,Riu Palace Tikida,Agadir,5,524,24,35,126822
2003,6,Riu Palace Tikida,Agadir,5,524,25,35,110969
2003,7,Riu Palace Tikida,Agadir,5,524,43,35,190233
2003,8,Riu Palace Tikida,Agadir,5,524,41,35,221938
2003,9,Riu Palace Tikida,Agadir,5,524,31,35,158527
2003,10,Riu Palace Tikida,Agadir,5,524,29,35,142675
2003,11,Riu Palace Tikida,Agadir,5,524,25,35,110969
2003,12,Riu Palace Tikida,Agadir,5,524,21,35,110969
2003,1,Iberostar Founty,Agadir,5,380,18,32,75789
2003,2,Iberostar Founty,Agadir,5,380,16,32,63157
2003,3,Iberostar Founty,Agadir,5,380,23,32,88420
2003,4,Iberostar Founty,Agadir,5,380,28,32,101052
2003,5,Iberostar Founty,Agadir,5,380,27,32,101052
2003,6,Iberostar Founty,Agadir,5,380,24,32,88420
2003,7,Iberostar Founty,Agadir,5,380,40,32,151578
2003,8,Iberostar Founty,Agadir,5,380,43,32,176841
2003,9,Iberostar Founty,Agadir,5,380,35,32,126315
2003,10,Iberostar Founty,Agadir,5,380,34,32,113683
2003,11,Iberostar Founty,Agadir,5,380,26,32,88420
2003,12,Iberostar Founty,Agadir,5,380,21,32,88420
2003,1,Kasbah Tamadot,Asni,5,28,24,180,33732
2003,2,Kasbah Tamadot,Asni,5,28,18,180,28110
2003,3,Kasbah Tamadot,Asni,5,28,27,180,39354
2003,4,Kasbah Tamadot,Asni,5,28,30,180,44976
2003,5,Kasbah Tamadot,Asni,5,28,32,180,44976
2003,6,Kasbah Tamadot,Asni,5,28,27,180,39354
2003,7,Kasbah Tamadot,Asni,5,28,39,180,67464
2003,8,Kasbah Tamadot,Asni,5,28,47,180,78708
2003,9,Kasbah Tamadot,Asni,5,28,33,180,56220
2003,10,Kasbah Tamadot,Asni,5,28,31,180,50598
2003,11,Kasbah Tamadot,Asni,5,28,24,180,39354
2003,12,Kasbah Tamadot,Asni,5,28,24,180,39354
2003,1,Scarabeo Camp,Agafay,4,14,24,162,17452
2003,2,Scarabeo Camp,Agafay,4,14,21,162,14543
2003,3,Scarabeo Camp,Agafay,4,14,23,162,20361
2003,4,Scarabeo Camp,Agafay,4,14,34,162,23269
2003,5,Scarabeo Camp,Agafay,4,14,31,162,23269
2003,6,Scarabeo Camp,Agafay,4,14,29,162,20361
2003,7,Scarabeo Camp,Agafay,4,14,44,162,34904
2003,8,Scarabeo Camp,Agafay,4,14,59,162,40721
2003,9,Scarabeo Camp,Agafay,4,14,41,162,29087
2003,10,Scarabeo Camp,Agafay,4,14,35,162,26178
2003,11,Scarabeo Camp,Agafay,4,14,26,162,20361
2003,12,Scarabeo Camp,Agafay,4,14,29,162,20361
2003,1,Kam Kam Dunes,Merzouga,3,20,18,70,7705
2003,2,Kam Kam Dunes,Merzouga,3,20,19,70,6421
2003,3,Kam Kam Dunes,Merzouga,3,20,22,70,8989
2003,4,Kam Kam Dunes,Merzouga,3,20,22,70,10273
2003,5,Kam Kam Dunes,Merzouga,3,20,27,70,10273
2003,6,Kam Kam Dunes,Merzouga,3,20,25,70,8989
2003,7,Kam Kam Dunes,Merzouga,3,20,36,70,15410
2003,8,Kam Kam Dunes,Merzouga,3,20,45,70,17979
2003,9,Kam Kam Dunes,Merzouga,3,20,34,70,12842
2003,10,Kam Kam Dunes,Merzouga,3,20,26,70,11558
2003,11,Kam Kam Dunes,Merzouga,3,20,25,70,8989
2003,12,Kam Kam Dunes,Merzouga,3,20,23,70,8989
2003,1,Riad Kniza,Marrakech,5,11,22,162,11179
2003,2,Riad Kniza,Marrakech,5,11,17,162,9316
2003,3,Riad Kniza,Marrakech,5,11,23,162,13042
2003,4,Riad Kniza,Marrakech,5,11,29,162,14905
2003,5,Riad Kniza,Marrakech,5,11,28,162,14905
2003,6,Riad Kniza,Marrakech,5,11,28,162,13042
2003,7,Riad Kniza,Marrakech,5,11,41,162,22358
2003,8,Riad Kniza,Marrakech,5,11,53,162,26084
2003,9,Riad Kniza,Marrakech,5,11,38,162,18632
2003,10,Riad Kniza,Marrakech,5,11,31,162,16768
2003,11,Riad Kniza,Marrakech,5,11,23,162,13042
2003,12,Riad Kniza,Marrakech,5,11,26,162,13042
2003,1,Dar Ahlam,Skoura,5,14,19,186,14065
2003,2,Dar Ahlam,Skoura,5,14,18,186,11720
2003,3,Dar Ahlam,Skoura,5,14,25,186,16409
2003,4,Dar Ahlam,Skoura,5,14,27,186,18753
2003,5,Dar Ahlam,Skoura,5,14,28,186,18753
2003,6,Dar Ahlam,Skoura,5,14,24,186,16409
2003,7,Dar Ahlam,Skoura,5,14,43,186,28129
2003,8,Dar Ahlam,Skoura,5,14,40,186,32817
2003,9,Dar Ahlam,Skoura,5,14,34,186,23441
2003,10,Dar Ahlam,Skoura,5,14,27,186,21097
2003,11,Dar Ahlam,Skoura,5,14,21,186,16409
2003,12,Dar Ahlam,Skoura,5,14,20,186,16409
2004,1,La Mamounia,Marrakech,5,209,24,150,230790
2004,2,La Mamounia,Marrakech,5,209,21,150,192325
2004,3,La Mamounia,Marrakech,5,209,31,150,269255
2004,4,La Mamounia,Marrakech,5,209,32,150,307720
2004,5,La Mamounia,Marrakech,5,209,30,150,307720
2004,6,La Mamounia,Marrakech,5,209,29,150,269255
2004,7,La Mamounia,Marrakech,5,209,49,150,461581
2004,8,La Mamounia,Marrakech,5,209,53,150,538511
2004,9,La Mamounia,Marrakech,5,209,37,150,384651
2004,10,La Mamounia,Marrakech,5,209,39,150,346185
2004,11,La Mamounia,Marrakech,5,209,27,150,269255
2004,12,La Mamounia,Marrakech,5,209,28,150,269255
2004,1,Royal Mansour,Marrakech,5,53,23,199,68961
2004,2,Royal Mansour,Marrakech,5,53,18,199,57468
2004,3,Royal Mansour,Marrakech,5,53,28,199,80455
2004,4,Royal Mansour,Marrakech,5,53,27,199,91948
2004,5,Royal Mansour,Marrakech,5,53,28,199,91948
2004,6,Royal Mansour,Marrakech,5,53,22,199,80455
2004,7,Royal Mansour,Marrakech,5,53,40,199,137922
2004,8,Royal Mansour,Marrakech,5,53,52,199,160909
2004,9,Royal Mansour,Marrakech,5,53,35,199,114935
2004,10,Royal Mansour,Marrakech,5,53,28,199,103442
2004,11,Royal Mansour,Marrakech,5,53,27,199,80455
2004,12,Royal Mansour,Marrakech,5,53,26,199,80455
2004,1,Four Seasons Resort,Marrakech,5,139,20,115,89773
2004,2,Four Seasons Resort,Marrakech,5,139,15,115,74811
2004,3,Four Seasons Resort,Marrakech,5,139,27,115,104735
2004,4,Four Seasons Resort,Marrakech,5,139,31,115,119697
2004,5,Four Seasons Resort,Marrakech,5,139,29,115,119697
2004,6,Four Seasons Resort,Marrakech,5,139,26,115,104735
2004,7,Four Seasons Resort,Marrakech,5,139,43,115,179546
2004,8,Four Seasons Resort,Marrakech,5,139,45,115,209470
2004,9,Four Seasons Resort,Marrakech,5,139,37,115,149622
2004,10,Four Seasons Resort,Marrakech,5,139,30,115,134659
2004,11,Four Seasons Resort,Marrakech,5,139,22,115,104735
2004,12,Four Seasons Resort,Marrakech,5,139,26,115,104735
2004,1,Amanjena,Marrakech,5,32,20,152,25744
2004,2,Amanjena,Marrakech,5,32,15,152,21453
2004,3,Amanjena,Marrakech,5,32,25,152,30035
2004,4,Amanjena,Marrakech,5,32,23,152,34325
2004,5,Amanjena,Marrakech,5,32,24,152,34325
2004,6,Amanjena,Marrakech,5,32,23,152,30035
2004,7,Amanjena,Marrakech,5,32,45,152,51488
2004,8,Amanjena,Marrakech,5,32,44,152,60070
2004,9,Amanjena,Marrakech,5,32,32,152,42907
2004,10,Amanjena,Marrakech,5,32,33,152,38616
2004,11,Amanjena,Marrakech,5,32,19,152,30035
2004,12,Amanjena,Marrakech,5,32,25,152,30035
2004,1,Sofitel Marrakech,Marrakech,5,303,21,97,212939
2004,2,Sofitel Marrakech,Marrakech,5,303,19,97,177449
2004,3,Sofitel Marrakech,Marrakech,5,303,24,97,248429
2004,4,Sofitel Marrakech,Marrakech,5,303,30,97,283919
2004,5,Sofitel Marrakech,Marrakech,5,303,34,97,283919
2004,6,Sofitel Marrakech,Marrakech,5,303,24,97,248429
2004,7,Sofitel Marrakech,Marrakech,5,303,41,97,425878
2004,8,Sofitel Marrakech,Marrakech,5,303,49,97,496858
2004,9,Sofitel Marrakech,Marrakech,5,303,34,97,354898
2004,10,Sofitel Marrakech,Marrakech,5,303,35,97,319408
2004,11,Sofitel Marrakech,Marrakech,5,303,24,97,248429
2004,12,Sofitel Marrakech,Marrakech,5,303,31,97,248429
2004,1,Riad Yasmine,Marrakech,4,7,24,39,1874
2004,2,Riad Yasmine,Marrakech,4,7,20,39,1562
2004,3,Riad Yasmine,Marrakech,4,7,26,39,2186
2004,4,Riad Yasmine,Marrakech,4,7,29,39,2499
2004,5,Riad Yasmine,Marrakech,4,7,29,39,2499
2004,6,Riad Yasmine,Marrakech,4,7,28,39,2186
2004,7,Riad Yasmine,Marrakech,4,7,49,39,3748
2004,8,Riad Yasmine,Marrakech,4,7,44,39,4373
2004,9,Riad Yasmine,Marrakech,4,7,33,39,3123
2004,10,Riad Yasmine,Marrakech,4,7,33,39,2811
2004,11,Riad Yasmine,Marrakech,4,7,22,39,2186
2004,12,Riad Yasmine,Marrakech,4,7,24,39,2186
2004,1,Kenzi Tower Hotel,Casablanca,5,240,22,84,135942
2004,2,Kenzi Tower Hotel,Casablanca,5,240,21,84,113285
2004,3,Kenzi Tower Hotel,Casablanca,5,240,28,84,158599
2004,4,Kenzi Tower Hotel,Casablanca,5,240,29,84,181256
2004,5,Kenzi Tower Hotel,Casablanca,5,240,33,84,181256
2004,6,Kenzi Tower Hotel,Casablanca,5,240,25,84,158599
2004,7,Kenzi Tower Hotel,Casablanca,5,240,48,84,271883
2004,8,Kenzi Tower Hotel,Casablanca,5,240,51,84,317197
2004,9,Kenzi Tower Hotel,Casablanca,5,240,40,84,226569
2004,10,Kenzi Tower Hotel,Casablanca,5,240,31,84,203913
2004,11,Kenzi Tower Hotel,Casablanca,5,240,30,84,158599
2004,12,Kenzi Tower Hotel,Casablanca,5,240,27,84,158599
2004,1,Four Seasons Casablanca,Casablanca,5,186,27,124,178931
2004,2,Four Seasons Casablanca,Casablanca,5,186,22,124,149109
2004,3,Four Seasons Casablanca,Casablanca,5,186,29,124,208753
2004,4,Four Seasons Casablanca,Casablanca,5,186,29,124,238574
2004,5,Four Seasons Casablanca,Casablanca,5,186,29,124,238574
2004,6,Four Seasons Casablanca,Casablanca,5,186,32,124,208753
2004,7,Four Seasons Casablanca,Casablanca,5,186,50,124,357862
2004,8,Four Seasons Casablanca,Casablanca,5,186,49,124,417505
2004,9,Four Seasons Casablanca,Casablanca,5,186,42,124,298218
2004,10,Four Seasons Casablanca,Casablanca,5,186,35,124,268396
2004,11,Four Seasons Casablanca,Casablanca,5,186,29,124,208753
2004,12,Four Seasons Casablanca,Casablanca,5,186,25,124,208753
2004,1,Hyatt Regency,Casablanca,5,252,23,73,108597
2004,2,Hyatt Regency,Casablanca,5,252,19,73,90497
2004,3,Hyatt Regency,Casablanca,5,252,27,73,126696
2004,4,Hyatt Regency,Casablanca,5,252,28,73,144795
2004,5,Hyatt Regency,Casablanca,5,252,27,73,144795
2004,6,Hyatt Regency,Casablanca,5,252,25,73,126696
2004,7,Hyatt Regency,Casablanca,5,252,37,73,217193
2004,8,Hyatt Regency,Casablanca,5,252,49,73,253392
2004,9,Hyatt Regency,Casablanca,5,252,35,73,180994
2004,10,Hyatt Regency,Casablanca,5,252,31,73,162895
2004,11,Hyatt Regency,Casablanca,5,252,27,73,126696
2004,12,Hyatt Regency,Casablanca,5,252,25,73,126696
2004,1,Sofitel Casablanca,Casablanca,5,141,22,67,66815
2004,2,Sofitel Casablanca,Casablanca,5,141,20,67,55679
2004,3,Sofitel Casablanca,Casablanca,5,141,30,67,77950
2004,4,Sofitel Casablanca,Casablanca,5,141,31,67,89086
2004,5,Sofitel Casablanca,Casablanca,5,141,27,67,89086
2004,6,Sofitel Casablanca,Casablanca,5,141,30,67,77950
2004,7,Sofitel Casablanca,Casablanca,5,141,42,67,133629
2004,8,Sofitel Casablanca,Casablanca,5,141,62,67,155901
2004,9,Sofitel Casablanca,Casablanca,5,141,41,67,111358
2004,10,Sofitel Casablanca,Casablanca,5,141,38,67,100222
2004,11,Sofitel Casablanca,Casablanca,5,141,28,67,77950
2004,12,Sofitel Casablanca,Casablanca,5,141,25,67,77950
2004,1,Hilton Tanger City Center,Tanger,5,200,24,74,112842
2004,2,Hilton Tanger City Center,Tanger,5,200,20,74,94035
2004,3,Hilton Tanger City Center,Tanger,5,200,28,74,131650
2004,4,Hilton Tanger City Center,Tanger,5,200,31,74,150457
2004,5,Hilton Tanger City Center,Tanger,5,200,29,74,150457
2004,6,Hilton Tanger City Center,Tanger,5,200,28,74,131650
2004,7,Hilton Tanger City Center,Tanger,5,200,53,74,225685
2004,8,Hilton Tanger City Center,Tanger,5,200,61,74,263299
2004,9,Hilton Tanger City Center,Tanger,5,200,38,74,188071
2004,10,Hilton Tanger City Center,Tanger,5,200,34,74,169264
2004,11,Hilton Tanger City Center,Tanger,5,200,26,74,131650
2004,12,Hilton Tanger City Center,Tanger,5,200,31,74,131650
2004,1,Sofitel Tanger Bay,Tanger,5,103,23,64,54423
2004,2,Sofitel Tanger Bay,Tanger,5,103,21,64,45352
2004,3,Sofitel Tanger Bay,Tanger,5,103,29,64,63493
2004,4,Sofitel Tanger Bay,Tanger,5,103,30,64,72564
2004,5,Sofitel Tanger Bay,Tanger,5,103,37,64,72564
2004,6,Sofitel Tanger Bay,Tanger,5,103,33,64,63493
2004,7,Sofitel Tanger Bay,Tanger,5,103,42,64,108846
2004,8,Sofitel Tanger Bay,Tanger,5,103,65,64,126987
2004,9,Sofitel Tanger Bay,Tanger,5,103,47,64,90705
2004,10,Sofitel Tanger Bay,Tanger,5,103,37,64,81634
2004,11,Sofitel Tanger Bay,Tanger,5,103,28,64,63493
2004,12,Sofitel Tanger Bay,Tanger,5,103,29,64,63493
2004,1,Hotel & Spa La Folie,Tanger,4,44,23,45,15484
2004,2,Hotel & Spa La Folie,Tanger,4,44,18,45,12903
2004,3,Hotel & Spa La Folie,Tanger,4,44,31,45,18064
2004,4,Hotel & Spa La Folie,Tanger,4,44,36,45,20645
2004,5,Hotel & Spa La Folie,Tanger,4,44,34,45,20645
2004,6,Hotel & Spa La Folie,Tanger,4,44,27,45,18064
2004,7,Hotel & Spa La Folie,Tanger,4,44,42,45,30967
2004,8,Hotel & Spa La Folie,Tanger,4,44,56,45,36129
2004,9,Hotel & Spa La Folie,Tanger,4,44,41,45,25806
2004,10,Hotel & Spa La Folie,Tanger,4,44,33,45,23226
2004,11,Hotel & Spa La Folie,Tanger,4,44,25,45,18064
2004,12,Hotel & Spa La Folie,Tanger,4,44,28,45,18064
2004,1,Riad Laaroussa,Fès,5,28,18,68,9842
2004,2,Riad Laaroussa,Fès,5,28,14,68,8201
2004,3,Riad Laaroussa,Fès,5,28,20,68,11482
2004,4,Riad Laaroussa,Fès,5,28,24,68,13122
2004,5,Riad Laaroussa,Fès,5,28,28,68,13122
2004,6,Riad Laaroussa,Fès,5,28,26,68,11482
2004,7,Riad Laaroussa,Fès,5,28,35,68,19684
2004,8,Riad Laaroussa,Fès,5,28,48,68,22964
2004,9,Riad Laaroussa,Fès,5,28,36,68,16403
2004,10,Riad Laaroussa,Fès,5,28,33,68,14763
2004,11,Riad Laaroussa,Fès,5,28,22,68,11482
2004,12,Riad Laaroussa,Fès,5,28,21,68,11482
2004,1,Palais Amani,Fès,5,21,22,85,11682
2004,2,Palais Amani,Fès,5,21,19,85,9735
2004,3,Palais Amani,Fès,5,21,25,85,13630
2004,4,Palais Amani,Fès,5,21,29,85,15577
2004,5,Palais Amani,Fès,5,21,32,85,15577
2004,6,Palais Amani,Fès,5,21,25,85,13630
2004,7,Palais Amani,Fès,5,21,47,85,23365
2004,8,Palais Amani,Fès,5,21,52,85,27259
2004,9,Palais Amani,Fès,5,21,40,85,19471
2004,10,Palais Amani,Fès,5,21,34,85,17524
2004,11,Palais Amani,Fès,5,21,23,85,13630
2004,12,Palais Amani,Fès,5,21,25,85,13630
2004,1,Sofitel Palais Jamai,Fès,5,136,21,56,55799
2004,2,Sofitel Palais Jamai,Fès,5,136,16,56,46499
2004,3,Sofitel Palais Jamai,Fès,5,136,28,56,65098
2004,4,Sofitel Palais Jamai,Fès,5,136,27,56,74398
2004,5,Sofitel Palais Jamai,Fès,5,136,27,56,74398
2004,6,Sofitel Palais Jamai,Fès,5,136,29,56,65098
2004,7,Sofitel Palais Jamai,Fès,5,136,42,56,111597
2004,8,Sofitel Palais Jamai,Fès,5,136,46,56,130197
2004,9,Sofitel Palais Jamai,Fès,5,136,34,56,92998
2004,10,Sofitel Palais Jamai,Fès,5,136,32,56,83698
2004,11,Sofitel Palais Jamai,Fès,5,136,25,56,65098
2004,12,Sofitel Palais Jamai,Fès,5,136,26,56,65098
2004,1,Riad Fès,Fès,5,32,24,66,15587
2004,2,Riad Fès,Fès,5,32,18,66,12989
2004,3,Riad Fès,Fès,5,32,25,66,18185
2004,4,Riad Fès,Fès,5,32,28,66,20783
2004,5,Riad Fès,Fès,5,32,31,66,20783
2004,6,Riad Fès,Fès,5,32,30,66,18185
2004,7,Riad Fès,Fès,5,32,50,66,31174
2004,8,Riad Fès,Fès,5,32,51,66,36370
2004,9,Riad Fès,Fès,5,32,40,66,25979
2004,10,Riad Fès,Fès,5,32,32,66,23381
2004,11,Riad Fès,Fès,5,32,27,66,18185
2004,12,Riad Fès,Fès,5,32,28,66,18185
2004,1,Sofitel Agadir Royal Bay,Agadir,5,174,19,48,50227
2004,2,Sofitel Agadir Royal Bay,Agadir,5,174,16,48,41856
2004,3,Sofitel Agadir Royal Bay,Agadir,5,174,28,48,58598
2004,4,Sofitel Agadir Royal Bay,Agadir,5,174,26,48,66970
2004,5,Sofitel Agadir Royal Bay,Agadir,5,174,27,48,66970
2004,6,Sofitel Agadir Royal Bay,Agadir,5,174,22,48,58598
2004,7,Sofitel Agadir Royal Bay,Agadir,5,174,37,48,100454
2004,8,Sofitel Agadir Royal Bay,Agadir,5,174,46,48,117197
2004,9,Sofitel Agadir Royal Bay,Agadir,5,174,31,48,83712
2004,10,Sofitel Agadir Royal Bay,Agadir,5,174,33,48,75341
2004,11,Sofitel Agadir Royal Bay,Agadir,5,174,28,48,58598
2004,12,Sofitel Agadir Royal Bay,Agadir,5,174,28,48,58598
2004,1,Riu Palace Tikida,Agadir,5,524,20,42,155154
2004,2,Riu Palace Tikida,Agadir,5,524,20,42,129295
2004,3,Riu Palace Tikida,Agadir,5,524,25,42,181013
2004,4,Riu Palace Tikida,Agadir,5,524,35,42,206872
2004,5,Riu Palace Tikida,Agadir,5,524,33,42,206872
2004,6,Riu Palace Tikida,Agadir,5,524,27,42,181013
2004,7,Riu Palace Tikida,Agadir,5,524,40,42,310308
2004,8,Riu Palace Tikida,Agadir,5,524,57,42,362026
2004,9,Riu Palace Tikida,Agadir,5,524,39,42,258590
2004,10,Riu Palace Tikida,Agadir,5,524,31,42,232731
2004,11,Riu Palace Tikida,Agadir,5,524,30,42,181013
2004,12,Riu Palace Tikida,Agadir,5,524,24,42,181013
2004,1,Iberostar Founty,Agadir,5,380,19,31,69405
2004,2,Iberostar Founty,Agadir,5,380,18,31,57838
2004,3,Iberostar Founty,Agadir,5,380,26,31,80973
2004,4,Iberostar Founty,Agadir,5,380,28,31,92540
2004,5,Iberostar Founty,Agadir,5,380,24,31,92540
2004,6,Iberostar Founty,Agadir,5,380,22,31,80973
2004,7,Iberostar Founty,Agadir,5,380,38,31,138810
2004,8,Iberostar Founty,Agadir,5,380,52,31,161945
2004,9,Iberostar Founty,Agadir,5,380,33,31,115675
2004,10,Iberostar Founty,Agadir,5,380,29,31,104108
2004,11,Iberostar Founty,Agadir,5,380,27,31,80973
2004,12,Iberostar Founty,Agadir,5,380,23,31,80973
2004,1,Kasbah Tamadot,Asni,5,28,24,190,36660
2004,2,Kasbah Tamadot,Asni,5,28,19,190,30550
2004,3,Kasbah Tamadot,Asni,5,28,24,190,42770
2004,4,Kasbah Tamadot,Asni,5,28,31,190,48880
2004,5,Kasbah Tamadot,Asni,5,28,27,190,48880
2004,6,Kasbah Tamadot,Asni,5,28,25,190,42770
2004,7,Kasbah Tamadot,Asni,5,28,49,190,73320
2004,8,Kasbah Tamadot,Asni,5,28,48,190,85540
2004,9,Kasbah Tamadot,Asni,5,28,41,190,61100
2004,10,Kasbah Tamadot,Asni,5,28,33,190,54990
2004,11,Kasbah Tamadot,Asni,5,28,30,190,42770
2004,12,Kasbah Tamadot,Asni,5,28,27,190,42770
2004,1,Scarabeo Camp,Agafay,4,14,22,158,15158
2004,2,Scarabeo Camp,Agafay,4,14,17,158,12632
2004,3,Scarabeo Camp,Agafay,4,14,23,158,17685
2004,4,Scarabeo Camp,Agafay,4,14,29,158,20211
2004,5,Scarabeo Camp,Agafay,4,14,31,158,20211
2004,6,Scarabeo Camp,Agafay,4,14,23,158,17685
2004,7,Scarabeo Camp,Agafay,4,14,43,158,30317
2004,8,Scarabeo Camp,Agafay,4,14,47,158,35370
2004,9,Scarabeo Camp,Agafay,4,14,42,158,25264
2004,10,Scarabeo Camp,Agafay,4,14,35,158,22738
2004,11,Scarabeo Camp,Agafay,4,14,27,158,17685
2004,12,Scarabeo Camp,Agafay,4,14,28,158,17685
2004,1,Kam Kam Dunes,Merzouga,3,20,20,85,12448
2004,2,Kam Kam Dunes,Merzouga,3,20,20,85,10373
2004,3,Kam Kam Dunes,Merzouga,3,20,31,85,14522
2004,4,Kam Kam Dunes,Merzouga,3,20,33,85,16597
2004,5,Kam Kam Dunes,Merzouga,3,20,32,85,16597
2004,6,Kam Kam Dunes,Merzouga,3,20,24,85,14522
2004,7,Kam Kam Dunes,Merzouga,3,20,47,85,24896
2004,8,Kam Kam Dunes,Merzouga,3,20,49,85,29045
2004,9,Kam Kam Dunes,Merzouga,3,20,35,85,20746
2004,10,Kam Kam Dunes,Merzouga,3,20,34,85,18672
2004,11,Kam Kam Dunes,Merzouga,3,20,25,85,14522
2004,12,Kam Kam Dunes,Merzouga,3,20,24,85,14522
2004,1,Riad Kniza,Marrakech,5,11,19,165,10948
2004,2,Riad Kniza,Marrakech,5,11,17,165,9123
2004,3,Riad Kniza,Marrakech,5,11,23,165,12772
2004,4,Riad Kniza,Marrakech,5,11,27,165,14597
2004,5,Riad Kniza,Marrakech,5,11,30,165,14597
2004,6,Riad Kniza,Marrakech,5,11,21,165,12772
2004,7,Riad Kniza,Marrakech,5,11,40,165,21896
2004,8,Riad Kniza,Marrakech,5,11,49,165,25545
2004,9,Riad Kniza,Marrakech,5,11,31,165,18246
2004,10,Riad Kniza,Marrakech,5,11,30,165,16422
2004,11,Riad Kniza,Marrakech,5,11,23,165,12772
2004,12,Riad Kniza,Marrakech,5,11,22,165,12772
2004,1,Dar Ahlam,Skoura,5,14,20,204,17252
2004,2,Dar Ahlam,Skoura,5,14,19,204,14376
2004,3,Dar Ahlam,Skoura,5,14,28,204,20127
2004,4,Dar Ahlam,Skoura,5,14,30,204,23002
2004,5,Dar Ahlam,Skoura,5,14,28,204,23002
2004,6,Dar Ahlam,Skoura,5,14,26,204,20127
2004,7,Dar Ahlam,Skoura,5,14,39,204,34503
2004,8,Dar Ahlam,Skoura,5,14,51,204,40254
2004,9,Dar Ahlam,Skoura,5,14,37,204,28753
2004,10,Dar Ahlam,Skoura,5,14,32,204,25877
2004,11,Dar Ahlam,Skoura,5,14,26,204,20127
2004,12,Dar Ahlam,Skoura,5,14,25,204,20127
2005,1,La Mamounia,Marrakech,5,209,20,147,209712
2005,2,La Mamounia,Marrakech,5,209,21,147,174760
2005,3,La Mamounia,Marrakech,5,209,24,147,244664
2005,4,La Mamounia,Marrakech,5,209,28,147,279616
2005,5,La Mamounia,Marrakech,5,209,31,147,279616
2005,6,La Mamounia,Marrakech,5,209,24,147,244664
2005,7,La Mamounia,Marrakech,5,209,49,147,419424
2005,8,La Mamounia,Marrakech,5,209,50,147,489328
2005,9,La Mamounia,Marrakech,5,209,40,147,349520
2005,10,La Mamounia,Marrakech,5,209,30,147,314568
2005,11,La Mamounia,Marrakech,5,209,28,147,244664
2005,12,La Mamounia,Marrakech,5,209,26,147,244664
2005,1,Royal Mansour,Marrakech,5,53,24,211,78849
2005,2,Royal Mansour,Marrakech,5,53,20,211,65707
2005,3,Royal Mansour,Marrakech,5,53,31,211,91990
2005,4,Royal Mansour,Marrakech,5,53,31,211,105131
2005,5,Royal Mansour,Marrakech,5,53,27,211,105131
2005,6,Royal Mansour,Marrakech,5,53,28,211,91990
2005,7,Royal Mansour,Marrakech,5,53,47,211,157697
2005,8,Royal Mansour,Marrakech,5,53,58,211,183980
2005,9,Royal Mansour,Marrakech,5,53,41,211,131414
2005,10,Royal Mansour,Marrakech,5,53,34,211,118273
2005,11,Royal Mansour,Marrakech,5,53,26,211,91990
2005,12,Royal Mansour,Marrakech,5,53,28,211,91990
2005,1,Four Seasons Resort,Marrakech,5,139,24,131,127387
2005,2,Four Seasons Resort,Marrakech,5,139,20,131,106156
2005,3,Four Seasons Resort,Marrakech,5,139,26,131,148618
2005,4,Four Seasons Resort,Marrakech,5,139,35,131,169849
2005,5,Four Seasons Resort,Marrakech,5,139,33,131,169849
2005,6,Four Seasons Resort,Marrakech,5,139,23,131,148618
2005,7,Four Seasons Resort,Marrakech,5,139,53,131,254773
2005,8,Four Seasons Resort,Marrakech,5,139,48,131,297236
2005,9,Four Seasons Resort,Marrakech,5,139,43,131,212311
2005,10,Four Seasons Resort,Marrakech,5,139,37,131,191080
2005,11,Four Seasons Resort,Marrakech,5,139,31,131,148618
2005,12,Four Seasons Resort,Marrakech,5,139,27,131,148618
2005,1,Amanjena,Marrakech,5,32,27,192,50539
2005,2,Amanjena,Marrakech,5,32,19,192,42115
2005,3,Amanjena,Marrakech,5,32,27,192,58962
2005,4,Amanjena,Marrakech,5,32,37,192,67385
2005,5,Amanjena,Marrakech,5,32,37,192,67385
2005,6,Amanjena,Marrakech,5,32,29,192,58962
2005,7,Amanjena,Marrakech,5,32,44,192,101077
2005,8,Amanjena,Marrakech,5,32,55,192,117923
2005,9,Amanjena,Marrakech,5,32,45,192,84231
2005,10,Amanjena,Marrakech,5,32,37,192,75808
2005,11,Amanjena,Marrakech,5,32,30,192,58962
2005,12,Amanjena,Marrakech,5,32,28,192,58962
2005,1,Sofitel Marrakech,Marrakech,5,303,19,88,153920
2005,2,Sofitel Marrakech,Marrakech,5,303,17,88,128266
2005,3,Sofitel Marrakech,Marrakech,5,303,27,88,179573
2005,4,Sofitel Marrakech,Marrakech,5,303,32,88,205226
2005,5,Sofitel Marrakech,Marrakech,5,303,29,88,205226
2005,6,Sofitel Marrakech,Marrakech,5,303,24,88,179573
2005,7,Sofitel Marrakech,Marrakech,5,303,40,88,307839
2005,8,Sofitel Marrakech,Marrakech,5,303,45,88,359146
2005,9,Sofitel Marrakech,Marrakech,5,303,31,88,256533
2005,10,Sofitel Marrakech,Marrakech,5,303,27,88,230879
2005,11,Sofitel Marrakech,Marrakech,5,303,26,88,179573
2005,12,Sofitel Marrakech,Marrakech,5,303,22,88,179573
2005,1,Riad Yasmine,Marrakech,4,7,22,38,1755
2005,2,Riad Yasmine,Marrakech,4,7,19,38,1462
2005,3,Riad Yasmine,Marrakech,4,7,24,38,2047
2005,4,Riad Yasmine,Marrakech,4,7,26,38,2340
2005,5,Riad Yasmine,Marrakech,4,7,34,38,2340
2005,6,Riad Yasmine,Marrakech,4,7,25,38,2047
2005,7,Riad Yasmine,Marrakech,4,7,41,38,3509
2005,8,Riad Yasmine,Marrakech,4,7,53,38,4094
2005,9,Riad Yasmine,Marrakech,4,7,34,38,2925
2005,10,Riad Yasmine,Marrakech,4,7,38,38,2632
2005,11,Riad Yasmine,Marrakech,4,7,26,38,2047
2005,12,Riad Yasmine,Marrakech,4,7,28,38,2047
2005,1,Kenzi Tower Hotel,Casablanca,5,240,22,97,193573
2005,2,Kenzi Tower Hotel,Casablanca,5,240,19,97,161311
2005,3,Kenzi Tower Hotel,Casablanca,5,240,28,97,225835
2005,4,Kenzi Tower Hotel,Casablanca,5,240,38,97,258097
2005,5,Kenzi Tower Hotel,Casablanca,5,240,37,97,258097
2005,6,Kenzi Tower Hotel,Casablanca,5,240,27,97,225835
2005,7,Kenzi Tower Hotel,Casablanca,5,240,51,97,387146
2005,8,Kenzi Tower Hotel,Casablanca,5,240,63,97,451670
2005,9,Kenzi Tower Hotel,Casablanca,5,240,45,97,322622
2005,10,Kenzi Tower Hotel,Casablanca,5,240,35,97,290360
2005,11,Kenzi Tower Hotel,Casablanca,5,240,25,97,225835
2005,12,Kenzi Tower Hotel,Casablanca,5,240,33,97,225835
2005,1,Four Seasons Casablanca,Casablanca,5,186,26,133,207750
2005,2,Four Seasons Casablanca,Casablanca,5,186,21,133,173125
2005,3,Four Seasons Casablanca,Casablanca,5,186,32,133,242375
2005,4,Four Seasons Casablanca,Casablanca,5,186,34,133,277000
2005,5,Four Seasons Casablanca,Casablanca,5,186,37,133,277000
2005,6,Four Seasons Casablanca,Casablanca,5,186,28,133,242375
2005,7,Four Seasons Casablanca,Casablanca,5,186,53,133,415500
2005,8,Four Seasons Casablanca,Casablanca,5,186,60,133,484750
2005,9,Four Seasons Casablanca,Casablanca,5,186,43,133,346250
2005,10,Four Seasons Casablanca,Casablanca,5,186,40,133,311625
2005,11,Four Seasons Casablanca,Casablanca,5,186,28,133,242375
2005,12,Four Seasons Casablanca,Casablanca,5,186,32,133,242375
2005,1,Hyatt Regency,Casablanca,5,252,23,87,175780
2005,2,Hyatt Regency,Casablanca,5,252,22,87,146483
2005,3,Hyatt Regency,Casablanca,5,252,30,87,205076
2005,4,Hyatt Regency,Casablanca,5,252,35,87,234373
2005,5,Hyatt Regency,Casablanca,5,252,34,87,234373
2005,6,Hyatt Regency,Casablanca,5,252,31,87,205076
2005,7,Hyatt Regency,Casablanca,5,252,43,87,351560
2005,8,Hyatt Regency,Casablanca,5,252,51,87,410153
2005,9,Hyatt Regency,Casablanca,5,252,40,87,292966
2005,10,Hyatt Regency,Casablanca,5,252,33,87,263670
2005,11,Hyatt Regency,Casablanca,5,252,29,87,205076
2005,12,Hyatt Regency,Casablanca,5,252,25,87,205076
2005,1,Sofitel Casablanca,Casablanca,5,141,26,67,64160
2005,2,Sofitel Casablanca,Casablanca,5,141,20,67,53467
2005,3,Sofitel Casablanca,Casablanca,5,141,25,67,74854
2005,4,Sofitel Casablanca,Casablanca,5,141,34,67,85547
2005,5,Sofitel Casablanca,Casablanca,5,141,28,67,85547
2005,6,Sofitel Casablanca,Casablanca,5,141,30,67,74854
2005,7,Sofitel Casablanca,Casablanca,5,141,39,67,128321
2005,8,Sofitel Casablanca,Casablanca,5,141,55,67,149708
2005,9,Sofitel Casablanca,Casablanca,5,141,42,67,106934
2005,10,Sofitel Casablanca,Casablanca,5,141,34,67,96241
2005,11,Sofitel Casablanca,Casablanca,5,141,25,67,74854
2005,12,Sofitel Casablanca,Casablanca,5,141,27,67,74854
2005,1,Hilton Tanger City Center,Tanger,5,200,27,74,106346
2005,2,Hilton Tanger City Center,Tanger,5,200,19,74,88622
2005,3,Hilton Tanger City Center,Tanger,5,200,29,74,124071
2005,4,Hilton Tanger City Center,Tanger,5,200,29,74,141795
2005,5,Hilton Tanger City Center,Tanger,5,200,29,74,141795
2005,6,Hilton Tanger City Center,Tanger,5,200,26,74,124071
2005,7,Hilton Tanger City Center,Tanger,5,200,54,74,212693
2005,8,Hilton Tanger City Center,Tanger,5,200,55,74,248141
2005,9,Hilton Tanger City Center,Tanger,5,200,40,74,177244
2005,10,Hilton Tanger City Center,Tanger,5,200,35,74,159520
2005,11,Hilton Tanger City Center,Tanger,5,200,28,74,124071
2005,12,Hilton Tanger City Center,Tanger,5,200,28,74,124071
2005,1,Sofitel Tanger Bay,Tanger,5,103,19,57,35862
2005,2,Sofitel Tanger Bay,Tanger,5,103,17,57,29885
2005,3,Sofitel Tanger Bay,Tanger,5,103,27,57,41839
2005,4,Sofitel Tanger Bay,Tanger,5,103,32,57,47815
2005,5,Sofitel Tanger Bay,Tanger,5,103,28,57,47815
2005,6,Sofitel Tanger Bay,Tanger,5,103,27,57,41839
2005,7,Sofitel Tanger Bay,Tanger,5,103,43,57,71723
2005,8,Sofitel Tanger Bay,Tanger,5,103,53,57,83677
2005,9,Sofitel Tanger Bay,Tanger,5,103,37,57,59769
2005,10,Sofitel Tanger Bay,Tanger,5,103,28,57,53792
2005,11,Sofitel Tanger Bay,Tanger,5,103,29,57,41839
2005,12,Sofitel Tanger Bay,Tanger,5,103,26,57,41839
2005,1,Hotel & Spa La Folie,Tanger,4,44,20,45,13520
2005,2,Hotel & Spa La Folie,Tanger,4,44,19,45,11267
2005,3,Hotel & Spa La Folie,Tanger,4,44,29,45,15773
2005,4,Hotel & Spa La Folie,Tanger,4,44,28,45,18027
2005,5,Hotel & Spa La Folie,Tanger,4,44,34,45,18027
2005,6,Hotel & Spa La Folie,Tanger,4,44,25,45,15773
2005,7,Hotel & Spa La Folie,Tanger,4,44,45,45,27040
2005,8,Hotel & Spa La Folie,Tanger,4,44,57,45,31547
2005,9,Hotel & Spa La Folie,Tanger,4,44,39,45,22533
2005,10,Hotel & Spa La Folie,Tanger,4,44,36,45,20280
2005,11,Hotel & Spa La Folie,Tanger,4,44,28,45,15773
2005,12,Hotel & Spa La Folie,Tanger,4,44,29,45,15773
2005,1,Riad Laaroussa,Fès,5,28,19,72,11645
2005,2,Riad Laaroussa,Fès,5,28,16,72,9705
2005,3,Riad Laaroussa,Fès,5,28,22,72,13586
2005,4,Riad Laaroussa,Fès,5,28,30,72,15527
2005,5,Riad Laaroussa,Fès,5,28,31,72,15527
2005,6,Riad Laaroussa,Fès,5,28,27,72,13586
2005,7,Riad Laaroussa,Fès,5,28,44,72,23291
2005,8,Riad Laaroussa,Fès,5,28,50,72,27173
2005,9,Riad Laaroussa,Fès,5,28,32,72,19409
2005,10,Riad Laaroussa,Fès,5,28,30,72,17468
2005,11,Riad Laaroussa,Fès,5,28,27,72,13586
2005,12,Riad Laaroussa,Fès,5,28,21,72,13586
2005,1,Palais Amani,Fès,5,21,23,85,11063
2005,2,Palais Amani,Fès,5,21,19,85,9219
2005,3,Palais Amani,Fès,5,21,27,85,12906
2005,4,Palais Amani,Fès,5,21,26,85,14750
2005,5,Palais Amani,Fès,5,21,26,85,14750
2005,6,Palais Amani,Fès,5,21,29,85,12906
2005,7,Palais Amani,Fès,5,21,48,85,22125
2005,8,Palais Amani,Fès,5,21,44,85,25813
2005,9,Palais Amani,Fès,5,21,37,85,18438
2005,10,Palais Amani,Fès,5,21,35,85,16594
2005,11,Palais Amani,Fès,5,21,26,85,12906
2005,12,Palais Amani,Fès,5,21,25,85,12906
2005,1,Sofitel Palais Jamai,Fès,5,136,19,53,44593
2005,2,Sofitel Palais Jamai,Fès,5,136,16,53,37160
2005,3,Sofitel Palais Jamai,Fès,5,136,24,53,52025
2005,4,Sofitel Palais Jamai,Fès,5,136,33,53,59457
2005,5,Sofitel Palais Jamai,Fès,5,136,28,53,59457
2005,6,Sofitel Palais Jamai,Fès,5,136,25,53,52025
2005,7,Sofitel Palais Jamai,Fès,5,136,40,53,89185
2005,8,Sofitel Palais Jamai,Fès,5,136,50,53,104049
2005,9,Sofitel Palais Jamai,Fès,5,136,33,53,74321
2005,10,Sofitel Palais Jamai,Fès,5,136,33,53,66889
2005,11,Sofitel Palais Jamai,Fès,5,136,28,53,52025
2005,12,Sofitel Palais Jamai,Fès,5,136,22,53,52025
2005,1,Riad Fès,Fès,5,32,25,66,14719
2005,2,Riad Fès,Fès,5,32,21,66,12266
2005,3,Riad Fès,Fès,5,32,25,66,17172
2005,4,Riad Fès,Fès,5,32,29,66,19625
2005,5,Riad Fès,Fès,5,32,32,66,19625
2005,6,Riad Fès,Fès,5,32,27,66,17172
2005,7,Riad Fès,Fès,5,32,50,66,29438
2005,8,Riad Fès,Fès,5,32,50,66,34344
2005,9,Riad Fès,Fès,5,32,37,66,24532
2005,10,Riad Fès,Fès,5,32,34,66,22078
2005,11,Riad Fès,Fès,5,32,26,66,17172
2005,12,Riad Fès,Fès,5,32,23,66,17172
2005,1,Sofitel Agadir Royal Bay,Agadir,5,174,20,53,63999
2005,2,Sofitel Agadir Royal Bay,Agadir,5,174,17,53,53332
2005,3,Sofitel Agadir Royal Bay,Agadir,5,174,25,53,74665
2005,4,Sofitel Agadir Royal Bay,Agadir,5,174,34,53,85332
2005,5,Sofitel Agadir Royal Bay,Agadir,5,174,33,53,85332
2005,6,Sofitel Agadir Royal Bay,Agadir,5,174,24,53,74665
2005,7,Sofitel Agadir Royal Bay,Agadir,5,174,53,53,127998
2005,8,Sofitel Agadir Royal Bay,Agadir,5,174,49,53,149330
2005,9,Sofitel Agadir Royal Bay,Agadir,5,174,38,53,106665
2005,10,Sofitel Agadir Royal Bay,Agadir,5,174,30,53,95998
2005,11,Sofitel Agadir Royal Bay,Agadir,5,174,23,53,74665
2005,12,Sofitel Agadir Royal Bay,Agadir,5,174,26,53,74665
2005,1,Riu Palace Tikida,Agadir,5,524,24,46,197972
2005,2,Riu Palace Tikida,Agadir,5,524,20,46,164976
2005,3,Riu Palace Tikida,Agadir,5,524,27,46,230967
2005,4,Riu Palace Tikida,Agadir,5,524,29,46,263962
2005,5,Riu Palace Tikida,Agadir,5,524,30,46,263962
2005,6,Riu Palace Tikida,Agadir,5,524,30,46,230967
2005,7,Riu Palace Tikida,Agadir,5,524,54,46,395943
2005,8,Riu Palace Tikida,Agadir,5,524,67,46,461934
2005,9,Riu Palace Tikida,Agadir,5,524,39,46,329953
2005,10,Riu Palace Tikida,Agadir,5,524,42,46,296957
2005,11,Riu Palace Tikida,Agadir,5,524,33,46,230967
2005,12,Riu Palace Tikida,Agadir,5,524,33,46,230967
2005,1,Iberostar Founty,Agadir,5,380,20,32,76602
2005,2,Iberostar Founty,Agadir,5,380,20,32,63835
2005,3,Iberostar Founty,Agadir,5,380,24,32,89369
2005,4,Iberostar Founty,Agadir,5,380,27,32,102136
2005,5,Iberostar Founty,Agadir,5,380,31,32,102136
2005,6,Iberostar Founty,Agadir,5,380,23,32,89369
2005,7,Iberostar Founty,Agadir,5,380,41,32,153204
2005,8,Iberostar Founty,Agadir,5,380,51,32,178737
2005,9,Iberostar Founty,Agadir,5,380,33,32,127670
2005,10,Iberostar Founty,Agadir,5,380,28,32,114903
2005,11,Iberostar Founty,Agadir,5,380,25,32,89369
2005,12,Iberostar Founty,Agadir,5,380,22,32,89369
2005,1,Kasbah Tamadot,Asni,5,28,23,195,37507
2005,2,Kasbah Tamadot,Asni,5,28,19,195,31255
2005,3,Kasbah Tamadot,Asni,5,28,24,195,43758
2005,4,Kasbah Tamadot,Asni,5,28,29,195,50009
2005,5,Kasbah Tamadot,Asni,5,28,29,195,50009
2005,6,Kasbah Tamadot,Asni,5,28,27,195,43758
2005,7,Kasbah Tamadot,Asni,5,28,39,195,75013
2005,8,Kasbah Tamadot,Asni,5,28,61,195,87515
2005,9,Kasbah Tamadot,Asni,5,28,34,195,62511
2005,10,Kasbah Tamadot,Asni,5,28,37,195,56260
2005,11,Kasbah Tamadot,Asni,5,28,24,195,43758
2005,12,Kasbah Tamadot,Asni,5,28,29,195,43758
2005,1,Scarabeo Camp,Agafay,4,14,20,163,15768
2005,2,Scarabeo Camp,Agafay,4,14,17,163,13140
2005,3,Scarabeo Camp,Agafay,4,14,30,163,18396
2005,4,Scarabeo Camp,Agafay,4,14,29,163,21023
2005,5,Scarabeo Camp,Agafay,4,14,29,163,21023
2005,6,Scarabeo Camp,Agafay,4,14,30,163,18396
2005,7,Scarabeo Camp,Agafay,4,14,52,163,31535
2005,8,Scarabeo Camp,Agafay,4,14,53,163,36791
2005,9,Scarabeo Camp,Agafay,4,14,40,163,26279
2005,10,Scarabeo Camp,Agafay,4,14,32,163,23651
2005,11,Scarabeo Camp,Agafay,4,14,24,163,18396
2005,12,Scarabeo Camp,Agafay,4,14,28,163,18396
2005,1,Kam Kam Dunes,Merzouga,3,20,20,87,13048
2005,2,Kam Kam Dunes,Merzouga,3,20,17,87,10873
2005,3,Kam Kam Dunes,Merzouga,3,20,28,87,15222
2005,4,Kam Kam Dunes,Merzouga,3,20,29,87,17397
2005,5,Kam Kam Dunes,Merzouga,3,20,31,87,17397
2005,6,Kam Kam Dunes,Merzouga,3,20,27,87,15222
2005,7,Kam Kam Dunes,Merzouga,3,20,50,87,26096
2005,8,Kam Kam Dunes,Merzouga,3,20,51,87,30445
2005,9,Kam Kam Dunes,Merzouga,3,20,36,87,21746
2005,10,Kam Kam Dunes,Merzouga,3,20,38,87,19572
2005,11,Kam Kam Dunes,Merzouga,3,20,26,87,15222
2005,12,Kam Kam Dunes,Merzouga,3,20,26,87,15222
2005,1,Riad Kniza,Marrakech,5,11,23,183,14179
2005,2,Riad Kniza,Marrakech,5,11,22,183,11816
2005,3,Riad Kniza,Marrakech,5,11,28,183,16542
2005,4,Riad Kniza,Marrakech,5,11,31,183,18906
2005,5,Riad Kniza,Marrakech,5,11,29,183,18906
2005,6,Riad Kniza,Marrakech,5,11,24,183,16542
2005,7,Riad Kniza,Marrakech,5,11,40,183,28358
2005,8,Riad Kniza,Marrakech,5,11,48,183,33085
2005,9,Riad Kniza,Marrakech,5,11,42,183,23632
2005,10,Riad Kniza,Marrakech,5,11,38,183,21269
2005,11,Riad Kniza,Marrakech,5,11,30,183,16542
2005,12,Riad Kniza,Marrakech,5,11,24,183,16542
2005,1,Dar Ahlam,Skoura,5,14,23,203,16284
2005,2,Dar Ahlam,Skoura,5,14,20,203,13570
2005,3,Dar Ahlam,Skoura,5,14,26,203,18997
2005,4,Dar Ahlam,Skoura,5,14,26,203,21711
2005,5,Dar Ahlam,Skoura,5,14,28,203,21711
2005,6,Dar Ahlam,Skoura,5,14,21,203,18997
2005,7,Dar Ahlam,Skoura,5,14,48,203,32567
2005,8,Dar Ahlam,Skoura,5,14,43,203,37995
2005,9,Dar Ahlam,Skoura,5,14,37,203,27139
2005,10,Dar Ahlam,Skoura,5,14,33,203,24425
2005,11,Dar Ahlam,Skoura,5,14,25,203,18997
2005,12,Dar Ahlam,Skoura,5,14,21,203,18997
2006,1,La Mamounia,Marrakech,5,209,24,151,209034
2006,2,La Mamounia,Marrakech,5,209,20,151,174195
2006,3,La Mamounia,Marrakech,5,209,30,151,243873
2006,4,La Mamounia,Marrakech,5,209,32,151,278712
2006,5,La Mamounia,Marrakech,5,209,32,151,278712
2006,6,La Mamounia,Marrakech,5,209,29,151,243873
2006,7,La Mamounia,Marrakech,5,209,43,151,418069
2006,8,La Mamounia,Marrakech,5,209,57,151,487747
2006,9,La Mamounia,Marrakech,5,209,34,151,348391
2006,10,La Mamounia,Marrakech,5,209,33,151,313551
2006,11,La Mamounia,Marrakech,5,209,25,151,243873
2006,12,La Mamounia,Marrakech,5,209,25,151,243873
2006,1,Royal Mansour,Marrakech,5,53,24,212,74994
2006,2,Royal Mansour,Marrakech,5,53,19,212,62495
2006,3,Royal Mansour,Marrakech,5,53,25,212,87493
2006,4,Royal Mansour,Marrakech,5,53,35,212,99992
2006,5,Royal Mansour,Marrakech,5,53,30,212,99992
2006,6,Royal Mansour,Marrakech,5,53,23,212,87493
2006,7,Royal Mansour,Marrakech,5,53,43,212,149989
2006,8,Royal Mansour,Marrakech,5,53,56,212,174987
2006,9,Royal Mansour,Marrakech,5,53,41,212,124991
2006,10,Royal Mansour,Marrakech,5,53,36,212,112492
2006,11,Royal Mansour,Marrakech,5,53,24,212,87493
2006,12,Royal Mansour,Marrakech,5,53,26,212,87493
2006,1,Four Seasons Resort,Marrakech,5,139,24,140,147145
2006,2,Four Seasons Resort,Marrakech,5,139,18,140,122620
2006,3,Four Seasons Resort,Marrakech,5,139,30,140,171669
2006,4,Four Seasons Resort,Marrakech,5,139,31,140,196193
2006,5,Four Seasons Resort,Marrakech,5,139,36,140,196193
2006,6,Four Seasons Resort,Marrakech,5,139,26,140,171669
2006,7,Four Seasons Resort,Marrakech,5,139,43,140,294289
2006,8,Four Seasons Resort,Marrakech,5,139,66,140,343337
2006,9,Four Seasons Resort,Marrakech,5,139,46,140,245241
2006,10,Four Seasons Resort,Marrakech,5,139,40,140,220717
2006,11,Four Seasons Resort,Marrakech,5,139,27,140,171669
2006,12,Four Seasons Resort,Marrakech,5,139,25,140,171669
2006,1,Amanjena,Marrakech,5,32,21,178,37916
2006,2,Amanjena,Marrakech,5,32,22,178,31597
2006,3,Amanjena,Marrakech,5,32,25,178,44235
2006,4,Amanjena,Marrakech,5,32,35,178,50554
2006,5,Amanjena,Marrakech,5,32,30,178,50554
2006,6,Amanjena,Marrakech,5,32,30,178,44235
2006,7,Amanjena,Marrakech,5,32,49,178,75832
2006,8,Amanjena,Marrakech,5,32,59,178,88470
2006,9,Amanjena,Marrakech,5,32,42,178,63193
2006,10,Amanjena,Marrakech,5,32,37,178,56874
2006,11,Amanjena,Marrakech,5,32,24,178,44235
2006,12,Amanjena,Marrakech,5,32,23,178,44235
2006,1,Sofitel Marrakech,Marrakech,5,303,27,114,306490
2006,2,Sofitel Marrakech,Marrakech,5,303,23,114,255409
2006,3,Sofitel Marrakech,Marrakech,5,303,30,114,357572
2006,4,Sofitel Marrakech,Marrakech,5,303,36,114,408654
2006,5,Sofitel Marrakech,Marrakech,5,303,38,114,408654
2006,6,Sofitel Marrakech,Marrakech,5,303,31,114,357572
2006,7,Sofitel Marrakech,Marrakech,5,303,46,114,612981
2006,8,Sofitel Marrakech,Marrakech,5,303,58,114,715144
2006,9,Sofitel Marrakech,Marrakech,5,303,44,114,510817
2006,10,Sofitel Marrakech,Marrakech,5,303,45,114,459735
2006,11,Sofitel Marrakech,Marrakech,5,303,31,114,357572
2006,12,Sofitel Marrakech,Marrakech,5,303,35,114,357572
2006,1,Riad Yasmine,Marrakech,4,7,27,45,2799
2006,2,Riad Yasmine,Marrakech,4,7,21,45,2333
2006,3,Riad Yasmine,Marrakech,4,7,28,45,3266
2006,4,Riad Yasmine,Marrakech,4,7,31,45,3733
2006,5,Riad Yasmine,Marrakech,4,7,31,45,3733
2006,6,Riad Yasmine,Marrakech,4,7,27,45,3266
2006,7,Riad Yasmine,Marrakech,4,7,55,45,5599
2006,8,Riad Yasmine,Marrakech,4,7,60,45,6532
2006,9,Riad Yasmine,Marrakech,4,7,49,45,4666
2006,10,Riad Yasmine,Marrakech,4,7,37,45,4199
2006,11,Riad Yasmine,Marrakech,4,7,27,45,3266
2006,12,Riad Yasmine,Marrakech,4,7,29,45,3266
2006,1,Kenzi Tower Hotel,Casablanca,5,240,27,101,209599
2006,2,Kenzi Tower Hotel,Casablanca,5,240,21,101,174666
2006,3,Kenzi Tower Hotel,Casablanca,5,240,29,101,244532
2006,4,Kenzi Tower Hotel,Casablanca,5,240,32,101,279465
2006,5,Kenzi Tower Hotel,Casablanca,5,240,30,101,279465
2006,6,Kenzi Tower Hotel,Casablanca,5,240,34,101,244532
2006,7,Kenzi Tower Hotel,Casablanca,5,240,49,101,419198
2006,8,Kenzi Tower Hotel,Casablanca,5,240,57,101,489064
2006,9,Kenzi Tower Hotel,Casablanca,5,240,48,101,349331
2006,10,Kenzi Tower Hotel,Casablanca,5,240,41,101,314398
2006,11,Kenzi Tower Hotel,Casablanca,5,240,28,101,244532
2006,12,Kenzi Tower Hotel,Casablanca,5,240,28,101,244532
2006,1,Four Seasons Casablanca,Casablanca,5,186,24,125,162528
2006,2,Four Seasons Casablanca,Casablanca,5,186,20,125,135440
2006,3,Four Seasons Casablanca,Casablanca,5,186,29,125,189616
2006,4,Four Seasons Casablanca,Casablanca,5,186,34,125,216704
2006,5,Four Seasons Casablanca,Casablanca,5,186,33,125,216704
2006,6,Four Seasons Casablanca,Casablanca,5,186,28,125,189616
2006,7,Four Seasons Casablanca,Casablanca,5,186,49,125,325056
2006,8,Four Seasons Casablanca,Casablanca,5,186,49,125,379232
2006,9,Four Seasons Casablanca,Casablanca,5,186,43,125,270880
2006,10,Four Seasons Casablanca,Casablanca,5,186,40,125,243792
2006,11,Four Seasons Casablanca,Casablanca,5,186,24,125,189616
2006,12,Four Seasons Casablanca,Casablanca,5,186,30,125,189616
2006,1,Hyatt Regency,Casablanca,5,252,25,95,211380
2006,2,Hyatt Regency,Casablanca,5,252,22,95,176150
2006,3,Hyatt Regency,Casablanca,5,252,34,95,246610
2006,4,Hyatt Regency,Casablanca,5,252,37,95,281840
2006,5,Hyatt Regency,Casablanca,5,252,32,95,281840
2006,6,Hyatt Regency,Casablanca,5,252,27,95,246610
2006,7,Hyatt Regency,Casablanca,5,252,47,95,422760
2006,8,Hyatt Regency,Casablanca,5,252,67,95,493220
2006,9,Hyatt Regency,Casablanca,5,252,40,95,352300
2006,10,Hyatt Regency,Casablanca,5,252,35,95,317070
2006,11,Hyatt Regency,Casablanca,5,252,31,95,246610
2006,12,Hyatt Regency,Casablanca,5,252,35,95,246610
2006,1,Sofitel Casablanca,Casablanca,5,141,22,63,51171
2006,2,Sofitel Casablanca,Casablanca,5,141,20,63,42642
2006,3,Sofitel Casablanca,Casablanca,5,141,27,63,59699
2006,4,Sofitel Casablanca,Casablanca,5,141,29,63,68228
2006,5,Sofitel Casablanca,Casablanca,5,141,29,63,68228
2006,6,Sofitel Casablanca,Casablanca,5,141,22,63,59699
2006,7,Sofitel Casablanca,Casablanca,5,141,45,63,102342
2006,8,Sofitel Casablanca,Casablanca,5,141,49,63,119399
2006,9,Sofitel Casablanca,Casablanca,5,141,35,63,85285
2006,10,Sofitel Casablanca,Casablanca,5,141,35,63,76756
2006,11,Sofitel Casablanca,Casablanca,5,141,22,63,59699
2006,12,Sofitel Casablanca,Casablanca,5,141,25,63,59699
2006,1,Hilton Tanger City Center,Tanger,5,200,23,68,77991
2006,2,Hilton Tanger City Center,Tanger,5,200,21,68,64992
2006,3,Hilton Tanger City Center,Tanger,5,200,22,68,90989
2006,4,Hilton Tanger City Center,Tanger,5,200,25,68,103987
2006,5,Hilton Tanger City Center,Tanger,5,200,32,68,103987
2006,6,Hilton Tanger City Center,Tanger,5,200,22,68,90989
2006,7,Hilton Tanger City Center,Tanger,5,200,42,68,155981
2006,8,Hilton Tanger City Center,Tanger,5,200,44,68,181978
2006,9,Hilton Tanger City Center,Tanger,5,200,38,68,129984
2006,10,Hilton Tanger City Center,Tanger,5,200,35,68,116986
2006,11,Hilton Tanger City Center,Tanger,5,200,23,68,90989
2006,12,Hilton Tanger City Center,Tanger,5,200,26,68,90989
2006,1,Sofitel Tanger Bay,Tanger,5,103,21,57,34153
2006,2,Sofitel Tanger Bay,Tanger,5,103,18,57,28460
2006,3,Sofitel Tanger Bay,Tanger,5,103,27,57,39845
2006,4,Sofitel Tanger Bay,Tanger,5,103,33,57,45537
2006,5,Sofitel Tanger Bay,Tanger,5,103,28,57,45537
2006,6,Sofitel Tanger Bay,Tanger,5,103,25,57,39845
2006,7,Sofitel Tanger Bay,Tanger,5,103,42,57,68305
2006,8,Sofitel Tanger Bay,Tanger,5,103,47,57,79689
2006,9,Sofitel Tanger Bay,Tanger,5,103,34,57,56921
2006,10,Sofitel Tanger Bay,Tanger,5,103,31,57,51229
2006,11,Sofitel Tanger Bay,Tanger,5,103,23,57,39845
2006,12,Sofitel Tanger Bay,Tanger,5,103,22,57,39845
2006,1,Hotel & Spa La Folie,Tanger,4,44,30,52,21280
2006,2,Hotel & Spa La Folie,Tanger,4,44,24,52,17733
2006,3,Hotel & Spa La Folie,Tanger,4,44,31,52,24827
2006,4,Hotel & Spa La Folie,Tanger,4,44,37,52,28373
2006,5,Hotel & Spa La Folie,Tanger,4,44,33,52,28373
2006,6,Hotel & Spa La Folie,Tanger,4,44,32,52,24827
2006,7,Hotel & Spa La Folie,Tanger,4,44,55,52,42560
2006,8,Hotel & Spa La Folie,Tanger,4,44,57,52,49653
2006,9,Hotel & Spa La Folie,Tanger,4,44,46,52,35467
2006,10,Hotel & Spa La Folie,Tanger,4,44,38,52,31920
2006,11,Hotel & Spa La Folie,Tanger,4,44,32,52,24827
2006,12,Hotel & Spa La Folie,Tanger,4,44,30,52,24827
2006,1,Riad Laaroussa,Fès,5,28,23,86,18844
2006,2,Riad Laaroussa,Fès,5,28,18,86,15704
2006,3,Riad Laaroussa,Fès,5,28,26,86,21985
2006,4,Riad Laaroussa,Fès,5,28,38,86,25126
2006,5,Riad Laaroussa,Fès,5,28,29,86,25126
2006,6,Riad Laaroussa,Fès,5,28,29,86,21985
2006,7,Riad Laaroussa,Fès,5,28,54,86,37688
2006,8,Riad Laaroussa,Fès,5,28,67,86,43970
2006,9,Riad Laaroussa,Fès,5,28,48,86,31407
2006,10,Riad Laaroussa,Fès,5,28,38,86,28266
2006,11,Riad Laaroussa,Fès,5,28,28,86,21985
2006,12,Riad Laaroussa,Fès,5,28,28,86,21985
2006,1,Palais Amani,Fès,5,21,22,100,16735
2006,2,Palais Amani,Fès,5,21,22,100,13946
2006,3,Palais Amani,Fès,5,21,31,100,19524
2006,4,Palais Amani,Fès,5,21,37,100,22313
2006,5,Palais Amani,Fès,5,21,34,100,22313
2006,6,Palais Amani,Fès,5,21,30,100,19524
2006,7,Palais Amani,Fès,5,21,56,100,33469
2006,8,Palais Amani,Fès,5,21,61,100,39048
2006,9,Palais Amani,Fès,5,21,45,100,27891
2006,10,Palais Amani,Fès,5,21,33,100,25102
2006,11,Palais Amani,Fès,5,21,27,100,19524
2006,12,Palais Amani,Fès,5,21,26,100,19524
2006,1,Sofitel Palais Jamai,Fès,5,136,27,57,54339
2006,2,Sofitel Palais Jamai,Fès,5,136,20,57,45283
2006,3,Sofitel Palais Jamai,Fès,5,136,28,57,63396
2006,4,Sofitel Palais Jamai,Fès,5,136,33,57,72452
2006,5,Sofitel Palais Jamai,Fès,5,136,30,57,72452
2006,6,Sofitel Palais Jamai,Fès,5,136,29,57,63396
2006,7,Sofitel Palais Jamai,Fès,5,136,52,57,108678
2006,8,Sofitel Palais Jamai,Fès,5,136,52,57,126791
2006,9,Sofitel Palais Jamai,Fès,5,136,36,57,90565
2006,10,Sofitel Palais Jamai,Fès,5,136,36,57,81509
2006,11,Sofitel Palais Jamai,Fès,5,136,27,57,63396
2006,12,Sofitel Palais Jamai,Fès,5,136,24,57,63396
2006,1,Riad Fès,Fès,5,32,24,68,15896
2006,2,Riad Fès,Fès,5,32,23,68,13247
2006,3,Riad Fès,Fès,5,32,32,68,18545
2006,4,Riad Fès,Fès,5,32,32,68,21195
2006,5,Riad Fès,Fès,5,32,32,68,21195
2006,6,Riad Fès,Fès,5,32,31,68,18545
2006,7,Riad Fès,Fès,5,32,50,68,31792
2006,8,Riad Fès,Fès,5,32,55,68,37090
2006,9,Riad Fès,Fès,5,32,42,68,26493
2006,10,Riad Fès,Fès,5,32,36,68,23844
2006,11,Riad Fès,Fès,5,32,25,68,18545
2006,12,Riad Fès,Fès,5,32,27,68,18545
2006,1,Sofitel Agadir Royal Bay,Agadir,5,174,24,60,88524
2006,2,Sofitel Agadir Royal Bay,Agadir,5,174,22,60,73770
2006,3,Sofitel Agadir Royal Bay,Agadir,5,174,35,60,103278
2006,4,Sofitel Agadir Royal Bay,Agadir,5,174,34,60,118031
2006,5,Sofitel Agadir Royal Bay,Agadir,5,174,37,60,118031
2006,6,Sofitel Agadir Royal Bay,Agadir,5,174,29,60,103278
2006,7,Sofitel Agadir Royal Bay,Agadir,5,174,51,60,177047
2006,8,Sofitel Agadir Royal Bay,Agadir,5,174,59,60,206555
2006,9,Sofitel Agadir Royal Bay,Agadir,5,174,48,60,147539
2006,10,Sofitel Agadir Royal Bay,Agadir,5,174,42,60,132785
2006,11,Sofitel Agadir Royal Bay,Agadir,5,174,34,60,103278
2006,12,Sofitel Agadir Royal Bay,Agadir,5,174,30,60,103278
2006,1,Riu Palace Tikida,Agadir,5,524,25,40,124646
2006,2,Riu Palace Tikida,Agadir,5,524,21,40,103872
2006,3,Riu Palace Tikida,Agadir,5,524,23,40,145420
2006,4,Riu Palace Tikida,Agadir,5,524,34,40,166195
2006,5,Riu Palace Tikida,Agadir,5,524,34,40,166195
2006,6,Riu Palace Tikida,Agadir,5,524,27,40,145420
2006,7,Riu Palace Tikida,Agadir,5,524,43,40,249292
2006,8,Riu Palace Tikida,Agadir,5,524,45,40,290841
2006,9,Riu Palace Tikida,Agadir,5,524,32,40,207743
2006,10,Riu Palace Tikida,Agadir,5,524,32,40,186969
2006,11,Riu Palace Tikida,Agadir,5,524,28,40,145420
2006,12,Riu Palace Tikida,Agadir,5,524,27,40,145420
2006,1,Iberostar Founty,Agadir,5,380,22,36,95552
2006,2,Iberostar Founty,Agadir,5,380,21,36,79626
2006,3,Iberostar Founty,Agadir,5,380,28,36,111477
2006,4,Iberostar Founty,Agadir,5,380,36,36,127402
2006,5,Iberostar Founty,Agadir,5,380,34,36,127402
2006,6,Iberostar Founty,Agadir,5,380,30,36,111477
2006,7,Iberostar Founty,Agadir,5,380,53,36,191103
2006,8,Iberostar Founty,Agadir,5,380,48,36,222954
2006,9,Iberostar Founty,Agadir,5,380,40,36,159253
2006,10,Iberostar Founty,Agadir,5,380,30,36,143327
2006,11,Iberostar Founty,Agadir,5,380,27,36,111477
2006,12,Iberostar Founty,Agadir,5,380,29,36,111477
2006,1,Kasbah Tamadot,Asni,5,28,23,203,40213
2006,2,Kasbah Tamadot,Asni,5,28,22,203,33511
2006,3,Kasbah Tamadot,Asni,5,28,28,203,46916
2006,4,Kasbah Tamadot,Asni,5,28,33,203,53618
2006,5,Kasbah Tamadot,Asni,5,28,33,203,53618
2006,6,Kasbah Tamadot,Asni,5,28,30,203,46916
2006,7,Kasbah Tamadot,Asni,5,28,47,203,80427
2006,8,Kasbah Tamadot,Asni,5,28,58,203,93831
2006,9,Kasbah Tamadot,Asni,5,28,40,203,67022
2006,10,Kasbah Tamadot,Asni,5,28,34,203,60320
2006,11,Kasbah Tamadot,Asni,5,28,24,203,46916
2006,12,Kasbah Tamadot,Asni,5,28,24,203,46916
2006,1,Scarabeo Camp,Agafay,4,14,23,183,21378
2006,2,Scarabeo Camp,Agafay,4,14,21,183,17815
2006,3,Scarabeo Camp,Agafay,4,14,30,183,24941
2006,4,Scarabeo Camp,Agafay,4,14,31,183,28504
2006,5,Scarabeo Camp,Agafay,4,14,38,183,28504
2006,6,Scarabeo Camp,Agafay,4,14,33,183,24941
2006,7,Scarabeo Camp,Agafay,4,14,52,183,42756
2006,8,Scarabeo Camp,Agafay,4,14,54,183,49882
2006,9,Scarabeo Camp,Agafay,4,14,42,183,35630
2006,10,Scarabeo Camp,Agafay,4,14,42,183,32067
2006,11,Scarabeo Camp,Agafay,4,14,32,183,24941
2006,12,Scarabeo Camp,Agafay,4,14,32,183,24941
2006,1,Kam Kam Dunes,Merzouga,3,20,28,94,15787
2006,2,Kam Kam Dunes,Merzouga,3,20,19,94,13156
2006,3,Kam Kam Dunes,Merzouga,3,20,35,94,18419
2006,4,Kam Kam Dunes,Merzouga,3,20,36,94,21050
2006,5,Kam Kam Dunes,Merzouga,3,20,31,94,21050
2006,6,Kam Kam Dunes,Merzouga,3,20,29,94,18419
2006,7,Kam Kam Dunes,Merzouga,3,20,58,94,31575
2006,8,Kam Kam Dunes,Merzouga,3,20,68,94,36837
2006,9,Kam Kam Dunes,Merzouga,3,20,39,94,26312
2006,10,Kam Kam Dunes,Merzouga,3,20,44,94,23681
2006,11,Kam Kam Dunes,Merzouga,3,20,27,94,18419
2006,12,Kam Kam Dunes,Merzouga,3,20,31,94,18419
2006,1,Riad Kniza,Marrakech,5,11,25,170,10836
2006,2,Riad Kniza,Marrakech,5,11,21,170,9030
2006,3,Riad Kniza,Marrakech,5,11,23,170,12642
2006,4,Riad Kniza,Marrakech,5,11,33,170,14448
2006,5,Riad Kniza,Marrakech,5,11,29,170,14448
2006,6,Riad Kniza,Marrakech,5,11,26,170,12642
2006,7,Riad Kniza,Marrakech,5,11,47,170,21671
2006,8,Riad Kniza,Marrakech,5,11,46,170,25283
2006,9,Riad Kniza,Marrakech,5,11,34,170,18059
2006,10,Riad Kniza,Marrakech,5,11,31,170,16253
2006,11,Riad Kniza,Marrakech,5,11,24,170,12642
2006,12,Riad Kniza,Marrakech,5,11,29,170,12642
2006,1,Dar Ahlam,Skoura,5,14,20,233,23174
2006,2,Dar Ahlam,Skoura,5,14,22,233,19312
2006,3,Dar Ahlam,Skoura,5,14,24,233,27036
2006,4,Dar Ahlam,Skoura,5,14,29,233,30899
2006,5,Dar Ahlam,Skoura,5,14,33,233,30899
2006,6,Dar Ahlam,Skoura,5,14,31,233,27036
2006,7,Dar Ahlam,Skoura,5,14,50,233,46348
2006,8,Dar Ahlam,Skoura,5,14,52,233,54073
2006,9,Dar Ahlam,Skoura,5,14,45,233,38623
2006,10,Dar Ahlam,Skoura,5,14,37,233,34761
2006,11,Dar Ahlam,Skoura,5,14,24,233,27036
2006,12,Dar Ahlam,Skoura,5,14,27,233,27036
2007,1,La Mamounia,Marrakech,5,209,24,151,199232
2007,2,La Mamounia,Marrakech,5,209,17,151,166027
2007,3,La Mamounia,Marrakech,5,209,27,151,232437
2007,4,La Mamounia,Marrakech,5,209,34,151,265642
2007,5,La Mamounia,Marrakech,5,209,30,151,265642
2007,6,La Mamounia,Marrakech,5,209,24,151,232437
2007,7,La Mamounia,Marrakech,5,209,42,151,398464
2007,8,La Mamounia,Marrakech,5,209,62,151,464874
2007,9,La Mamounia,Marrakech,5,209,38,151,332053
2007,10,La Mamounia,Marrakech,5,209,39,151,298848
2007,11,La Mamounia,Marrakech,5,209,23,151,232437
2007,12,La Mamounia,Marrakech,5,209,30,151,232437
2007,1,Royal Mansour,Marrakech,5,53,25,223,84384
2007,2,Royal Mansour,Marrakech,5,53,21,223,70320
2007,3,Royal Mansour,Marrakech,5,53,28,223,98448
2007,4,Royal Mansour,Marrakech,5,53,30,223,112512
2007,5,Royal Mansour,Marrakech,5,53,31,223,112512
2007,6,Royal Mansour,Marrakech,5,53,30,223,98448
2007,7,Royal Mansour,Marrakech,5,53,42,223,168767
2007,8,Royal Mansour,Marrakech,5,53,59,223,196895
2007,9,Royal Mansour,Marrakech,5,53,37,223,140639
2007,10,Royal Mansour,Marrakech,5,53,41,223,126576
2007,11,Royal Mansour,Marrakech,5,53,33,223,98448
2007,12,Royal Mansour,Marrakech,5,53,30,223,98448
2007,1,Four Seasons Resort,Marrakech,5,139,29,145,157937
2007,2,Four Seasons Resort,Marrakech,5,139,23,145,131614
2007,3,Four Seasons Resort,Marrakech,5,139,31,145,184260
2007,4,Four Seasons Resort,Marrakech,5,139,32,145,210583
2007,5,Four Seasons Resort,Marrakech,5,139,31,145,210583
2007,6,Four Seasons Resort,Marrakech,5,139,31,145,184260
2007,7,Four Seasons Resort,Marrakech,5,139,55,145,315874
2007,8,Four Seasons Resort,Marrakech,5,139,67,145,368519
2007,9,Four Seasons Resort,Marrakech,5,139,44,145,263228
2007,10,Four Seasons Resort,Marrakech,5,139,37,145,236905
2007,11,Four Seasons Resort,Marrakech,5,139,30,145,184260
2007,12,Four Seasons Resort,Marrakech,5,139,34,145,184260
2007,1,Amanjena,Marrakech,5,32,24,182,38892
2007,2,Amanjena,Marrakech,5,32,23,182,32410
2007,3,Amanjena,Marrakech,5,32,31,182,45374
2007,4,Amanjena,Marrakech,5,32,33,182,51855
2007,5,Amanjena,Marrakech,5,32,35,182,51855
2007,6,Amanjena,Marrakech,5,32,25,182,45374
2007,7,Amanjena,Marrakech,5,32,53,182,77783
2007,8,Amanjena,Marrakech,5,32,54,182,90747
2007,9,Amanjena,Marrakech,5,32,35,182,64819
2007,10,Amanjena,Marrakech,5,32,31,182,58337
2007,11,Amanjena,Marrakech,5,32,28,182,45374
2007,12,Amanjena,Marrakech,5,32,28,182,45374
2007,1,Sofitel Marrakech,Marrakech,5,303,20,101,202130
2007,2,Sofitel Marrakech,Marrakech,5,303,22,101,168442
2007,3,Sofitel Marrakech,Marrakech,5,303,31,101,235818
2007,4,Sofitel Marrakech,Marrakech,5,303,32,101,269506
2007,5,Sofitel Marrakech,Marrakech,5,303,36,101,269506
2007,6,Sofitel Marrakech,Marrakech,5,303,25,101,235818
2007,7,Sofitel Marrakech,Marrakech,5,303,43,101,404260
2007,8,Sofitel Marrakech,Marrakech,5,303,56,101,471636
2007,9,Sofitel Marrakech,Marrakech,5,303,37,101,336883
2007,10,Sofitel Marrakech,Marrakech,5,303,37,101,303195
2007,11,Sofitel Marrakech,Marrakech,5,303,29,101,235818
2007,12,Sofitel Marrakech,Marrakech,5,303,25,101,235818
2007,1,Riad Yasmine,Marrakech,4,7,26,42,2032
2007,2,Riad Yasmine,Marrakech,4,7,20,42,1693
2007,3,Riad Yasmine,Marrakech,4,7,28,42,2371
2007,4,Riad Yasmine,Marrakech,4,7,34,42,2709
2007,5,Riad Yasmine,Marrakech,4,7,29,42,2709
2007,6,Riad Yasmine,Marrakech,4,7,28,42,2371
2007,7,Riad Yasmine,Marrakech,4,7,45,42,4064
2007,8,Riad Yasmine,Marrakech,4,7,60,42,4742
2007,9,Riad Yasmine,Marrakech,4,7,41,42,3387
2007,10,Riad Yasmine,Marrakech,4,7,38,42,3048
2007,11,Riad Yasmine,Marrakech,4,7,31,42,2371
2007,12,Riad Yasmine,Marrakech,4,7,27,42,2371
2007,1,Kenzi Tower Hotel,Casablanca,5,240,24,91,145975
2007,2,Kenzi Tower Hotel,Casablanca,5,240,18,91,121646
2007,3,Kenzi Tower Hotel,Casablanca,5,240,29,91,170304
2007,4,Kenzi Tower Hotel,Casablanca,5,240,28,91,194634
2007,5,Kenzi Tower Hotel,Casablanca,5,240,35,91,194634
2007,6,Kenzi Tower Hotel,Casablanca,5,240,31,91,170304
2007,7,Kenzi Tower Hotel,Casablanca,5,240,49,91,291950
2007,8,Kenzi Tower Hotel,Casablanca,5,240,48,91,340609
2007,9,Kenzi Tower Hotel,Casablanca,5,240,36,91,243292
2007,10,Kenzi Tower Hotel,Casablanca,5,240,31,91,218963
2007,11,Kenzi Tower Hotel,Casablanca,5,240,28,91,170304
2007,12,Kenzi Tower Hotel,Casablanca,5,240,27,91,170304
2007,1,Four Seasons Casablanca,Casablanca,5,186,23,133,189267
2007,2,Four Seasons Casablanca,Casablanca,5,186,19,133,157723
2007,3,Four Seasons Casablanca,Casablanca,5,186,28,133,220812
2007,4,Four Seasons Casablanca,Casablanca,5,186,38,133,252356
2007,5,Four Seasons Casablanca,Casablanca,5,186,36,133,252356
2007,6,Four Seasons Casablanca,Casablanca,5,186,29,133,220812
2007,7,Four Seasons Casablanca,Casablanca,5,186,46,133,378534
2007,8,Four Seasons Casablanca,Casablanca,5,186,56,133,441624
2007,9,Four Seasons Casablanca,Casablanca,5,186,42,133,315445
2007,10,Four Seasons Casablanca,Casablanca,5,186,42,133,283901
2007,11,Four Seasons Casablanca,Casablanca,5,186,31,133,220812
2007,12,Four Seasons Casablanca,Casablanca,5,186,27,133,220812
2007,1,Hyatt Regency,Casablanca,5,252,20,80,121752
2007,2,Hyatt Regency,Casablanca,5,252,18,80,101460
2007,3,Hyatt Regency,Casablanca,5,252,26,80,142043
2007,4,Hyatt Regency,Casablanca,5,252,34,80,162335
2007,5,Hyatt Regency,Casablanca,5,252,33,80,162335
2007,6,Hyatt Regency,Casablanca,5,252,29,80,142043
2007,7,Hyatt Regency,Casablanca,5,252,44,80,243503
2007,8,Hyatt Regency,Casablanca,5,252,53,80,284087
2007,9,Hyatt Regency,Casablanca,5,252,34,80,202919
2007,10,Hyatt Regency,Casablanca,5,252,31,80,182627
2007,11,Hyatt Regency,Casablanca,5,252,30,80,142043
2007,12,Hyatt Regency,Casablanca,5,252,29,80,142043
2007,1,Sofitel Casablanca,Casablanca,5,141,24,67,57967
2007,2,Sofitel Casablanca,Casablanca,5,141,21,67,48306
2007,3,Sofitel Casablanca,Casablanca,5,141,29,67,67629
2007,4,Sofitel Casablanca,Casablanca,5,141,32,67,77290
2007,5,Sofitel Casablanca,Casablanca,5,141,27,67,77290
2007,6,Sofitel Casablanca,Casablanca,5,141,24,67,67629
2007,7,Sofitel Casablanca,Casablanca,5,141,47,67,115935
2007,8,Sofitel Casablanca,Casablanca,5,141,58,67,135257
2007,9,Sofitel Casablanca,Casablanca,5,141,43,67,96612
2007,10,Sofitel Casablanca,Casablanca,5,141,37,67,86951
2007,11,Sofitel Casablanca,Casablanca,5,141,26,67,67629
2007,12,Sofitel Casablanca,Casablanca,5,141,24,67,67629
2007,1,Hilton Tanger City Center,Tanger,5,200,24,85,147384
2007,2,Hilton Tanger City Center,Tanger,5,200,26,85,122820
2007,3,Hilton Tanger City Center,Tanger,5,200,29,85,171949
2007,4,Hilton Tanger City Center,Tanger,5,200,40,85,196513
2007,5,Hilton Tanger City Center,Tanger,5,200,41,85,196513
2007,6,Hilton Tanger City Center,Tanger,5,200,33,85,171949
2007,7,Hilton Tanger City Center,Tanger,5,200,58,85,294769
2007,8,Hilton Tanger City Center,Tanger,5,200,65,85,343897
2007,9,Hilton Tanger City Center,Tanger,5,200,40,85,245641
2007,10,Hilton Tanger City Center,Tanger,5,200,35,85,221077
2007,11,Hilton Tanger City Center,Tanger,5,200,35,85,171949
2007,12,Hilton Tanger City Center,Tanger,5,200,31,85,171949
2007,1,Sofitel Tanger Bay,Tanger,5,103,29,74,71866
2007,2,Sofitel Tanger Bay,Tanger,5,103,25,74,59888
2007,3,Sofitel Tanger Bay,Tanger,5,103,29,74,83843
2007,4,Sofitel Tanger Bay,Tanger,5,103,37,74,95821
2007,5,Sofitel Tanger Bay,Tanger,5,103,35,74,95821
2007,6,Sofitel Tanger Bay,Tanger,5,103,32,74,83843
2007,7,Sofitel Tanger Bay,Tanger,5,103,61,74,143732
2007,8,Sofitel Tanger Bay,Tanger,5,103,73,74,167687
2007,9,Sofitel Tanger Bay,Tanger,5,103,46,74,119776
2007,10,Sofitel Tanger Bay,Tanger,5,103,37,74,107799
2007,11,Sofitel Tanger Bay,Tanger,5,103,33,74,83843
2007,12,Sofitel Tanger Bay,Tanger,5,103,35,74,83843
2007,1,Hotel & Spa La Folie,Tanger,4,44,21,48,15925
2007,2,Hotel & Spa La Folie,Tanger,4,44,18,48,13271
2007,3,Hotel & Spa La Folie,Tanger,4,44,30,48,18579
2007,4,Hotel & Spa La Folie,Tanger,4,44,38,48,21234
2007,5,Hotel & Spa La Folie,Tanger,4,44,36,48,21234
2007,6,Hotel & Spa La Folie,Tanger,4,44,34,48,18579
2007,7,Hotel & Spa La Folie,Tanger,4,44,51,48,31850
2007,8,Hotel & Spa La Folie,Tanger,4,44,59,48,37159
2007,9,Hotel & Spa La Folie,Tanger,4,44,42,48,26542
2007,10,Hotel & Spa La Folie,Tanger,4,44,38,48,23888
2007,11,Hotel & Spa La Folie,Tanger,4,44,29,48,18579
2007,12,Hotel & Spa La Folie,Tanger,4,44,33,48,18579
2007,1,Riad Laaroussa,Fès,5,28,20,80,14437
2007,2,Riad Laaroussa,Fès,5,28,18,80,12031
2007,3,Riad Laaroussa,Fès,5,28,27,80,16843
2007,4,Riad Laaroussa,Fès,5,28,28,80,19249
2007,5,Riad Laaroussa,Fès,5,28,34,80,19249
2007,6,Riad Laaroussa,Fès,5,28,29,80,16843
2007,7,Riad Laaroussa,Fès,5,28,51,80,28874
2007,8,Riad Laaroussa,Fès,5,28,61,80,33687
2007,9,Riad Laaroussa,Fès,5,28,35,80,24062
2007,10,Riad Laaroussa,Fès,5,28,30,80,21656
2007,11,Riad Laaroussa,Fès,5,28,27,80,16843
2007,12,Riad Laaroussa,Fès,5,28,24,80,16843
2007,1,Palais Amani,Fès,5,21,31,109,20337
2007,2,Palais Amani,Fès,5,21,21,109,16947
2007,3,Palais Amani,Fès,5,21,31,109,23726
2007,4,Palais Amani,Fès,5,21,35,109,27116
2007,5,Palais Amani,Fès,5,21,37,109,27116
2007,6,Palais Amani,Fès,5,21,30,109,23726
2007,7,Palais Amani,Fès,5,21,52,109,40674
2007,8,Palais Amani,Fès,5,21,72,109,47453
2007,9,Palais Amani,Fès,5,21,47,109,33895
2007,10,Palais Amani,Fès,5,21,47,109,30505
2007,11,Palais Amani,Fès,5,21,31,109,23726
2007,12,Palais Amani,Fès,5,21,29,109,23726
2007,1,Sofitel Palais Jamai,Fès,5,136,27,65,74950
2007,2,Sofitel Palais Jamai,Fès,5,136,19,65,62458
2007,3,Sofitel Palais Jamai,Fès,5,136,34,65,87442
2007,4,Sofitel Palais Jamai,Fès,5,136,34,65,99933
2007,5,Sofitel Palais Jamai,Fès,5,136,36,65,99933
2007,6,Sofitel Palais Jamai,Fès,5,136,29,65,87442
2007,7,Sofitel Palais Jamai,Fès,5,136,51,65,149900
2007,8,Sofitel Palais Jamai,Fès,5,136,69,65,174883
2007,9,Sofitel Palais Jamai,Fès,5,136,50,65,124917
2007,10,Sofitel Palais Jamai,Fès,5,136,39,65,112425
2007,11,Sofitel Palais Jamai,Fès,5,136,29,65,87442
2007,12,Sofitel Palais Jamai,Fès,5,136,31,65,87442
2007,1,Riad Fès,Fès,5,32,29,78,22692
2007,2,Riad Fès,Fès,5,32,23,78,18910
2007,3,Riad Fès,Fès,5,32,33,78,26473
2007,4,Riad Fès,Fès,5,32,39,78,30255
2007,5,Riad Fès,Fès,5,32,36,78,30255
2007,6,Riad Fès,Fès,5,32,35,78,26473
2007,7,Riad Fès,Fès,5,32,54,78,45383
2007,8,Riad Fès,Fès,5,32,56,78,52947
2007,9,Riad Fès,Fès,5,32,54,78,37819
2007,10,Riad Fès,Fès,5,32,44,78,34037
2007,11,Riad Fès,Fès,5,32,29,78,26473
2007,12,Riad Fès,Fès,5,32,37,78,26473
2007,1,Sofitel Agadir Royal Bay,Agadir,5,174,26,60,83680
2007,2,Sofitel Agadir Royal Bay,Agadir,5,174,24,60,69733
2007,3,Sofitel Agadir Royal Bay,Agadir,5,174,27,60,97626
2007,4,Sofitel Agadir Royal Bay,Agadir,5,174,39,60,111573
2007,5,Sofitel Agadir Royal Bay,Agadir,5,174,33,60,111573
2007,6,Sofitel Agadir Royal Bay,Agadir,5,174,32,60,97626
2007,7,Sofitel Agadir Royal Bay,Agadir,5,174,57,60,167359
2007,8,Sofitel Agadir Royal Bay,Agadir,5,174,59,60,195252
2007,9,Sofitel Agadir Royal Bay,Agadir,5,174,39,60,139466
2007,10,Sofitel Agadir Royal Bay,Agadir,5,174,43,60,125519
2007,11,Sofitel Agadir Royal Bay,Agadir,5,174,33,60,97626
2007,12,Sofitel Agadir Royal Bay,Agadir,5,174,28,60,97626
2007,1,Riu Palace Tikida,Agadir,5,524,25,48,212032
2007,2,Riu Palace Tikida,Agadir,5,524,23,48,176694
2007,3,Riu Palace Tikida,Agadir,5,524,32,48,247371
2007,4,Riu Palace Tikida,Agadir,5,524,32,48,282710
2007,5,Riu Palace Tikida,Agadir,5,524,36,48,282710
2007,6,Riu Palace Tikida,Agadir,5,524,32,48,247371
2007,7,Riu Palace Tikida,Agadir,5,524,58,48,424065
2007,8,Riu Palace Tikida,Agadir,5,524,71,48,494742
2007,9,Riu Palace Tikida,Agadir,5,524,49,48,353387
2007,10,Riu Palace Tikida,Agadir,5,524,41,48,318049
2007,11,Riu Palace Tikida,Agadir,5,524,27,48,247371
2007,12,Riu Palace Tikida,Agadir,5,524,34,48,247371
2007,1,Iberostar Founty,Agadir,5,380,26,35,83115
2007,2,Iberostar Founty,Agadir,5,380,16,35,69263
2007,3,Iberostar Founty,Agadir,5,380,29,35,96968
2007,4,Iberostar Founty,Agadir,5,380,35,35,110820
2007,5,Iberostar Founty,Agadir,5,380,29,35,110820
2007,6,Iberostar Founty,Agadir,5,380,27,35,96968
2007,7,Iberostar Founty,Agadir,5,380,40,35,166230
2007,8,Iberostar Founty,Agadir,5,380,47,35,193935
2007,9,Iberostar Founty,Agadir,5,380,38,35,138525
2007,10,Iberostar Founty,Agadir,5,380,34,35,124673
2007,11,Iberostar Founty,Agadir,5,380,30,35,96968
2007,12,Iberostar Founty,Agadir,5,380,29,35,96968
2007,1,Kasbah Tamadot,Asni,5,28,24,199,36963
2007,2,Kasbah Tamadot,Asni,5,28,22,199,30802
2007,3,Kasbah Tamadot,Asni,5,28,24,199,43123
2007,4,Kasbah Tamadot,Asni,5,28,28,199,49284
2007,5,Kasbah Tamadot,Asni,5,28,30,199,49284
2007,6,Kasbah Tamadot,Asni,5,28,24,199,43123
2007,7,Kasbah Tamadot,Asni,5,28,53,199,73926
2007,8,Kasbah Tamadot,Asni,5,28,52,199,86247
2007,9,Kasbah Tamadot,Asni,5,28,44,199,61605
2007,10,Kasbah Tamadot,Asni,5,28,37,199,55444
2007,11,Kasbah Tamadot,Asni,5,28,31,199,43123
2007,12,Kasbah Tamadot,Asni,5,28,27,199,43123
2007,1,Scarabeo Camp,Agafay,4,14,20,160,13529
2007,2,Scarabeo Camp,Agafay,4,14,17,160,11274
2007,3,Scarabeo Camp,Agafay,4,14,24,160,15783
2007,4,Scarabeo Camp,Agafay,4,14,30,160,18038
2007,5,Scarabeo Camp,Agafay,4,14,26,160,18038
2007,6,Scarabeo Camp,Agafay,4,14,30,160,15783
2007,7,Scarabeo Camp,Agafay,4,14,50,160,27057
2007,8,Scarabeo Camp,Agafay,4,14,45,160,31567
2007,9,Scarabeo Camp,Agafay,4,14,39,160,22548
2007,10,Scarabeo Camp,Agafay,4,14,30,160,20293
2007,11,Scarabeo Camp,Agafay,4,14,26,160,15783
2007,12,Scarabeo Camp,Agafay,4,14,29,160,15783
2007,1,Kam Kam Dunes,Merzouga,3,20,23,89,12547
2007,2,Kam Kam Dunes,Merzouga,3,20,23,89,10456
2007,3,Kam Kam Dunes,Merzouga,3,20,32,89,14638
2007,4,Kam Kam Dunes,Merzouga,3,20,29,89,16729
2007,5,Kam Kam Dunes,Merzouga,3,20,31,89,16729
2007,6,Kam Kam Dunes,Merzouga,3,20,31,89,14638
2007,7,Kam Kam Dunes,Merzouga,3,20,44,89,25094
2007,8,Kam Kam Dunes,Merzouga,3,20,66,89,29276
2007,9,Kam Kam Dunes,Merzouga,3,20,41,89,20912
2007,10,Kam Kam Dunes,Merzouga,3,20,39,89,18820
2007,11,Kam Kam Dunes,Merzouga,3,20,32,89,14638
2007,12,Kam Kam Dunes,Merzouga,3,20,30,89,14638
2007,1,Riad Kniza,Marrakech,5,11,29,220,22512
2007,2,Riad Kniza,Marrakech,5,11,22,220,18760
2007,3,Riad Kniza,Marrakech,5,11,30,220,26264
2007,4,Riad Kniza,Marrakech,5,11,33,220,30016
2007,5,Riad Kniza,Marrakech,5,11,34,220,30016
2007,6,Riad Kniza,Marrakech,5,11,36,220,26264
2007,7,Riad Kniza,Marrakech,5,11,50,220,45024
2007,8,Riad Kniza,Marrakech,5,11,65,220,52528
2007,9,Riad Kniza,Marrakech,5,11,53,220,37520
2007,10,Riad Kniza,Marrakech,5,11,41,220,33768
2007,11,Riad Kniza,Marrakech,5,11,29,220,26264
2007,12,Riad Kniza,Marrakech,5,11,29,220,26264
2007,1,Dar Ahlam,Skoura,5,14,25,264,32478
2007,2,Dar Ahlam,Skoura,5,14,24,264,27065
2007,3,Dar Ahlam,Skoura,5,14,28,264,37891
2007,4,Dar Ahlam,Skoura,5,14,31,264,43304
2007,5,Dar Ahlam,Skoura,5,14,37,264,43304
2007,6,Dar Ahlam,Skoura,5,14,31,264,37891
2007,7,Dar Ahlam,Skoura,5,14,62,264,64956
2007,8,Dar Ahlam,Skoura,5,14,71,264,75782
2007,9,Dar Ahlam,Skoura,5,14,42,264,54130
2007,10,Dar Ahlam,Skoura,5,14,39,264,48717
2007,11,Dar Ahlam,Skoura,5,14,36,264,37891
2007,12,Dar Ahlam,Skoura,5,14,35,264,37891
2008,1,La Mamounia,Marrakech,5,209,30,169,270856
2008,2,La Mamounia,Marrakech,5,209,22,169,225713
2008,3,La Mamounia,Marrakech,5,209,32,169,315998
2008,4,La Mamounia,Marrakech,5,209,35,169,361141
2008,5,La Mamounia,Marrakech,5,209,33,169,361141
2008,6,La Mamounia,Marrakech,5,209,28,169,315998
2008,7,La Mamounia,Marrakech,5,209,47,169,541711
2008,8,La Mamounia,Marrakech,5,209,65,169,631996
2008,9,La Mamounia,Marrakech,5,209,44,169,451426
2008,10,La Mamounia,Marrakech,5,209,40,169,406283
2008,11,La Mamounia,Marrakech,5,209,31,169,315998
2008,12,La Mamounia,Marrakech,5,209,27,169,315998
2008,1,Royal Mansour,Marrakech,5,53,25,245,108346
2008,2,Royal Mansour,Marrakech,5,53,20,245,90288
2008,3,Royal Mansour,Marrakech,5,53,35,245,126404
2008,4,Royal Mansour,Marrakech,5,53,33,245,144462
2008,5,Royal Mansour,Marrakech,5,53,38,245,144462
2008,6,Royal Mansour,Marrakech,5,53,33,245,126404
2008,7,Royal Mansour,Marrakech,5,53,48,245,216692
2008,8,Royal Mansour,Marrakech,5,53,69,245,252808
2008,9,Royal Mansour,Marrakech,5,53,41,245,180577
2008,10,Royal Mansour,Marrakech,5,53,44,245,162519
2008,11,Royal Mansour,Marrakech,5,53,31,245,126404
2008,12,Royal Mansour,Marrakech,5,53,34,245,126404
2008,1,Four Seasons Resort,Marrakech,5,139,30,166,225730
2008,2,Four Seasons Resort,Marrakech,5,139,22,166,188108
2008,3,Four Seasons Resort,Marrakech,5,139,38,166,263351
2008,4,Four Seasons Resort,Marrakech,5,139,41,166,300973
2008,5,Four Seasons Resort,Marrakech,5,139,42,166,300973
2008,6,Four Seasons Resort,Marrakech,5,139,37,166,263351
2008,7,Four Seasons Resort,Marrakech,5,139,66,166,451459
2008,8,Four Seasons Resort,Marrakech,5,139,75,166,526703
2008,9,Four Seasons Resort,Marrakech,5,139,50,166,376216
2008,10,Four Seasons Resort,Marrakech,5,139,41,166,338594
2008,11,Four Seasons Resort,Marrakech,5,139,34,166,263351
2008,12,Four Seasons Resort,Marrakech,5,139,30,166,263351
2008,1,Amanjena,Marrakech,5,32,23,183,37344
2008,2,Amanjena,Marrakech,5,32,18,183,31120
2008,3,Amanjena,Marrakech,5,32,31,183,43568
2008,4,Amanjena,Marrakech,5,32,31,183,49792
2008,5,Amanjena,Marrakech,5,32,29,183,49792
2008,6,Amanjena,Marrakech,5,32,29,183,43568
2008,7,Amanjena,Marrakech,5,32,49,183,74689
2008,8,Amanjena,Marrakech,5,32,56,183,87137
2008,9,Amanjena,Marrakech,5,32,44,183,62240
2008,10,Amanjena,Marrakech,5,32,38,183,56016
2008,11,Amanjena,Marrakech,5,32,31,183,43568
2008,12,Amanjena,Marrakech,5,32,30,183,43568
2008,1,Sofitel Marrakech,Marrakech,5,303,31,119,318943
2008,2,Sofitel Marrakech,Marrakech,5,303,21,119,265786
2008,3,Sofitel Marrakech,Marrakech,5,303,36,119,372100
2008,4,Sofitel Marrakech,Marrakech,5,303,38,119,425257
2008,5,Sofitel Marrakech,Marrakech,5,303,32,119,425257
2008,6,Sofitel Marrakech,Marrakech,5,303,37,119,372100
2008,7,Sofitel Marrakech,Marrakech,5,303,62,119,637886
2008,8,Sofitel Marrakech,Marrakech,5,303,67,119,744200
2008,9,Sofitel Marrakech,Marrakech,5,303,49,119,531572
2008,10,Sofitel Marrakech,Marrakech,5,303,38,119,478415
2008,11,Sofitel Marrakech,Marrakech,5,303,30,119,372100
2008,12,Sofitel Marrakech,Marrakech,5,303,33,119,372100
2008,1,Riad Yasmine,Marrakech,4,7,30,50,3507
2008,2,Riad Yasmine,Marrakech,4,7,26,50,2922
2008,3,Riad Yasmine,Marrakech,4,7,38,50,4091
2008,4,Riad Yasmine,Marrakech,4,7,35,50,4676
2008,5,Riad Yasmine,Marrakech,4,7,38,50,4676
2008,6,Riad Yasmine,Marrakech,4,7,31,50,4091
2008,7,Riad Yasmine,Marrakech,4,7,64,50,7014
2008,8,Riad Yasmine,Marrakech,4,7,63,50,8183
2008,9,Riad Yasmine,Marrakech,4,7,52,50,5845
2008,10,Riad Yasmine,Marrakech,4,7,40,50,5260
2008,11,Riad Yasmine,Marrakech,4,7,35,50,4091
2008,12,Riad Yasmine,Marrakech,4,7,35,50,4091
2008,1,Kenzi Tower Hotel,Casablanca,5,240,29,97,168128
2008,2,Kenzi Tower Hotel,Casablanca,5,240,20,97,140106
2008,3,Kenzi Tower Hotel,Casablanca,5,240,33,97,196149
2008,4,Kenzi Tower Hotel,Casablanca,5,240,31,97,224170
2008,5,Kenzi Tower Hotel,Casablanca,5,240,30,97,224170
2008,6,Kenzi Tower Hotel,Casablanca,5,240,32,97,196149
2008,7,Kenzi Tower Hotel,Casablanca,5,240,54,97,336255
2008,8,Kenzi Tower Hotel,Casablanca,5,240,63,97,392298
2008,9,Kenzi Tower Hotel,Casablanca,5,240,40,97,280213
2008,10,Kenzi Tower Hotel,Casablanca,5,240,35,97,252191
2008,11,Kenzi Tower Hotel,Casablanca,5,240,32,97,196149
2008,12,Kenzi Tower Hotel,Casablanca,5,240,33,97,196149
2008,1,Four Seasons Casablanca,Casablanca,5,186,28,130,164767
2008,2,Four Seasons Casablanca,Casablanca,5,186,21,130,137306
2008,3,Four Seasons Casablanca,Casablanca,5,186,30,130,192228
2008,4,Four Seasons Casablanca,Casablanca,5,186,31,130,219690
2008,5,Four Seasons Casablanca,Casablanca,5,186,30,130,219690
2008,6,Four Seasons Casablanca,Casablanca,5,186,27,130,192228
2008,7,Four Seasons Casablanca,Casablanca,5,186,47,130,329534
2008,8,Four Seasons Casablanca,Casablanca,5,186,61,130,384457
2008,9,Four Seasons Casablanca,Casablanca,5,186,37,130,274612
2008,10,Four Seasons Casablanca,Casablanca,5,186,40,130,247151
2008,11,Four Seasons Casablanca,Casablanca,5,186,25,130,192228
2008,12,Four Seasons Casablanca,Casablanca,5,186,27,130,192228
2008,1,Hyatt Regency,Casablanca,5,252,26,102,241787
2008,2,Hyatt Regency,Casablanca,5,252,21,102,201489
2008,3,Hyatt Regency,Casablanca,5,252,38,102,282085
2008,4,Hyatt Regency,Casablanca,5,252,40,102,322382
2008,5,Hyatt Regency,Casablanca,5,252,37,102,322382
2008,6,Hyatt Regency,Casablanca,5,252,30,102,282085
2008,7,Hyatt Regency,Casablanca,5,252,54,102,483574
2008,8,Hyatt Regency,Casablanca,5,252,73,102,564169
2008,9,Hyatt Regency,Casablanca,5,252,47,102,402978
2008,10,Hyatt Regency,Casablanca,5,252,37,102,362680
2008,11,Hyatt Regency,Casablanca,5,252,31,102,282085
2008,12,Hyatt Regency,Casablanca,5,252,32,102,282085
2008,1,Sofitel Casablanca,Casablanca,5,141,32,84,111482
2008,2,Sofitel Casablanca,Casablanca,5,141,22,84,92902
2008,3,Sofitel Casablanca,Casablanca,5,141,29,84,130062
2008,4,Sofitel Casablanca,Casablanca,5,141,40,84,148643
2008,5,Sofitel Casablanca,Casablanca,5,141,35,84,148643
2008,6,Sofitel Casablanca,Casablanca,5,141,32,84,130062
2008,7,Sofitel Casablanca,Casablanca,5,141,62,84,222964
2008,8,Sofitel Casablanca,Casablanca,5,141,64,84,260125
2008,9,Sofitel Casablanca,Casablanca,5,141,44,84,185803
2008,10,Sofitel Casablanca,Casablanca,5,141,43,84,167223
2008,11,Sofitel Casablanca,Casablanca,5,141,30,84,130062
2008,12,Sofitel Casablanca,Casablanca,5,141,32,84,130062
2008,1,Hilton Tanger City Center,Tanger,5,200,20,73,87493
2008,2,Hilton Tanger City Center,Tanger,5,200,17,73,72911
2008,3,Hilton Tanger City Center,Tanger,5,200,30,73,102075
2008,4,Hilton Tanger City Center,Tanger,5,200,32,73,116657
2008,5,Hilton Tanger City Center,Tanger,5,200,33,73,116657
2008,6,Hilton Tanger City Center,Tanger,5,200,30,73,102075
2008,7,Hilton Tanger City Center,Tanger,5,200,40,73,174986
2008,8,Hilton Tanger City Center,Tanger,5,200,50,73,204150
2008,9,Hilton Tanger City Center,Tanger,5,200,33,73,145821
2008,10,Hilton Tanger City Center,Tanger,5,200,38,73,131239
2008,11,Hilton Tanger City Center,Tanger,5,200,26,73,102075
2008,12,Hilton Tanger City Center,Tanger,5,200,27,73,102075
2008,1,Sofitel Tanger Bay,Tanger,5,103,24,67,51506
2008,2,Sofitel Tanger Bay,Tanger,5,103,20,67,42922
2008,3,Sofitel Tanger Bay,Tanger,5,103,28,67,60091
2008,4,Sofitel Tanger Bay,Tanger,5,103,33,67,68675
2008,5,Sofitel Tanger Bay,Tanger,5,103,32,67,68675
2008,6,Sofitel Tanger Bay,Tanger,5,103,29,67,60091
2008,7,Sofitel Tanger Bay,Tanger,5,103,59,67,103012
2008,8,Sofitel Tanger Bay,Tanger,5,103,65,67,120181
2008,9,Sofitel Tanger Bay,Tanger,5,103,46,67,85844
2008,10,Sofitel Tanger Bay,Tanger,5,103,38,67,77259
2008,11,Sofitel Tanger Bay,Tanger,5,103,26,67,60091
2008,12,Sofitel Tanger Bay,Tanger,5,103,31,67,60091
2008,1,Hotel & Spa La Folie,Tanger,4,44,24,45,12676
2008,2,Hotel & Spa La Folie,Tanger,4,44,18,45,10563
2008,3,Hotel & Spa La Folie,Tanger,4,44,26,45,14788
2008,4,Hotel & Spa La Folie,Tanger,4,44,35,45,16901
2008,5,Hotel & Spa La Folie,Tanger,4,44,33,45,16901
2008,6,Hotel & Spa La Folie,Tanger,4,44,25,45,14788
2008,7,Hotel & Spa La Folie,Tanger,4,44,53,45,25352
2008,8,Hotel & Spa La Folie,Tanger,4,44,59,45,29577
2008,9,Hotel & Spa La Folie,Tanger,4,44,42,45,21126
2008,10,Hotel & Spa La Folie,Tanger,4,44,34,45,19014
2008,11,Hotel & Spa La Folie,Tanger,4,44,28,45,14788
2008,12,Hotel & Spa La Folie,Tanger,4,44,28,45,14788
2008,1,Riad Laaroussa,Fès,5,28,24,89,18899
2008,2,Riad Laaroussa,Fès,5,28,21,89,15749
2008,3,Riad Laaroussa,Fès,5,28,34,89,22049
2008,4,Riad Laaroussa,Fès,5,28,37,89,25199
2008,5,Riad Laaroussa,Fès,5,28,38,89,25199
2008,6,Riad Laaroussa,Fès,5,28,28,89,22049
2008,7,Riad Laaroussa,Fès,5,28,46,89,37799
2008,8,Riad Laaroussa,Fès,5,28,57,89,44099
2008,9,Riad Laaroussa,Fès,5,28,46,89,31499
2008,10,Riad Laaroussa,Fès,5,28,37,89,28349
2008,11,Riad Laaroussa,Fès,5,28,29,89,22049
2008,12,Riad Laaroussa,Fès,5,28,34,89,22049
2008,1,Palais Amani,Fès,5,21,23,100,15188
2008,2,Palais Amani,Fès,5,21,18,100,12657
2008,3,Palais Amani,Fès,5,21,25,100,17719
2008,4,Palais Amani,Fès,5,21,33,100,20251
2008,5,Palais Amani,Fès,5,21,35,100,20251
2008,6,Palais Amani,Fès,5,21,28,100,17719
2008,7,Palais Amani,Fès,5,21,52,100,30376
2008,8,Palais Amani,Fès,5,21,67,100,35439
2008,9,Palais Amani,Fès,5,21,47,100,25313
2008,10,Palais Amani,Fès,5,21,42,100,22782
2008,11,Palais Amani,Fès,5,21,27,100,17719
2008,12,Palais Amani,Fès,5,21,28,100,17719
2008,1,Sofitel Palais Jamai,Fès,5,136,23,64,70126
2008,2,Sofitel Palais Jamai,Fès,5,136,21,64,58438
2008,3,Sofitel Palais Jamai,Fès,5,136,30,64,81813
2008,4,Sofitel Palais Jamai,Fès,5,136,38,64,93501
2008,5,Sofitel Palais Jamai,Fès,5,136,32,64,93501
2008,6,Sofitel Palais Jamai,Fès,5,136,32,64,81813
2008,7,Sofitel Palais Jamai,Fès,5,136,51,64,140251
2008,8,Sofitel Palais Jamai,Fès,5,136,71,64,163626
2008,9,Sofitel Palais Jamai,Fès,5,136,39,64,116876
2008,10,Sofitel Palais Jamai,Fès,5,136,36,64,105188
2008,11,Sofitel Palais Jamai,Fès,5,136,35,64,81813
2008,12,Sofitel Palais Jamai,Fès,5,136,34,64,81813
2008,1,Riad Fès,Fès,5,32,24,75,19243
2008,2,Riad Fès,Fès,5,32,24,75,16036
2008,3,Riad Fès,Fès,5,32,29,75,22450
2008,4,Riad Fès,Fès,5,32,37,75,25657
2008,5,Riad Fès,Fès,5,32,41,75,25657
2008,6,Riad Fès,Fès,5,32,29,75,22450
2008,7,Riad Fès,Fès,5,32,60,75,38486
2008,8,Riad Fès,Fès,5,32,54,75,44900
2008,9,Riad Fès,Fès,5,32,38,75,32071
2008,10,Riad Fès,Fès,5,32,42,75,28864
2008,11,Riad Fès,Fès,5,32,34,75,22450
2008,12,Riad Fès,Fès,5,32,28,75,22450
2008,1,Sofitel Agadir Royal Bay,Agadir,5,174,30,62,86464
2008,2,Sofitel Agadir Royal Bay,Agadir,5,174,24,62,72053
2008,3,Sofitel Agadir Royal Bay,Agadir,5,174,29,62,100875
2008,4,Sofitel Agadir Royal Bay,Agadir,5,174,39,62,115285
2008,5,Sofitel Agadir Royal Bay,Agadir,5,174,36,62,115285
2008,6,Sofitel Agadir Royal Bay,Agadir,5,174,30,62,100875
2008,7,Sofitel Agadir Royal Bay,Agadir,5,174,55,62,172928
2008,8,Sofitel Agadir Royal Bay,Agadir,5,174,63,62,201749
2008,9,Sofitel Agadir Royal Bay,Agadir,5,174,50,62,144107
2008,10,Sofitel Agadir Royal Bay,Agadir,5,174,37,62,129696
2008,11,Sofitel Agadir Royal Bay,Agadir,5,174,32,62,100875
2008,12,Sofitel Agadir Royal Bay,Agadir,5,174,28,62,100875
2008,1,Riu Palace Tikida,Agadir,5,524,23,44,155994
2008,2,Riu Palace Tikida,Agadir,5,524,22,44,129995
2008,3,Riu Palace Tikida,Agadir,5,524,25,44,181993
2008,4,Riu Palace Tikida,Agadir,5,524,36,44,207992
2008,5,Riu Palace Tikida,Agadir,5,524,28,44,207992
2008,6,Riu Palace Tikida,Agadir,5,524,25,44,181993
2008,7,Riu Palace Tikida,Agadir,5,524,49,44,311987
2008,8,Riu Palace Tikida,Agadir,5,524,58,44,363985
2008,9,Riu Palace Tikida,Agadir,5,524,40,44,259989
2008,10,Riu Palace Tikida,Agadir,5,524,35,44,233990
2008,11,Riu Palace Tikida,Agadir,5,524,28,44,181993
2008,12,Riu Palace Tikida,Agadir,5,524,31,44,181993
2008,1,Iberostar Founty,Agadir,5,380,24,41,125149
2008,2,Iberostar Founty,Agadir,5,380,20,41,104291
2008,3,Iberostar Founty,Agadir,5,380,30,41,146007
2008,4,Iberostar Founty,Agadir,5,380,37,41,166865
2008,5,Iberostar Founty,Agadir,5,380,38,41,166865
2008,6,Iberostar Founty,Agadir,5,380,30,41,146007
2008,7,Iberostar Founty,Agadir,5,380,45,41,250298
2008,8,Iberostar Founty,Agadir,5,380,60,41,292014
2008,9,Iberostar Founty,Agadir,5,380,48,41,208581
2008,10,Iberostar Founty,Agadir,5,380,34,41,187723
2008,11,Iberostar Founty,Agadir,5,380,32,41,146007
2008,12,Iberostar Founty,Agadir,5,380,27,41,146007
2008,1,Kasbah Tamadot,Asni,5,28,29,243,63287
2008,2,Kasbah Tamadot,Asni,5,28,26,243,52739
2008,3,Kasbah Tamadot,Asni,5,28,33,243,73835
2008,4,Kasbah Tamadot,Asni,5,28,44,243,84383
2008,5,Kasbah Tamadot,Asni,5,28,36,243,84383
2008,6,Kasbah Tamadot,Asni,5,28,30,243,73835
2008,7,Kasbah Tamadot,Asni,5,28,52,243,126574
2008,8,Kasbah Tamadot,Asni,5,28,60,243,147670
2008,9,Kasbah Tamadot,Asni,5,28,47,243,105479
2008,10,Kasbah Tamadot,Asni,5,28,48,243,94931
2008,11,Kasbah Tamadot,Asni,5,28,37,243,73835
2008,12,Kasbah Tamadot,Asni,5,28,33,243,73835
2008,1,Scarabeo Camp,Agafay,4,14,23,177,17728
2008,2,Scarabeo Camp,Agafay,4,14,19,177,14773
2008,3,Scarabeo Camp,Agafay,4,14,29,177,20682
2008,4,Scarabeo Camp,Agafay,4,14,30,177,23637
2008,5,Scarabeo Camp,Agafay,4,14,38,177,23637
2008,6,Scarabeo Camp,Agafay,4,14,25,177,20682
2008,7,Scarabeo Camp,Agafay,4,14,56,177,35455
2008,8,Scarabeo Camp,Agafay,4,14,53,177,41364
2008,9,Scarabeo Camp,Agafay,4,14,47,177,29546
2008,10,Scarabeo Camp,Agafay,4,14,43,177,26591
2008,11,Scarabeo Camp,Agafay,4,14,32,177,20682
2008,12,Scarabeo Camp,Agafay,4,14,29,177,20682
2008,1,Kam Kam Dunes,Merzouga,3,20,23,85,10270
2008,2,Kam Kam Dunes,Merzouga,3,20,19,85,8559
2008,3,Kam Kam Dunes,Merzouga,3,20,28,85,11982
2008,4,Kam Kam Dunes,Merzouga,3,20,30,85,13694
2008,5,Kam Kam Dunes,Merzouga,3,20,28,85,13694
2008,6,Kam Kam Dunes,Merzouga,3,20,28,85,11982
2008,7,Kam Kam Dunes,Merzouga,3,20,42,85,20541
2008,8,Kam Kam Dunes,Merzouga,3,20,54,85,23964
2008,9,Kam Kam Dunes,Merzouga,3,20,42,85,17117
2008,10,Kam Kam Dunes,Merzouga,3,20,33,85,15406
2008,11,Kam Kam Dunes,Merzouga,3,20,31,85,11982
2008,12,Kam Kam Dunes,Merzouga,3,20,25,85,11982
2008,1,Riad Kniza,Marrakech,5,11,25,188,13236
2008,2,Riad Kniza,Marrakech,5,11,18,188,11030
2008,3,Riad Kniza,Marrakech,5,11,26,188,15442
2008,4,Riad Kniza,Marrakech,5,11,33,188,17648
2008,5,Riad Kniza,Marrakech,5,11,29,188,17648
2008,6,Riad Kniza,Marrakech,5,11,30,188,15442
2008,7,Riad Kniza,Marrakech,5,11,44,188,26472
2008,8,Riad Kniza,Marrakech,5,11,47,188,30884
2008,9,Riad Kniza,Marrakech,5,11,41,188,22060
2008,10,Riad Kniza,Marrakech,5,11,40,188,19854
2008,11,Riad Kniza,Marrakech,5,11,28,188,15442
2008,12,Riad Kniza,Marrakech,5,11,28,188,15442
2008,1,Dar Ahlam,Skoura,5,14,31,276,35671
2008,2,Dar Ahlam,Skoura,5,14,22,276,29726
2008,3,Dar Ahlam,Skoura,5,14,29,276,41617
2008,4,Dar Ahlam,Skoura,5,14,41,276,47562
2008,5,Dar Ahlam,Skoura,5,14,43,276,47562
2008,6,Dar Ahlam,Skoura,5,14,33,276,41617
2008,7,Dar Ahlam,Skoura,5,14,50,276,71343
2008,8,Dar Ahlam,Skoura,5,14,75,276,83233
2008,9,Dar Ahlam,Skoura,5,14,44,276,59452
2008,10,Dar Ahlam,Skoura,5,14,49,276,53507
2008,11,Dar Ahlam,Skoura,5,14,33,276,41617
2008,12,Dar Ahlam,Skoura,5,14,30,276,41617
2009,1,La Mamounia,Marrakech,5,209,26,178,305536
2009,2,La Mamounia,Marrakech,5,209,20,178,254613
2009,3,La Mamounia,Marrakech,5,209,29,178,356458
2009,4,La Mamounia,Marrakech,5,209,32,178,407381
2009,5,La Mamounia,Marrakech,5,209,41,178,407381
2009,6,La Mamounia,Marrakech,5,209,30,178,356458
2009,7,La Mamounia,Marrakech,5,209,61,178,611072
2009,8,La Mamounia,Marrakech,5,209,72,178,712917
2009,9,La Mamounia,Marrakech,5,209,52,178,509226
2009,10,La Mamounia,Marrakech,5,209,38,178,458304
2009,11,La Mamounia,Marrakech,5,209,30,178,356458
2009,12,La Mamounia,Marrakech,5,209,31,178,356458
2009,1,Royal Mansour,Marrakech,5,53,34,279,152321
2009,2,Royal Mansour,Marrakech,5,53,23,279,126934
2009,3,Royal Mansour,Marrakech,5,53,32,279,177708
2009,4,Royal Mansour,Marrakech,5,53,43,279,203095
2009,5,Royal Mansour,Marrakech,5,53,41,279,203095
2009,6,Royal Mansour,Marrakech,5,53,34,279,177708
2009,7,Royal Mansour,Marrakech,5,53,69,279,304643
2009,8,Royal Mansour,Marrakech,5,53,70,279,355416
2009,9,Royal Mansour,Marrakech,5,53,45,279,253869
2009,10,Royal Mansour,Marrakech,5,53,41,279,228482
2009,11,Royal Mansour,Marrakech,5,53,38,279,177708
2009,12,Royal Mansour,Marrakech,5,53,36,279,177708
2009,1,Four Seasons Resort,Marrakech,5,139,27,153,169737
2009,2,Four Seasons Resort,Marrakech,5,139,23,153,141447
2009,3,Four Seasons Resort,Marrakech,5,139,36,153,198026
2009,4,Four Seasons Resort,Marrakech,5,139,40,153,226316
2009,5,Four Seasons Resort,Marrakech,5,139,32,153,226316
2009,6,Four Seasons Resort,Marrakech,5,139,31,153,198026
2009,7,Four Seasons Resort,Marrakech,5,139,55,153,339474
2009,8,Four Seasons Resort,Marrakech,5,139,65,153,396053
2009,9,Four Seasons Resort,Marrakech,5,139,44,153,282895
2009,10,Four Seasons Resort,Marrakech,5,139,42,153,254605
2009,11,Four Seasons Resort,Marrakech,5,139,32,153,198026
2009,12,Four Seasons Resort,Marrakech,5,139,31,153,198026
2009,1,Amanjena,Marrakech,5,32,24,194,42807
2009,2,Amanjena,Marrakech,5,32,23,194,35672
2009,3,Amanjena,Marrakech,5,32,32,194,49941
2009,4,Amanjena,Marrakech,5,32,31,194,57075
2009,5,Amanjena,Marrakech,5,32,34,194,57075
2009,6,Amanjena,Marrakech,5,32,26,194,49941
2009,7,Amanjena,Marrakech,5,32,46,194,85613
2009,8,Amanjena,Marrakech,5,32,60,194,99882
2009,9,Amanjena,Marrakech,5,32,42,194,71344
2009,10,Amanjena,Marrakech,5,32,41,194,64210
2009,11,Amanjena,Marrakech,5,32,27,194,49941
2009,12,Amanjena,Marrakech,5,32,33,194,49941
2009,1,Sofitel Marrakech,Marrakech,5,303,33,130,404641
2009,2,Sofitel Marrakech,Marrakech,5,303,26,130,337201
2009,3,Sofitel Marrakech,Marrakech,5,303,35,130,472081
2009,4,Sofitel Marrakech,Marrakech,5,303,39,130,539522
2009,5,Sofitel Marrakech,Marrakech,5,303,46,130,539522
2009,6,Sofitel Marrakech,Marrakech,5,303,36,130,472081
2009,7,Sofitel Marrakech,Marrakech,5,303,64,130,809282
2009,8,Sofitel Marrakech,Marrakech,5,303,65,130,944163
2009,9,Sofitel Marrakech,Marrakech,5,303,57,130,674402
2009,10,Sofitel Marrakech,Marrakech,5,303,45,130,606962
2009,11,Sofitel Marrakech,Marrakech,5,303,37,130,472081
2009,12,Sofitel Marrakech,Marrakech,5,303,33,130,472081
2009,1,Riad Yasmine,Marrakech,4,7,28,43,2042
2009,2,Riad Yasmine,Marrakech,4,7,20,43,1702
2009,3,Riad Yasmine,Marrakech,4,7,25,43,2382
2009,4,Riad Yasmine,Marrakech,4,7,38,43,2723
2009,5,Riad Yasmine,Marrakech,4,7,37,43,2723
2009,6,Riad Yasmine,Marrakech,4,7,31,43,2382
2009,7,Riad Yasmine,Marrakech,4,7,48,43,4084
2009,8,Riad Yasmine,Marrakech,4,7,63,43,4765
2009,9,Riad Yasmine,Marrakech,4,7,47,43,3403
2009,10,Riad Yasmine,Marrakech,4,7,35,43,3063
2009,11,Riad Yasmine,Marrakech,4,7,30,43,2382
2009,12,Riad Yasmine,Marrakech,4,7,30,43,2382
2009,1,Kenzi Tower Hotel,Casablanca,5,240,25,104,202216
2009,2,Kenzi Tower Hotel,Casablanca,5,240,26,104,168514
2009,3,Kenzi Tower Hotel,Casablanca,5,240,29,104,235919
2009,4,Kenzi Tower Hotel,Casablanca,5,240,42,104,269622
2009,5,Kenzi Tower Hotel,Casablanca,5,240,41,104,269622
2009,6,Kenzi Tower Hotel,Casablanca,5,240,34,104,235919
2009,7,Kenzi Tower Hotel,Casablanca,5,240,56,104,404433
2009,8,Kenzi Tower Hotel,Casablanca,5,240,58,104,471838
2009,9,Kenzi Tower Hotel,Casablanca,5,240,50,104,337027
2009,10,Kenzi Tower Hotel,Casablanca,5,240,36,104,303324
2009,11,Kenzi Tower Hotel,Casablanca,5,240,36,104,235919
2009,12,Kenzi Tower Hotel,Casablanca,5,240,29,104,235919
2009,1,Four Seasons Casablanca,Casablanca,5,186,29,160,295728
2009,2,Four Seasons Casablanca,Casablanca,5,186,28,160,246440
2009,3,Four Seasons Casablanca,Casablanca,5,186,34,160,345016
2009,4,Four Seasons Casablanca,Casablanca,5,186,37,160,394304
2009,5,Four Seasons Casablanca,Casablanca,5,186,41,160,394304
2009,6,Four Seasons Casablanca,Casablanca,5,186,35,160,345016
2009,7,Four Seasons Casablanca,Casablanca,5,186,64,160,591456
2009,8,Four Seasons Casablanca,Casablanca,5,186,65,160,690032
2009,9,Four Seasons Casablanca,Casablanca,5,186,54,160,492880
2009,10,Four Seasons Casablanca,Casablanca,5,186,49,160,443592
2009,11,Four Seasons Casablanca,Casablanca,5,186,31,160,345016
2009,12,Four Seasons Casablanca,Casablanca,5,186,36,160,345016
2009,1,Hyatt Regency,Casablanca,5,252,30,92,168469
2009,2,Hyatt Regency,Casablanca,5,252,20,92,140391
2009,3,Hyatt Regency,Casablanca,5,252,31,92,196547
2009,4,Hyatt Regency,Casablanca,5,252,37,92,224626
2009,5,Hyatt Regency,Casablanca,5,252,35,92,224626
2009,6,Hyatt Regency,Casablanca,5,252,27,92,196547
2009,7,Hyatt Regency,Casablanca,5,252,56,92,336938
2009,8,Hyatt Regency,Casablanca,5,252,70,92,393095
2009,9,Hyatt Regency,Casablanca,5,252,48,92,280782
2009,10,Hyatt Regency,Casablanca,5,252,38,92,252704
2009,11,Hyatt Regency,Casablanca,5,252,31,92,196547
2009,12,Hyatt Regency,Casablanca,5,252,35,92,196547
2009,1,Sofitel Casablanca,Casablanca,5,141,28,73,71417
2009,2,Sofitel Casablanca,Casablanca,5,141,24,73,59514
2009,3,Sofitel Casablanca,Casablanca,5,141,31,73,83320
2009,4,Sofitel Casablanca,Casablanca,5,141,33,73,95222
2009,5,Sofitel Casablanca,Casablanca,5,141,31,73,95222
2009,6,Sofitel Casablanca,Casablanca,5,141,32,73,83320
2009,7,Sofitel Casablanca,Casablanca,5,141,49,73,142833
2009,8,Sofitel Casablanca,Casablanca,5,141,63,73,166639
2009,9,Sofitel Casablanca,Casablanca,5,141,47,73,119028
2009,10,Sofitel Casablanca,Casablanca,5,141,39,73,107125
2009,11,Sofitel Casablanca,Casablanca,5,141,26,73,83320
2009,12,Sofitel Casablanca,Casablanca,5,141,29,73,83320
2009,1,Hilton Tanger City Center,Tanger,5,200,28,94,182202
2009,2,Hilton Tanger City Center,Tanger,5,200,24,94,151835
2009,3,Hilton Tanger City Center,Tanger,5,200,34,94,212569
2009,4,Hilton Tanger City Center,Tanger,5,200,41,94,242937
2009,5,Hilton Tanger City Center,Tanger,5,200,40,94,242937
2009,6,Hilton Tanger City Center,Tanger,5,200,31,94,212569
2009,7,Hilton Tanger City Center,Tanger,5,200,68,94,364405
2009,8,Hilton Tanger City Center,Tanger,5,200,68,94,425139
2009,9,Hilton Tanger City Center,Tanger,5,200,55,94,303671
2009,10,Hilton Tanger City Center,Tanger,5,200,41,94,273304
2009,11,Hilton Tanger City Center,Tanger,5,200,33,94,212569
2009,12,Hilton Tanger City Center,Tanger,5,200,37,94,212569
2009,1,Sofitel Tanger Bay,Tanger,5,103,24,72,59112
2009,2,Sofitel Tanger Bay,Tanger,5,103,20,72,49260
2009,3,Sofitel Tanger Bay,Tanger,5,103,30,72,68964
2009,4,Sofitel Tanger Bay,Tanger,5,103,36,72,78816
2009,5,Sofitel Tanger Bay,Tanger,5,103,36,72,78816
2009,6,Sofitel Tanger Bay,Tanger,5,103,29,72,68964
2009,7,Sofitel Tanger Bay,Tanger,5,103,56,72,118224
2009,8,Sofitel Tanger Bay,Tanger,5,103,68,72,137928
2009,9,Sofitel Tanger Bay,Tanger,5,103,45,72,98520
2009,10,Sofitel Tanger Bay,Tanger,5,103,44,72,88668
2009,11,Sofitel Tanger Bay,Tanger,5,103,34,72,68964
2009,12,Sofitel Tanger Bay,Tanger,5,103,30,72,68964
2009,1,Hotel & Spa La Folie,Tanger,4,44,31,59,26342
2009,2,Hotel & Spa La Folie,Tanger,4,44,23,59,21952
2009,3,Hotel & Spa La Folie,Tanger,4,44,39,59,30733
2009,4,Hotel & Spa La Folie,Tanger,4,44,44,59,35123
2009,5,Hotel & Spa La Folie,Tanger,4,44,40,59,35123
2009,6,Hotel & Spa La Folie,Tanger,4,44,35,59,30733
2009,7,Hotel & Spa La Folie,Tanger,4,44,58,59,52684
2009,8,Hotel & Spa La Folie,Tanger,4,44,71,59,61465
2009,9,Hotel & Spa La Folie,Tanger,4,44,58,59,43904
2009,10,Hotel & Spa La Folie,Tanger,4,44,40,59,39513
2009,11,Hotel & Spa La Folie,Tanger,4,44,33,59,30733
2009,12,Hotel & Spa La Folie,Tanger,4,44,33,59,30733
2009,1,Riad Laaroussa,Fès,5,28,25,91,19761
2009,2,Riad Laaroussa,Fès,5,28,19,91,16467
2009,3,Riad Laaroussa,Fès,5,28,32,91,23054
2009,4,Riad Laaroussa,Fès,5,28,38,91,26348
2009,5,Riad Laaroussa,Fès,5,28,37,91,26348
2009,6,Riad Laaroussa,Fès,5,28,34,91,23054
2009,7,Riad Laaroussa,Fès,5,28,58,91,39521
2009,8,Riad Laaroussa,Fès,5,28,65,91,46108
2009,9,Riad Laaroussa,Fès,5,28,46,91,32934
2009,10,Riad Laaroussa,Fès,5,28,46,91,29641
2009,11,Riad Laaroussa,Fès,5,28,31,91,23054
2009,12,Riad Laaroussa,Fès,5,28,33,91,23054
2009,1,Palais Amani,Fès,5,21,28,105,17056
2009,2,Palais Amani,Fès,5,21,23,105,14213
2009,3,Palais Amani,Fès,5,21,31,105,19898
2009,4,Palais Amani,Fès,5,21,32,105,22741
2009,5,Palais Amani,Fès,5,21,39,105,22741
2009,6,Palais Amani,Fès,5,21,28,105,19898
2009,7,Palais Amani,Fès,5,21,52,105,34111
2009,8,Palais Amani,Fès,5,21,61,105,39796
2009,9,Palais Amani,Fès,5,21,43,105,28426
2009,10,Palais Amani,Fès,5,21,36,105,25583
2009,11,Palais Amani,Fès,5,21,35,105,19898
2009,12,Palais Amani,Fès,5,21,34,105,19898
2009,1,Sofitel Palais Jamai,Fès,5,136,29,74,100171
2009,2,Sofitel Palais Jamai,Fès,5,136,23,74,83475
2009,3,Sofitel Palais Jamai,Fès,5,136,33,74,116866
2009,4,Sofitel Palais Jamai,Fès,5,136,35,74,133561
2009,5,Sofitel Palais Jamai,Fès,5,136,35,74,133561
2009,6,Sofitel Palais Jamai,Fès,5,136,37,74,116866
2009,7,Sofitel Palais Jamai,Fès,5,136,52,74,200341
2009,8,Sofitel Palais Jamai,Fès,5,136,71,74,233731
2009,9,Sofitel Palais Jamai,Fès,5,136,52,74,166951
2009,10,Sofitel Palais Jamai,Fès,5,136,50,74,150256
2009,11,Sofitel Palais Jamai,Fès,5,136,37,74,116866
2009,12,Sofitel Palais Jamai,Fès,5,136,30,74,116866
2009,1,Riad Fès,Fès,5,32,28,73,16637
2009,2,Riad Fès,Fès,5,32,23,73,13864
2009,3,Riad Fès,Fès,5,32,30,73,19409
2009,4,Riad Fès,Fès,5,32,34,73,22182
2009,5,Riad Fès,Fès,5,32,32,73,22182
2009,6,Riad Fès,Fès,5,32,31,73,19409
2009,7,Riad Fès,Fès,5,32,49,73,33273
2009,8,Riad Fès,Fès,5,32,59,73,38819
2009,9,Riad Fès,Fès,5,32,41,73,27728
2009,10,Riad Fès,Fès,5,32,37,73,24955
2009,11,Riad Fès,Fès,5,32,29,73,19409
2009,12,Riad Fès,Fès,5,32,34,73,19409
2009,1,Sofitel Agadir Royal Bay,Agadir,5,174,25,58,67879
2009,2,Sofitel Agadir Royal Bay,Agadir,5,174,24,58,56566
2009,3,Sofitel Agadir Royal Bay,Agadir,5,174,33,58,79193
2009,4,Sofitel Agadir Royal Bay,Agadir,5,174,31,58,90506
2009,5,Sofitel Agadir Royal Bay,Agadir,5,174,34,58,90506
2009,6,Sofitel Agadir Royal Bay,Agadir,5,174,25,58,79193
2009,7,Sofitel Agadir Royal Bay,Agadir,5,174,56,58,135759
2009,8,Sofitel Agadir Royal Bay,Agadir,5,174,63,58,158385
2009,9,Sofitel Agadir Royal Bay,Agadir,5,174,46,58,113132
2009,10,Sofitel Agadir Royal Bay,Agadir,5,174,34,58,101819
2009,11,Sofitel Agadir Royal Bay,Agadir,5,174,26,58,79193
2009,12,Sofitel Agadir Royal Bay,Agadir,5,174,30,58,79193
2009,1,Riu Palace Tikida,Agadir,5,524,26,47,178288
2009,2,Riu Palace Tikida,Agadir,5,524,19,47,148574
2009,3,Riu Palace Tikida,Agadir,5,524,33,47,208003
2009,4,Riu Palace Tikida,Agadir,5,524,39,47,237718
2009,5,Riu Palace Tikida,Agadir,5,524,30,47,237718
2009,6,Riu Palace Tikida,Agadir,5,524,33,47,208003
2009,7,Riu Palace Tikida,Agadir,5,524,49,47,356577
2009,8,Riu Palace Tikida,Agadir,5,524,54,47,416006
2009,9,Riu Palace Tikida,Agadir,5,524,48,47,297147
2009,10,Riu Palace Tikida,Agadir,5,524,39,47,267432
2009,11,Riu Palace Tikida,Agadir,5,524,30,47,208003
2009,12,Riu Palace Tikida,Agadir,5,524,28,47,208003
2009,1,Iberostar Founty,Agadir,5,380,23,40,117514
2009,2,Iberostar Founty,Agadir,5,380,19,40,97928
2009,3,Iberostar Founty,Agadir,5,380,30,40,137099
2009,4,Iberostar Founty,Agadir,5,380,31,40,156685
2009,5,Iberostar Founty,Agadir,5,380,38,40,156685
2009,6,Iberostar Founty,Agadir,5,380,35,40,137099
2009,7,Iberostar Founty,Agadir,5,380,55,40,235027
2009,8,Iberostar Founty,Agadir,5,380,58,40,274198
2009,9,Iberostar Founty,Agadir,5,380,50,40,195856
2009,10,Iberostar Founty,Agadir,5,380,44,40,176270
2009,11,Iberostar Founty,Agadir,5,380,28,40,137099
2009,12,Iberostar Founty,Agadir,5,380,28,40,137099
2009,1,Kasbah Tamadot,Asni,5,28,24,224,47750
2009,2,Kasbah Tamadot,Asni,5,28,22,224,39792
2009,3,Kasbah Tamadot,Asni,5,28,27,224,55709
2009,4,Kasbah Tamadot,Asni,5,28,31,224,63667
2009,5,Kasbah Tamadot,Asni,5,28,34,224,63667
2009,6,Kasbah Tamadot,Asni,5,28,30,224,55709
2009,7,Kasbah Tamadot,Asni,5,28,59,224,95500
2009,8,Kasbah Tamadot,Asni,5,28,54,224,111417
2009,9,Kasbah Tamadot,Asni,5,28,42,224,79584
2009,10,Kasbah Tamadot,Asni,5,28,36,224,71625
2009,11,Kasbah Tamadot,Asni,5,28,26,224,55709
2009,12,Kasbah Tamadot,Asni,5,28,27,224,55709
2009,1,Scarabeo Camp,Agafay,4,14,27,195,22304
2009,2,Scarabeo Camp,Agafay,4,14,21,195,18586
2009,3,Scarabeo Camp,Agafay,4,14,35,195,26021
2009,4,Scarabeo Camp,Agafay,4,14,41,195,29738
2009,5,Scarabeo Camp,Agafay,4,14,39,195,29738
2009,6,Scarabeo Camp,Agafay,4,14,32,195,26021
2009,7,Scarabeo Camp,Agafay,4,14,53,195,44607
2009,8,Scarabeo Camp,Agafay,4,14,72,195,52042
2009,9,Scarabeo Camp,Agafay,4,14,48,195,37173
2009,10,Scarabeo Camp,Agafay,4,14,38,195,33456
2009,11,Scarabeo Camp,Agafay,4,14,36,195,26021
2009,12,Scarabeo Camp,Agafay,4,14,30,195,26021
2009,1,Kam Kam Dunes,Merzouga,3,20,30,105,18873
2009,2,Kam Kam Dunes,Merzouga,3,20,20,105,15728
2009,3,Kam Kam Dunes,Merzouga,3,20,32,105,22019
2009,4,Kam Kam Dunes,Merzouga,3,20,41,105,25165
2009,5,Kam Kam Dunes,Merzouga,3,20,40,105,25165
2009,6,Kam Kam Dunes,Merzouga,3,20,29,105,22019
2009,7,Kam Kam Dunes,Merzouga,3,20,54,105,37747
2009,8,Kam Kam Dunes,Merzouga,3,20,62,105,44038
2009,9,Kam Kam Dunes,Merzouga,3,20,45,105,31456
2009,10,Kam Kam Dunes,Merzouga,3,20,49,105,28310
2009,11,Kam Kam Dunes,Merzouga,3,20,33,105,22019
2009,12,Kam Kam Dunes,Merzouga,3,20,34,105,22019
2009,1,Riad Kniza,Marrakech,5,11,35,244,27845
2009,2,Riad Kniza,Marrakech,5,11,26,244,23204
2009,3,Riad Kniza,Marrakech,5,11,41,244,32486
2009,4,Riad Kniza,Marrakech,5,11,46,244,37127
2009,5,Riad Kniza,Marrakech,5,11,40,244,37127
2009,6,Riad Kniza,Marrakech,5,11,39,244,32486
2009,7,Riad Kniza,Marrakech,5,11,68,244,55690
2009,8,Riad Kniza,Marrakech,5,11,62,244,64972
2009,9,Riad Kniza,Marrakech,5,11,53,244,46408
2009,10,Riad Kniza,Marrakech,5,11,42,244,41767
2009,11,Riad Kniza,Marrakech,5,11,38,244,32486
2009,12,Riad Kniza,Marrakech,5,11,41,244,32486
2009,1,Dar Ahlam,Skoura,5,14,31,290,39845
2009,2,Dar Ahlam,Skoura,5,14,22,290,33204
2009,3,Dar Ahlam,Skoura,5,14,31,290,46486
2009,4,Dar Ahlam,Skoura,5,14,36,290,53127
2009,5,Dar Ahlam,Skoura,5,14,36,290,53127
2009,6,Dar Ahlam,Skoura,5,14,35,290,46486
2009,7,Dar Ahlam,Skoura,5,14,59,290,79691
2009,8,Dar Ahlam,Skoura,5,14,61,290,92972
2009,9,Dar Ahlam,Skoura,5,14,52,290,66409
2009,10,Dar Ahlam,Skoura,5,14,42,290,59768
2009,11,Dar Ahlam,Skoura,5,14,31,290,46486
2009,12,Dar Ahlam,Skoura,5,14,33,290,46486
2010,1,La Mamounia,Marrakech,5,209,29,187,339169
2010,2,La Mamounia,Marrakech,5,209,26,187,282641
2010,3,La Mamounia,Marrakech,5,209,31,187,395697
2010,4,La Mamounia,Marrakech,5,209,38,187,452225
2010,5,La Mamounia,Marrakech,5,209,34,187,452225
2010,6,La Mamounia,Marrakech,5,209,34,187,395697
2010,7,La Mamounia,Marrakech,5,209,49,187,678338
2010,8,La Mamounia,Marrakech,5,209,60,187,791394
2010,9,La Mamounia,Marrakech,5,209,52,187,565281
2010,10,La Mamounia,Marrakech,5,209,48,187,508753
2010,11,La Mamounia,Marrakech,5,209,31,187,395697
2010,12,La Mamounia,Marrakech,5,209,35,187,395697
2010,1,Royal Mansour,Marrakech,5,53,26,257,111958
2010,2,Royal Mansour,Marrakech,5,53,26,257,93298
2010,3,Royal Mansour,Marrakech,5,53,32,257,130617
2010,4,Royal Mansour,Marrakech,5,53,33,257,149277
2010,5,Royal Mansour,Marrakech,5,53,39,257,149277
2010,6,Royal Mansour,Marrakech,5,53,29,257,130617
2010,7,Royal Mansour,Marrakech,5,53,55,257,223916
2010,8,Royal Mansour,Marrakech,5,53,70,257,261235
2010,9,Royal Mansour,Marrakech,5,53,47,257,186596
2010,10,Royal Mansour,Marrakech,5,53,40,257,167937
2010,11,Royal Mansour,Marrakech,5,53,34,257,130617
2010,12,Royal Mansour,Marrakech,5,53,31,257,130617
2010,1,Four Seasons Resort,Marrakech,5,139,26,144,132304
2010,2,Four Seasons Resort,Marrakech,5,139,21,144,110253
2010,3,Four Seasons Resort,Marrakech,5,139,30,144,154355
2010,4,Four Seasons Resort,Marrakech,5,139,30,144,176406
2010,5,Four Seasons Resort,Marrakech,5,139,37,144,176406
2010,6,Four Seasons Resort,Marrakech,5,139,29,144,154355
2010,7,Four Seasons Resort,Marrakech,5,139,49,144,264608
2010,8,Four Seasons Resort,Marrakech,5,139,51,144,308710
2010,9,Four Seasons Resort,Marrakech,5,139,38,144,220507
2010,10,Four Seasons Resort,Marrakech,5,139,37,144,198456
2010,11,Four Seasons Resort,Marrakech,5,139,29,144,154355
2010,12,Four Seasons Resort,Marrakech,5,139,26,144,154355
2010,1,Amanjena,Marrakech,5,32,25,203,47441
2010,2,Amanjena,Marrakech,5,32,20,203,39534
2010,3,Amanjena,Marrakech,5,32,31,203,55348
2010,4,Amanjena,Marrakech,5,32,39,203,63255
2010,5,Amanjena,Marrakech,5,32,35,203,63255
2010,6,Amanjena,Marrakech,5,32,31,203,55348
2010,7,Amanjena,Marrakech,5,32,55,203,94882
2010,8,Amanjena,Marrakech,5,32,60,203,110696
2010,9,Amanjena,Marrakech,5,32,38,203,79068
2010,10,Amanjena,Marrakech,5,32,37,203,71162
2010,11,Amanjena,Marrakech,5,32,33,203,55348
2010,12,Amanjena,Marrakech,5,32,31,203,55348
2010,1,Sofitel Marrakech,Marrakech,5,303,30,118,288828
2010,2,Sofitel Marrakech,Marrakech,5,303,24,118,240690
2010,3,Sofitel Marrakech,Marrakech,5,303,29,118,336967
2010,4,Sofitel Marrakech,Marrakech,5,303,43,118,385105
2010,5,Sofitel Marrakech,Marrakech,5,303,36,118,385105
2010,6,Sofitel Marrakech,Marrakech,5,303,31,118,336967
2010,7,Sofitel Marrakech,Marrakech,5,303,54,118,577657
2010,8,Sofitel Marrakech,Marrakech,5,303,68,118,673933
2010,9,Sofitel Marrakech,Marrakech,5,303,40,118,481381
2010,10,Sofitel Marrakech,Marrakech,5,303,40,118,433243
2010,11,Sofitel Marrakech,Marrakech,5,303,37,118,336967
2010,12,Sofitel Marrakech,Marrakech,5,303,35,118,336967
2010,1,Riad Yasmine,Marrakech,4,7,29,48,2606
2010,2,Riad Yasmine,Marrakech,4,7,22,48,2172
2010,3,Riad Yasmine,Marrakech,4,7,36,48,3041
2010,4,Riad Yasmine,Marrakech,4,7,32,48,3475
2010,5,Riad Yasmine,Marrakech,4,7,36,48,3475
2010,6,Riad Yasmine,Marrakech,4,7,33,48,3041
2010,7,Riad Yasmine,Marrakech,4,7,52,48,5213
2010,8,Riad Yasmine,Marrakech,4,7,69,48,6081
2010,9,Riad Yasmine,Marrakech,4,7,45,48,4344
2010,10,Riad Yasmine,Marrakech,4,7,40,48,3909
2010,11,Riad Yasmine,Marrakech,4,7,31,48,3041
2010,12,Riad Yasmine,Marrakech,4,7,27,48,3041
2010,1,Kenzi Tower Hotel,Casablanca,5,240,30,123,309253
2010,2,Kenzi Tower Hotel,Casablanca,5,240,26,123,257711
2010,3,Kenzi Tower Hotel,Casablanca,5,240,42,123,360795
2010,4,Kenzi Tower Hotel,Casablanca,5,240,41,123,412337
2010,5,Kenzi Tower Hotel,Casablanca,5,240,48,123,412337
2010,6,Kenzi Tower Hotel,Casablanca,5,240,33,123,360795
2010,7,Kenzi Tower Hotel,Casablanca,5,240,68,123,618506
2010,8,Kenzi Tower Hotel,Casablanca,5,240,81,123,721591
2010,9,Kenzi Tower Hotel,Casablanca,5,240,55,123,515422
2010,10,Kenzi Tower Hotel,Casablanca,5,240,54,123,463880
2010,11,Kenzi Tower Hotel,Casablanca,5,240,33,123,360795
2010,12,Kenzi Tower Hotel,Casablanca,5,240,32,123,360795
2010,1,Four Seasons Casablanca,Casablanca,5,186,29,153,246875
2010,2,Four Seasons Casablanca,Casablanca,5,186,23,153,205729
2010,3,Four Seasons Casablanca,Casablanca,5,186,31,153,288021
2010,4,Four Seasons Casablanca,Casablanca,5,186,40,153,329167
2010,5,Four Seasons Casablanca,Casablanca,5,186,34,153,329167
2010,6,Four Seasons Casablanca,Casablanca,5,186,32,153,288021
2010,7,Four Seasons Casablanca,Casablanca,5,186,61,153,493751
2010,8,Four Seasons Casablanca,Casablanca,5,186,71,153,576042
2010,9,Four Seasons Casablanca,Casablanca,5,186,52,153,411459
2010,10,Four Seasons Casablanca,Casablanca,5,186,48,153,370313
2010,11,Four Seasons Casablanca,Casablanca,5,186,38,153,288021
2010,12,Four Seasons Casablanca,Casablanca,5,186,37,153,288021
2010,1,Hyatt Regency,Casablanca,5,252,33,102,223576
2010,2,Hyatt Regency,Casablanca,5,252,27,102,186313
2010,3,Hyatt Regency,Casablanca,5,252,36,102,260839
2010,4,Hyatt Regency,Casablanca,5,252,42,102,298101
2010,5,Hyatt Regency,Casablanca,5,252,43,102,298101
2010,6,Hyatt Regency,Casablanca,5,252,30,102,260839
2010,7,Hyatt Regency,Casablanca,5,252,49,102,447152
2010,8,Hyatt Regency,Casablanca,5,252,67,102,521677
2010,9,Hyatt Regency,Casablanca,5,252,52,102,372627
2010,10,Hyatt Regency,Casablanca,5,252,41,102,335364
2010,11,Hyatt Regency,Casablanca,5,252,37,102,260839
2010,12,Hyatt Regency,Casablanca,5,252,35,102,260839
2010,1,Sofitel Casablanca,Casablanca,5,141,24,75,69785
2010,2,Sofitel Casablanca,Casablanca,5,141,23,75,58154
2010,3,Sofitel Casablanca,Casablanca,5,141,26,75,81416
2010,4,Sofitel Casablanca,Casablanca,5,141,32,75,93047
2010,5,Sofitel Casablanca,Casablanca,5,141,36,75,93047
2010,6,Sofitel Casablanca,Casablanca,5,141,31,75,81416
2010,7,Sofitel Casablanca,Casablanca,5,141,43,75,139571
2010,8,Sofitel Casablanca,Casablanca,5,141,64,75,162832
2010,9,Sofitel Casablanca,Casablanca,5,141,37,75,116309
2010,10,Sofitel Casablanca,Casablanca,5,141,33,75,104678
2010,11,Sofitel Casablanca,Casablanca,5,141,29,75,81416
2010,12,Sofitel Casablanca,Casablanca,5,141,30,75,81416
2010,1,Hilton Tanger City Center,Tanger,5,200,34,100,210084
2010,2,Hilton Tanger City Center,Tanger,5,200,24,100,175070
2010,3,Hilton Tanger City Center,Tanger,5,200,34,100,245098
2010,4,Hilton Tanger City Center,Tanger,5,200,46,100,280111
2010,5,Hilton Tanger City Center,Tanger,5,200,47,100,280111
2010,6,Hilton Tanger City Center,Tanger,5,200,39,100,245098
2010,7,Hilton Tanger City Center,Tanger,5,200,61,100,420167
2010,8,Hilton Tanger City Center,Tanger,5,200,83,100,490195
2010,9,Hilton Tanger City Center,Tanger,5,200,53,100,350139
2010,10,Hilton Tanger City Center,Tanger,5,200,51,100,315125
2010,11,Hilton Tanger City Center,Tanger,5,200,34,100,245098
2010,12,Hilton Tanger City Center,Tanger,5,200,37,100,245098
2010,1,Sofitel Tanger Bay,Tanger,5,103,33,81,83006
2010,2,Sofitel Tanger Bay,Tanger,5,103,24,81,69172
2010,3,Sofitel Tanger Bay,Tanger,5,103,35,81,96840
2010,4,Sofitel Tanger Bay,Tanger,5,103,37,81,110675
2010,5,Sofitel Tanger Bay,Tanger,5,103,43,81,110675
2010,6,Sofitel Tanger Bay,Tanger,5,103,34,81,96840
2010,7,Sofitel Tanger Bay,Tanger,5,103,66,81,166012
2010,8,Sofitel Tanger Bay,Tanger,5,103,68,81,193680
2010,9,Sofitel Tanger Bay,Tanger,5,103,44,81,138343
2010,10,Sofitel Tanger Bay,Tanger,5,103,44,81,124509
2010,11,Sofitel Tanger Bay,Tanger,5,103,34,81,96840
2010,12,Sofitel Tanger Bay,Tanger,5,103,35,81,96840
2010,1,Hotel & Spa La Folie,Tanger,4,44,35,61,27988
2010,2,Hotel & Spa La Folie,Tanger,4,44,25,61,23323
2010,3,Hotel & Spa La Folie,Tanger,4,44,39,61,32653
2010,4,Hotel & Spa La Folie,Tanger,4,44,44,61,37317
2010,5,Hotel & Spa La Folie,Tanger,4,44,47,61,37317
2010,6,Hotel & Spa La Folie,Tanger,4,44,36,61,32653
2010,7,Hotel & Spa La Folie,Tanger,4,44,69,61,55976
2010,8,Hotel & Spa La Folie,Tanger,4,44,67,61,65305
2010,9,Hotel & Spa La Folie,Tanger,4,44,49,61,46647
2010,10,Hotel & Spa La Folie,Tanger,4,44,40,61,41982
2010,11,Hotel & Spa La Folie,Tanger,4,44,36,61,32653
2010,12,Hotel & Spa La Folie,Tanger,4,44,40,61,32653
2010,1,Riad Laaroussa,Fès,5,28,26,104,27999
2010,2,Riad Laaroussa,Fès,5,28,23,104,23332
2010,3,Riad Laaroussa,Fès,5,28,36,104,32665
2010,4,Riad Laaroussa,Fès,5,28,43,104,37332
2010,5,Riad Laaroussa,Fès,5,28,37,104,37332
2010,6,Riad Laaroussa,Fès,5,28,34,104,32665
2010,7,Riad Laaroussa,Fès,5,28,60,104,55998
2010,8,Riad Laaroussa,Fès,5,28,76,104,65331
2010,9,Riad Laaroussa,Fès,5,28,43,104,46665
2010,10,Riad Laaroussa,Fès,5,28,39,104,41998
2010,11,Riad Laaroussa,Fès,5,28,31,104,32665
2010,12,Riad Laaroussa,Fès,5,28,31,104,32665
2010,1,Palais Amani,Fès,5,21,31,119,23766
2010,2,Palais Amani,Fès,5,21,24,119,19805
2010,3,Palais Amani,Fès,5,21,40,119,27727
2010,4,Palais Amani,Fès,5,21,37,119,31688
2010,5,Palais Amani,Fès,5,21,38,119,31688
2010,6,Palais Amani,Fès,5,21,39,119,27727
2010,7,Palais Amani,Fès,5,21,60,119,47531
2010,8,Palais Amani,Fès,5,21,70,119,55453
2010,9,Palais Amani,Fès,5,21,44,119,39610
2010,10,Palais Amani,Fès,5,21,44,119,35649
2010,11,Palais Amani,Fès,5,21,40,119,27727
2010,12,Palais Amani,Fès,5,21,32,119,27727
2010,1,Sofitel Palais Jamai,Fès,5,136,35,78,114440
2010,2,Sofitel Palais Jamai,Fès,5,136,24,78,95366
2010,3,Sofitel Palais Jamai,Fès,5,136,35,78,133513
2010,4,Sofitel Palais Jamai,Fès,5,136,40,78,152586
2010,5,Sofitel Palais Jamai,Fès,5,136,38,78,152586
2010,6,Sofitel Palais Jamai,Fès,5,136,32,78,133513
2010,7,Sofitel Palais Jamai,Fès,5,136,62,78,228879
2010,8,Sofitel Palais Jamai,Fès,5,136,80,78,267026
2010,9,Sofitel Palais Jamai,Fès,5,136,52,78,190733
2010,10,Sofitel Palais Jamai,Fès,5,136,51,78,171659
2010,11,Sofitel Palais Jamai,Fès,5,136,34,78,133513
2010,12,Sofitel Palais Jamai,Fès,5,136,34,78,133513
2010,1,Riad Fès,Fès,5,32,30,91,31579
2010,2,Riad Fès,Fès,5,32,29,91,26316
2010,3,Riad Fès,Fès,5,32,36,91,36842
2010,4,Riad Fès,Fès,5,32,43,91,42105
2010,5,Riad Fès,Fès,5,32,39,91,42105
2010,6,Riad Fès,Fès,5,32,41,91,36842
2010,7,Riad Fès,Fès,5,32,71,91,63157
2010,8,Riad Fès,Fès,5,32,79,91,73684
2010,9,Riad Fès,Fès,5,32,55,91,52631
2010,10,Riad Fès,Fès,5,32,43,91,47368
2010,11,Riad Fès,Fès,5,32,32,91,36842
2010,12,Riad Fès,Fès,5,32,35,91,36842
2010,1,Sofitel Agadir Royal Bay,Agadir,5,174,25,64,86245
2010,2,Sofitel Agadir Royal Bay,Agadir,5,174,22,64,71871
2010,3,Sofitel Agadir Royal Bay,Agadir,5,174,32,64,100619
2010,4,Sofitel Agadir Royal Bay,Agadir,5,174,38,64,114994
2010,5,Sofitel Agadir Royal Bay,Agadir,5,174,41,64,114994
2010,6,Sofitel Agadir Royal Bay,Agadir,5,174,30,64,100619
2010,7,Sofitel Agadir Royal Bay,Agadir,5,174,54,64,172490
2010,8,Sofitel Agadir Royal Bay,Agadir,5,174,67,64,201239
2010,9,Sofitel Agadir Royal Bay,Agadir,5,174,45,64,143742
2010,10,Sofitel Agadir Royal Bay,Agadir,5,174,42,64,129368
2010,11,Sofitel Agadir Royal Bay,Agadir,5,174,29,64,100619
2010,12,Sofitel Agadir Royal Bay,Agadir,5,174,32,64,100619
2010,1,Riu Palace Tikida,Agadir,5,524,29,52,222288
2010,2,Riu Palace Tikida,Agadir,5,524,26,52,185240
2010,3,Riu Palace Tikida,Agadir,5,524,28,52,259336
2010,4,Riu Palace Tikida,Agadir,5,524,42,52,296384
2010,5,Riu Palace Tikida,Agadir,5,524,43,52,296384
2010,6,Riu Palace Tikida,Agadir,5,524,37,52,259336
2010,7,Riu Palace Tikida,Agadir,5,524,61,52,444576
2010,8,Riu Palace Tikida,Agadir,5,524,74,52,518672
2010,9,Riu Palace Tikida,Agadir,5,524,47,52,370480
2010,10,Riu Palace Tikida,Agadir,5,524,44,52,333432
2010,11,Riu Palace Tikida,Agadir,5,524,35,52,259336
2010,12,Riu Palace Tikida,Agadir,5,524,30,52,259336
2010,1,Iberostar Founty,Agadir,5,380,30,45,151092
2010,2,Iberostar Founty,Agadir,5,380,25,45,125910
2010,3,Iberostar Founty,Agadir,5,380,36,45,176274
2010,4,Iberostar Founty,Agadir,5,380,39,45,201456
2010,5,Iberostar Founty,Agadir,5,380,35,45,201456
2010,6,Iberostar Founty,Agadir,5,380,39,45,176274
2010,7,Iberostar Founty,Agadir,5,380,63,45,302185
2010,8,Iberostar Founty,Agadir,5,380,64,45,352549
2010,9,Iberostar Founty,Agadir,5,380,46,45,251821
2010,10,Iberostar Founty,Agadir,5,380,51,45,226638
2010,11,Iberostar Founty,Agadir,5,380,33,45,176274
2010,12,Iberostar Founty,Agadir,5,380,34,45,176274
2010,1,Kasbah Tamadot,Asni,5,28,37,272,81784
2010,2,Kasbah Tamadot,Asni,5,28,23,272,68153
2010,3,Kasbah Tamadot,Asni,5,28,33,272,95414
2010,4,Kasbah Tamadot,Asni,5,28,46,272,109045
2010,5,Kasbah Tamadot,Asni,5,28,45,272,109045
2010,6,Kasbah Tamadot,Asni,5,28,33,272,95414
2010,7,Kasbah Tamadot,Asni,5,28,66,272,163568
2010,8,Kasbah Tamadot,Asni,5,28,64,272,190829
2010,9,Kasbah Tamadot,Asni,5,28,47,272,136306
2010,10,Kasbah Tamadot,Asni,5,28,55,272,122676
2010,11,Kasbah Tamadot,Asni,5,28,38,272,95414
2010,12,Kasbah Tamadot,Asni,5,28,42,272,95414
2010,1,Scarabeo Camp,Agafay,4,14,29,222,32137
2010,2,Scarabeo Camp,Agafay,4,14,28,222,26781
2010,3,Scarabeo Camp,Agafay,4,14,39,222,37494
2010,4,Scarabeo Camp,Agafay,4,14,43,222,42850
2010,5,Scarabeo Camp,Agafay,4,14,39,222,42850
2010,6,Scarabeo Camp,Agafay,4,14,42,222,37494
2010,7,Scarabeo Camp,Agafay,4,14,56,222,64275
2010,8,Scarabeo Camp,Agafay,4,14,85,222,74987
2010,9,Scarabeo Camp,Agafay,4,14,57,222,53562
2010,10,Scarabeo Camp,Agafay,4,14,52,222,48206
2010,11,Scarabeo Camp,Agafay,4,14,39,222,37494
2010,12,Scarabeo Camp,Agafay,4,14,42,222,37494
2010,1,Kam Kam Dunes,Merzouga,3,20,31,102,16794
2010,2,Kam Kam Dunes,Merzouga,3,20,26,102,13995
2010,3,Kam Kam Dunes,Merzouga,3,20,36,102,19594
2010,4,Kam Kam Dunes,Merzouga,3,20,39,102,22393
2010,5,Kam Kam Dunes,Merzouga,3,20,43,102,22393
2010,6,Kam Kam Dunes,Merzouga,3,20,30,102,19594
2010,7,Kam Kam Dunes,Merzouga,3,20,62,102,33589
2010,8,Kam Kam Dunes,Merzouga,3,20,69,102,39187
2010,9,Kam Kam Dunes,Merzouga,3,20,41,102,27991
2010,10,Kam Kam Dunes,Merzouga,3,20,41,102,25192
2010,11,Kam Kam Dunes,Merzouga,3,20,35,102,19594
2010,12,Kam Kam Dunes,Merzouga,3,20,32,102,19594
2010,1,Riad Kniza,Marrakech,5,11,30,219,19437
2010,2,Riad Kniza,Marrakech,5,11,21,219,16197
2010,3,Riad Kniza,Marrakech,5,11,32,219,22676
2010,4,Riad Kniza,Marrakech,5,11,41,219,25916
2010,5,Riad Kniza,Marrakech,5,11,43,219,25916
2010,6,Riad Kniza,Marrakech,5,11,28,219,22676
2010,7,Riad Kniza,Marrakech,5,11,53,219,38874
2010,8,Riad Kniza,Marrakech,5,11,68,219,45353
2010,9,Riad Kniza,Marrakech,5,11,44,219,32395
2010,10,Riad Kniza,Marrakech,5,11,48,219,29155
2010,11,Riad Kniza,Marrakech,5,11,31,219,22676
2010,12,Riad Kniza,Marrakech,5,11,33,219,22676
2010,1,Dar Ahlam,Skoura,5,14,28,273,31252
2010,2,Dar Ahlam,Skoura,5,14,22,273,26044
2010,3,Dar Ahlam,Skoura,5,14,28,273,36461
2010,4,Dar Ahlam,Skoura,5,14,41,273,41670
2010,5,Dar Ahlam,Skoura,5,14,38,273,41670
2010,6,Dar Ahlam,Skoura,5,14,34,273,36461
2010,7,Dar Ahlam,Skoura,5,14,58,273,62505
2010,8,Dar Ahlam,Skoura,5,14,68,273,72922
2010,9,Dar Ahlam,Skoura,5,14,48,273,52087
2010,10,Dar Ahlam,Skoura,5,14,42,273,46878
2010,11,Dar Ahlam,Skoura,5,14,37,273,36461
2010,12,Dar Ahlam,Skoura,5,14,35,273,36461
2011,1,La Mamounia,Marrakech,5,209,33,200,398206
2011,2,La Mamounia,Marrakech,5,209,26,200,331838
2011,3,La Mamounia,Marrakech,5,209,35,200,464573
2011,4,La Mamounia,Marrakech,5,209,42,200,530941
2011,5,La Mamounia,Marrakech,5,209,45,200,530941
2011,6,La Mamounia,Marrakech,5,209,32,200,464573
2011,7,La Mamounia,Marrakech,5,209,53,200,796411
2011,8,La Mamounia,Marrakech,5,209,62,200,929146
2011,9,La Mamounia,Marrakech,5,209,46,200,663676
2011,10,La Mamounia,Marrakech,5,209,51,200,597308
2011,11,La Mamounia,Marrakech,5,209,32,200,464573
2011,12,La Mamounia,Marrakech,5,209,41,200,464573
2011,1,Royal Mansour,Marrakech,5,53,28,265,120903
2011,2,Royal Mansour,Marrakech,5,53,24,265,100753
2011,3,Royal Mansour,Marrakech,5,53,37,265,141054
2011,4,Royal Mansour,Marrakech,5,53,41,265,161205
2011,5,Royal Mansour,Marrakech,5,53,34,265,161205
2011,6,Royal Mansour,Marrakech,5,53,34,265,141054
2011,7,Royal Mansour,Marrakech,5,53,59,265,241807
2011,8,Royal Mansour,Marrakech,5,53,70,265,282108
2011,9,Royal Mansour,Marrakech,5,53,44,265,201506
2011,10,Royal Mansour,Marrakech,5,53,50,265,181355
2011,11,Royal Mansour,Marrakech,5,53,39,265,141054
2011,12,Royal Mansour,Marrakech,5,53,34,265,141054
2011,1,Four Seasons Resort,Marrakech,5,139,28,172,218904
2011,2,Four Seasons Resort,Marrakech,5,139,22,172,182420
2011,3,Four Seasons Resort,Marrakech,5,139,31,172,255388
2011,4,Four Seasons Resort,Marrakech,5,139,42,172,291872
2011,5,Four Seasons Resort,Marrakech,5,139,36,172,291872
2011,6,Four Seasons Resort,Marrakech,5,139,30,172,255388
2011,7,Four Seasons Resort,Marrakech,5,139,52,172,437808
2011,8,Four Seasons Resort,Marrakech,5,139,76,172,510776
2011,9,Four Seasons Resort,Marrakech,5,139,52,172,364840
2011,10,Four Seasons Resort,Marrakech,5,139,51,172,328356
2011,11,Four Seasons Resort,Marrakech,5,139,35,172,255388
2011,12,Four Seasons Resort,Marrakech,5,139,34,172,255388
2011,1,Amanjena,Marrakech,5,32,30,246,79366
2011,2,Amanjena,Marrakech,5,32,25,246,66138
2011,3,Amanjena,Marrakech,5,32,42,246,92593
2011,4,Amanjena,Marrakech,5,32,41,246,105821
2011,5,Amanjena,Marrakech,5,32,45,246,105821
2011,6,Amanjena,Marrakech,5,32,42,246,92593
2011,7,Amanjena,Marrakech,5,32,65,246,158731
2011,8,Amanjena,Marrakech,5,32,76,246,185186
2011,9,Amanjena,Marrakech,5,32,55,246,132276
2011,10,Amanjena,Marrakech,5,32,44,246,119048
2011,11,Amanjena,Marrakech,5,32,40,246,92593
2011,12,Amanjena,Marrakech,5,32,36,246,92593
2011,1,Sofitel Marrakech,Marrakech,5,303,34,127,345871
2011,2,Sofitel Marrakech,Marrakech,5,303,25,127,288226
2011,3,Sofitel Marrakech,Marrakech,5,303,37,127,403516
2011,4,Sofitel Marrakech,Marrakech,5,303,42,127,461161
2011,5,Sofitel Marrakech,Marrakech,5,303,37,127,461161
2011,6,Sofitel Marrakech,Marrakech,5,303,36,127,403516
2011,7,Sofitel Marrakech,Marrakech,5,303,62,127,691742
2011,8,Sofitel Marrakech,Marrakech,5,303,73,127,807032
2011,9,Sofitel Marrakech,Marrakech,5,303,51,127,576452
2011,10,Sofitel Marrakech,Marrakech,5,303,47,127,518807
2011,11,Sofitel Marrakech,Marrakech,5,303,31,127,403516
2011,12,Sofitel Marrakech,Marrakech,5,303,37,127,403516
2011,1,Riad Yasmine,Marrakech,4,7,25,47,2452
2011,2,Riad Yasmine,Marrakech,4,7,22,47,2044
2011,3,Riad Yasmine,Marrakech,4,7,34,47,2861
2011,4,Riad Yasmine,Marrakech,4,7,41,47,3270
2011,5,Riad Yasmine,Marrakech,4,7,39,47,3270
2011,6,Riad Yasmine,Marrakech,4,7,33,47,2861
2011,7,Riad Yasmine,Marrakech,4,7,56,47,4904
2011,8,Riad Yasmine,Marrakech,4,7,59,47,5722
2011,9,Riad Yasmine,Marrakech,4,7,48,47,4087
2011,10,Riad Yasmine,Marrakech,4,7,37,47,3678
2011,11,Riad Yasmine,Marrakech,4,7,33,47,2861
2011,12,Riad Yasmine,Marrakech,4,7,33,47,2861
2011,1,Kenzi Tower Hotel,Casablanca,5,240,32,107,202232
2011,2,Kenzi Tower Hotel,Casablanca,5,240,23,107,168526
2011,3,Kenzi Tower Hotel,Casablanca,5,240,37,107,235937
2011,4,Kenzi Tower Hotel,Casablanca,5,240,33,107,269642
2011,5,Kenzi Tower Hotel,Casablanca,5,240,35,107,269642
2011,6,Kenzi Tower Hotel,Casablanca,5,240,31,107,235937
2011,7,Kenzi Tower Hotel,Casablanca,5,240,62,107,404463
2011,8,Kenzi Tower Hotel,Casablanca,5,240,60,107,471874
2011,9,Kenzi Tower Hotel,Casablanca,5,240,48,107,337053
2011,10,Kenzi Tower Hotel,Casablanca,5,240,41,107,303348
2011,11,Kenzi Tower Hotel,Casablanca,5,240,36,107,235937
2011,12,Kenzi Tower Hotel,Casablanca,5,240,30,107,235937
2011,1,Four Seasons Casablanca,Casablanca,5,186,35,174,353785
2011,2,Four Seasons Casablanca,Casablanca,5,186,30,174,294821
2011,3,Four Seasons Casablanca,Casablanca,5,186,42,174,412749
2011,4,Four Seasons Casablanca,Casablanca,5,186,38,174,471713
2011,5,Four Seasons Casablanca,Casablanca,5,186,45,174,471713
2011,6,Four Seasons Casablanca,Casablanca,5,186,40,174,412749
2011,7,Four Seasons Casablanca,Casablanca,5,186,71,174,707570
2011,8,Four Seasons Casablanca,Casablanca,5,186,89,174,825499
2011,9,Four Seasons Casablanca,Casablanca,5,186,50,174,589642
2011,10,Four Seasons Casablanca,Casablanca,5,186,55,174,530678
2011,11,Four Seasons Casablanca,Casablanca,5,186,43,174,412749
2011,12,Four Seasons Casablanca,Casablanca,5,186,36,174,412749
2011,1,Hyatt Regency,Casablanca,5,252,30,117,323640
2011,2,Hyatt Regency,Casablanca,5,252,26,117,269700
2011,3,Hyatt Regency,Casablanca,5,252,40,117,377580
2011,4,Hyatt Regency,Casablanca,5,252,42,117,431520
2011,5,Hyatt Regency,Casablanca,5,252,42,117,431520
2011,6,Hyatt Regency,Casablanca,5,252,37,117,377580
2011,7,Hyatt Regency,Casablanca,5,252,65,117,647281
2011,8,Hyatt Regency,Casablanca,5,252,86,117,755161
2011,9,Hyatt Regency,Casablanca,5,252,52,117,539401
2011,10,Hyatt Regency,Casablanca,5,252,56,117,485461
2011,11,Hyatt Regency,Casablanca,5,252,40,117,377580
2011,12,Hyatt Regency,Casablanca,5,252,35,117,377580
2011,1,Sofitel Casablanca,Casablanca,5,141,26,85,99530
2011,2,Sofitel Casablanca,Casablanca,5,141,24,85,82942
2011,3,Sofitel Casablanca,Casablanca,5,141,32,85,116119
2011,4,Sofitel Casablanca,Casablanca,5,141,44,85,132707
2011,5,Sofitel Casablanca,Casablanca,5,141,41,85,132707
2011,6,Sofitel Casablanca,Casablanca,5,141,35,85,116119
2011,7,Sofitel Casablanca,Casablanca,5,141,55,85,199061
2011,8,Sofitel Casablanca,Casablanca,5,141,71,85,232237
2011,9,Sofitel Casablanca,Casablanca,5,141,48,85,165884
2011,10,Sofitel Casablanca,Casablanca,5,141,42,85,149296
2011,11,Sofitel Casablanca,Casablanca,5,141,32,85,116119
2011,12,Sofitel Casablanca,Casablanca,5,141,29,85,116119
2011,1,Hilton Tanger City Center,Tanger,5,200,30,84,119520
2011,2,Hilton Tanger City Center,Tanger,5,200,22,84,99600
2011,3,Hilton Tanger City Center,Tanger,5,200,34,84,139441
2011,4,Hilton Tanger City Center,Tanger,5,200,38,84,159361
2011,5,Hilton Tanger City Center,Tanger,5,200,36,84,159361
2011,6,Hilton Tanger City Center,Tanger,5,200,34,84,139441
2011,7,Hilton Tanger City Center,Tanger,5,200,49,84,239041
2011,8,Hilton Tanger City Center,Tanger,5,200,69,84,278881
2011,9,Hilton Tanger City Center,Tanger,5,200,42,84,199201
2011,10,Hilton Tanger City Center,Tanger,5,200,43,84,179281
2011,11,Hilton Tanger City Center,Tanger,5,200,29,84,139441
2011,12,Hilton Tanger City Center,Tanger,5,200,27,84,139441
2011,1,Sofitel Tanger Bay,Tanger,5,103,33,78,70670
2011,2,Sofitel Tanger Bay,Tanger,5,103,23,78,58892
2011,3,Sofitel Tanger Bay,Tanger,5,103,32,78,82449
2011,4,Sofitel Tanger Bay,Tanger,5,103,44,78,94227
2011,5,Sofitel Tanger Bay,Tanger,5,103,35,78,94227
2011,6,Sofitel Tanger Bay,Tanger,5,103,35,78,82449
2011,7,Sofitel Tanger Bay,Tanger,5,103,57,78,141341
2011,8,Sofitel Tanger Bay,Tanger,5,103,74,78,164897
2011,9,Sofitel Tanger Bay,Tanger,5,103,47,78,117784
2011,10,Sofitel Tanger Bay,Tanger,5,103,48,78,106005
2011,11,Sofitel Tanger Bay,Tanger,5,103,30,78,82449
2011,12,Sofitel Tanger Bay,Tanger,5,103,32,78,82449
2011,1,Hotel & Spa La Folie,Tanger,4,44,25,52,16147
2011,2,Hotel & Spa La Folie,Tanger,4,44,23,52,13456
2011,3,Hotel & Spa La Folie,Tanger,4,44,32,52,18839
2011,4,Hotel & Spa La Folie,Tanger,4,44,35,52,21530
2011,5,Hotel & Spa La Folie,Tanger,4,44,30,52,21530
2011,6,Hotel & Spa La Folie,Tanger,4,44,27,52,18839
2011,7,Hotel & Spa La Folie,Tanger,4,44,52,52,32295
2011,8,Hotel & Spa La Folie,Tanger,4,44,66,52,37677
2011,9,Hotel & Spa La Folie,Tanger,4,44,45,52,26912
2011,10,Hotel & Spa La Folie,Tanger,4,44,42,52,24221
2011,11,Hotel & Spa La Folie,Tanger,4,44,27,52,18839
2011,12,Hotel & Spa La Folie,Tanger,4,44,32,52,18839
2011,1,Riad Laaroussa,Fès,5,28,26,104,26821
2011,2,Riad Laaroussa,Fès,5,28,23,104,22351
2011,3,Riad Laaroussa,Fès,5,28,32,104,31291
2011,4,Riad Laaroussa,Fès,5,28,44,104,35761
2011,5,Riad Laaroussa,Fès,5,28,44,104,35761
2011,6,Riad Laaroussa,Fès,5,28,33,104,31291
2011,7,Riad Laaroussa,Fès,5,28,54,104,53641
2011,8,Riad Laaroussa,Fès,5,28,80,104,62582
2011,9,Riad Laaroussa,Fès,5,28,55,104,44701
2011,10,Riad Laaroussa,Fès,5,28,52,104,40231
2011,11,Riad Laaroussa,Fès,5,28,39,104,31291
2011,12,Riad Laaroussa,Fès,5,28,33,104,31291
2011,1,Palais Amani,Fès,5,21,30,110,18122
2011,2,Palais Amani,Fès,5,21,27,110,15102
2011,3,Palais Amani,Fès,5,21,32,110,21142
2011,4,Palais Amani,Fès,5,21,38,110,24163
2011,5,Palais Amani,Fès,5,21,34,110,24163
2011,6,Palais Amani,Fès,5,21,28,110,21142
2011,7,Palais Amani,Fès,5,21,51,110,36244
2011,8,Palais Amani,Fès,5,21,59,110,42285
2011,9,Palais Amani,Fès,5,21,42,110,30203
2011,10,Palais Amani,Fès,5,21,48,110,27183
2011,11,Palais Amani,Fès,5,21,29,110,21142
2011,12,Palais Amani,Fès,5,21,28,110,21142
2011,1,Sofitel Palais Jamai,Fès,5,136,25,65,62612
2011,2,Sofitel Palais Jamai,Fès,5,136,24,65,52177
2011,3,Sofitel Palais Jamai,Fès,5,136,31,65,73048
2011,4,Sofitel Palais Jamai,Fès,5,136,35,65,83483
2011,5,Sofitel Palais Jamai,Fès,5,136,36,65,83483
2011,6,Sofitel Palais Jamai,Fès,5,136,34,65,73048
2011,7,Sofitel Palais Jamai,Fès,5,136,46,65,125225
2011,8,Sofitel Palais Jamai,Fès,5,136,57,65,146096
2011,9,Sofitel Palais Jamai,Fès,5,136,44,65,104354
2011,10,Sofitel Palais Jamai,Fès,5,136,45,65,93919
2011,11,Sofitel Palais Jamai,Fès,5,136,35,65,73048
2011,12,Sofitel Palais Jamai,Fès,5,136,32,65,73048
2011,1,Riad Fès,Fès,5,32,28,90,29181
2011,2,Riad Fès,Fès,5,32,25,90,24317
2011,3,Riad Fès,Fès,5,32,39,90,34044
2011,4,Riad Fès,Fès,5,32,39,90,38907
2011,5,Riad Fès,Fès,5,32,46,90,38907
2011,6,Riad Fès,Fès,5,32,36,90,34044
2011,7,Riad Fès,Fès,5,32,71,90,58361
2011,8,Riad Fès,Fès,5,32,73,90,68088
2011,9,Riad Fès,Fès,5,32,49,90,48634
2011,10,Riad Fès,Fès,5,32,54,90,43771
2011,11,Riad Fès,Fès,5,32,40,90,34044
2011,12,Riad Fès,Fès,5,32,32,90,34044
2011,1,Sofitel Agadir Royal Bay,Agadir,5,174,29,65,87764
2011,2,Sofitel Agadir Royal Bay,Agadir,5,174,26,65,73136
2011,3,Sofitel Agadir Royal Bay,Agadir,5,174,34,65,102391
2011,4,Sofitel Agadir Royal Bay,Agadir,5,174,41,65,117018
2011,5,Sofitel Agadir Royal Bay,Agadir,5,174,42,65,117018
2011,6,Sofitel Agadir Royal Bay,Agadir,5,174,30,65,102391
2011,7,Sofitel Agadir Royal Bay,Agadir,5,174,57,65,175527
2011,8,Sofitel Agadir Royal Bay,Agadir,5,174,59,65,204782
2011,9,Sofitel Agadir Royal Bay,Agadir,5,174,51,65,146273
2011,10,Sofitel Agadir Royal Bay,Agadir,5,174,48,65,131646
2011,11,Sofitel Agadir Royal Bay,Agadir,5,174,28,65,102391
2011,12,Sofitel Agadir Royal Bay,Agadir,5,174,32,65,102391
2011,1,Riu Palace Tikida,Agadir,5,524,26,51,212715
2011,2,Riu Palace Tikida,Agadir,5,524,21,51,177262
2011,3,Riu Palace Tikida,Agadir,5,524,35,51,248167
2011,4,Riu Palace Tikida,Agadir,5,524,43,51,283619
2011,5,Riu Palace Tikida,Agadir,5,524,33,51,283619
2011,6,Riu Palace Tikida,Agadir,5,524,31,51,248167
2011,7,Riu Palace Tikida,Agadir,5,524,63,51,425429
2011,8,Riu Palace Tikida,Agadir,5,524,64,51,496334
2011,9,Riu Palace Tikida,Agadir,5,524,43,51,354524
2011,10,Riu Palace Tikida,Agadir,5,524,45,51,319072
2011,11,Riu Palace Tikida,Agadir,5,524,33,51,248167
2011,12,Riu Palace Tikida,Agadir,5,524,30,51,248167
2011,1,Iberostar Founty,Agadir,5,380,30,48,182092
2011,2,Iberostar Founty,Agadir,5,380,23,48,151743
2011,3,Iberostar Founty,Agadir,5,380,42,48,212441
2011,4,Iberostar Founty,Agadir,5,380,36,48,242789
2011,5,Iberostar Founty,Agadir,5,380,47,48,242789
2011,6,Iberostar Founty,Agadir,5,380,41,48,212441
2011,7,Iberostar Founty,Agadir,5,380,60,48,364184
2011,8,Iberostar Founty,Agadir,5,380,64,48,424882
2011,9,Iberostar Founty,Agadir,5,380,55,48,303487
2011,10,Iberostar Founty,Agadir,5,380,46,48,273138
2011,11,Iberostar Founty,Agadir,5,380,39,48,212441
2011,12,Iberostar Founty,Agadir,5,380,42,48,212441
2011,1,Kasbah Tamadot,Asni,5,28,29,258,66099
2011,2,Kasbah Tamadot,Asni,5,28,27,258,55082
2011,3,Kasbah Tamadot,Asni,5,28,30,258,77115
2011,4,Kasbah Tamadot,Asni,5,28,40,258,88132
2011,5,Kasbah Tamadot,Asni,5,28,42,258,88132
2011,6,Kasbah Tamadot,Asni,5,28,39,258,77115
2011,7,Kasbah Tamadot,Asni,5,28,57,258,132198
2011,8,Kasbah Tamadot,Asni,5,28,81,258,154231
2011,9,Kasbah Tamadot,Asni,5,28,50,258,110165
2011,10,Kasbah Tamadot,Asni,5,28,39,258,99148
2011,11,Kasbah Tamadot,Asni,5,28,35,258,77115
2011,12,Kasbah Tamadot,Asni,5,28,35,258,77115
2011,1,Scarabeo Camp,Agafay,4,14,29,231,34177
2011,2,Scarabeo Camp,Agafay,4,14,23,231,28480
2011,3,Scarabeo Camp,Agafay,4,14,33,231,39873
2011,4,Scarabeo Camp,Agafay,4,14,48,231,45569
2011,5,Scarabeo Camp,Agafay,4,14,37,231,45569
2011,6,Scarabeo Camp,Agafay,4,14,41,231,39873
2011,7,Scarabeo Camp,Agafay,4,14,73,231,68353
2011,8,Scarabeo Camp,Agafay,4,14,70,231,79745
2011,9,Scarabeo Camp,Agafay,4,14,52,231,56961
2011,10,Scarabeo Camp,Agafay,4,14,55,231,51265
2011,11,Scarabeo Camp,Agafay,4,14,41,231,39873
2011,12,Scarabeo Camp,Agafay,4,14,36,231,39873
2011,1,Kam Kam Dunes,Merzouga,3,20,35,114,22016
2011,2,Kam Kam Dunes,Merzouga,3,20,25,114,18347
2011,3,Kam Kam Dunes,Merzouga,3,20,41,114,25685
2011,4,Kam Kam Dunes,Merzouga,3,20,39,114,29354
2011,5,Kam Kam Dunes,Merzouga,3,20,39,114,29354
2011,6,Kam Kam Dunes,Merzouga,3,20,41,114,25685
2011,7,Kam Kam Dunes,Merzouga,3,20,62,114,44032
2011,8,Kam Kam Dunes,Merzouga,3,20,81,114,51370
2011,9,Kam Kam Dunes,Merzouga,3,20,47,114,36693
2011,10,Kam Kam Dunes,Merzouga,3,20,45,114,33024
2011,11,Kam Kam Dunes,Merzouga,3,20,34,114,25685
2011,12,Kam Kam Dunes,Merzouga,3,20,31,114,25685
2011,1,Riad Kniza,Marrakech,5,11,34,265,33229
2011,2,Riad Kniza,Marrakech,5,11,28,265,27691
2011,3,Riad Kniza,Marrakech,5,11,36,265,38767
2011,4,Riad Kniza,Marrakech,5,11,40,265,44305
2011,5,Riad Kniza,Marrakech,5,11,44,265,44305
2011,6,Riad Kniza,Marrakech,5,11,43,265,38767
2011,7,Riad Kniza,Marrakech,5,11,66,265,66458
2011,8,Riad Kniza,Marrakech,5,11,88,265,77534
2011,9,Riad Kniza,Marrakech,5,11,61,265,55381
2011,10,Riad Kniza,Marrakech,5,11,44,265,49843
2011,11,Riad Kniza,Marrakech,5,11,41,265,38767
2011,12,Riad Kniza,Marrakech,5,11,39,265,38767
2011,1,Dar Ahlam,Skoura,5,14,29,326,51619
2011,2,Dar Ahlam,Skoura,5,14,28,326,43016
2011,3,Dar Ahlam,Skoura,5,14,37,326,60222
2011,4,Dar Ahlam,Skoura,5,14,52,326,68825
2011,5,Dar Ahlam,Skoura,5,14,42,326,68825
2011,6,Dar Ahlam,Skoura,5,14,42,326,60222
2011,7,Dar Ahlam,Skoura,5,14,59,326,103238
2011,8,Dar Ahlam,Skoura,5,14,69,326,120444
2011,9,Dar Ahlam,Skoura,5,14,53,326,86031
2011,10,Dar Ahlam,Skoura,5,14,46,326,77428
2011,11,Dar Ahlam,Skoura,5,14,36,326,60222
2011,12,Dar Ahlam,Skoura,5,14,43,326,60222
2012,1,La Mamounia,Marrakech,5,209,36,215,474060
2012,2,La Mamounia,Marrakech,5,209,26,215,395050
2012,3,La Mamounia,Marrakech,5,209,42,215,553070
2012,4,La Mamounia,Marrakech,5,209,42,215,632080
2012,5,La Mamounia,Marrakech,5,209,46,215,632080
2012,6,La Mamounia,Marrakech,5,209,37,215,553070
2012,7,La Mamounia,Marrakech,5,209,74,215,948120
2012,8,La Mamounia,Marrakech,5,209,78,215,1106140
2012,9,La Mamounia,Marrakech,5,209,48,215,790100
2012,10,La Mamounia,Marrakech,5,209,57,215,711090
2012,11,La Mamounia,Marrakech,5,209,41,215,553070
2012,12,La Mamounia,Marrakech,5,209,36,215,553070
2012,1,Royal Mansour,Marrakech,5,53,34,315,191524
2012,2,Royal Mansour,Marrakech,5,53,30,315,159604
2012,3,Royal Mansour,Marrakech,5,53,36,315,223445
2012,4,Royal Mansour,Marrakech,5,53,46,315,255366
2012,5,Royal Mansour,Marrakech,5,53,49,315,255366
2012,6,Royal Mansour,Marrakech,5,53,37,315,223445
2012,7,Royal Mansour,Marrakech,5,53,65,315,383048
2012,8,Royal Mansour,Marrakech,5,53,71,315,446890
2012,9,Royal Mansour,Marrakech,5,53,53,315,319207
2012,10,Royal Mansour,Marrakech,5,53,57,315,287286
2012,11,Royal Mansour,Marrakech,5,53,45,315,223445
2012,12,Royal Mansour,Marrakech,5,53,40,315,223445
2012,1,Four Seasons Resort,Marrakech,5,139,34,178,235007
2012,2,Four Seasons Resort,Marrakech,5,139,28,178,195839
2012,3,Four Seasons Resort,Marrakech,5,139,33,178,274175
2012,4,Four Seasons Resort,Marrakech,5,139,44,178,313343
2012,5,Four Seasons Resort,Marrakech,5,139,43,178,313343
2012,6,Four Seasons Resort,Marrakech,5,139,34,178,274175
2012,7,Four Seasons Resort,Marrakech,5,139,57,178,470014
2012,8,Four Seasons Resort,Marrakech,5,139,82,178,548350
2012,9,Four Seasons Resort,Marrakech,5,139,60,178,391678
2012,10,Four Seasons Resort,Marrakech,5,139,51,178,352511
2012,11,Four Seasons Resort,Marrakech,5,139,39,178,274175
2012,12,Four Seasons Resort,Marrakech,5,139,38,178,274175
2012,1,Amanjena,Marrakech,5,32,34,260,91167
2012,2,Amanjena,Marrakech,5,32,29,260,75973
2012,3,Amanjena,Marrakech,5,32,42,260,106362
2012,4,Amanjena,Marrakech,5,32,47,260,121557
2012,5,Amanjena,Marrakech,5,32,45,260,121557
2012,6,Amanjena,Marrakech,5,32,42,260,106362
2012,7,Amanjena,Marrakech,5,32,59,260,182335
2012,8,Amanjena,Marrakech,5,32,87,260,212724
2012,9,Amanjena,Marrakech,5,32,60,260,151946
2012,10,Amanjena,Marrakech,5,32,55,260,136751
2012,11,Amanjena,Marrakech,5,32,36,260,106362
2012,12,Amanjena,Marrakech,5,32,42,260,106362
2012,1,Sofitel Marrakech,Marrakech,5,303,37,137,418701
2012,2,Sofitel Marrakech,Marrakech,5,303,30,137,348918
2012,3,Sofitel Marrakech,Marrakech,5,303,35,137,488485
2012,4,Sofitel Marrakech,Marrakech,5,303,46,137,558268
2012,5,Sofitel Marrakech,Marrakech,5,303,49,137,558268
2012,6,Sofitel Marrakech,Marrakech,5,303,38,137,488485
2012,7,Sofitel Marrakech,Marrakech,5,303,64,137,837403
2012,8,Sofitel Marrakech,Marrakech,5,303,68,137,976970
2012,9,Sofitel Marrakech,Marrakech,5,303,50,137,697835
2012,10,Sofitel Marrakech,Marrakech,5,303,51,137,628052
2012,11,Sofitel Marrakech,Marrakech,5,303,32,137,488485
2012,12,Sofitel Marrakech,Marrakech,5,303,36,137,488485
2012,1,Riad Yasmine,Marrakech,4,7,34,57,4201
2012,2,Riad Yasmine,Marrakech,4,7,31,57,3500
2012,3,Riad Yasmine,Marrakech,4,7,35,57,4901
2012,4,Riad Yasmine,Marrakech,4,7,40,57,5601
2012,5,Riad Yasmine,Marrakech,4,7,50,57,5601
2012,6,Riad Yasmine,Marrakech,4,7,42,57,4901
2012,7,Riad Yasmine,Marrakech,4,7,58,57,8401
2012,8,Riad Yasmine,Marrakech,4,7,69,57,9801
2012,9,Riad Yasmine,Marrakech,4,7,50,57,7001
2012,10,Riad Yasmine,Marrakech,4,7,46,57,6301
2012,11,Riad Yasmine,Marrakech,4,7,42,57,4901
2012,12,Riad Yasmine,Marrakech,4,7,43,57,4901
2012,1,Kenzi Tower Hotel,Casablanca,5,240,26,106,183423
2012,2,Kenzi Tower Hotel,Casablanca,5,240,22,106,152853
2012,3,Kenzi Tower Hotel,Casablanca,5,240,33,106,213994
2012,4,Kenzi Tower Hotel,Casablanca,5,240,34,106,244565
2012,5,Kenzi Tower Hotel,Casablanca,5,240,37,106,244565
2012,6,Kenzi Tower Hotel,Casablanca,5,240,31,106,213994
2012,7,Kenzi Tower Hotel,Casablanca,5,240,61,106,366847
2012,8,Kenzi Tower Hotel,Casablanca,5,240,60,106,427988
2012,9,Kenzi Tower Hotel,Casablanca,5,240,39,106,305706
2012,10,Kenzi Tower Hotel,Casablanca,5,240,38,106,275135
2012,11,Kenzi Tower Hotel,Casablanca,5,240,30,106,213994
2012,12,Kenzi Tower Hotel,Casablanca,5,240,29,106,213994
2012,1,Four Seasons Casablanca,Casablanca,5,186,31,160,262663
2012,2,Four Seasons Casablanca,Casablanca,5,186,29,160,218886
2012,3,Four Seasons Casablanca,Casablanca,5,186,38,160,306440
2012,4,Four Seasons Casablanca,Casablanca,5,186,45,160,350217
2012,5,Four Seasons Casablanca,Casablanca,5,186,42,160,350217
2012,6,Four Seasons Casablanca,Casablanca,5,186,35,160,306440
2012,7,Four Seasons Casablanca,Casablanca,5,186,52,160,525326
2012,8,Four Seasons Casablanca,Casablanca,5,186,61,160,612880
2012,9,Four Seasons Casablanca,Casablanca,5,186,49,160,437771
2012,10,Four Seasons Casablanca,Casablanca,5,186,42,160,393994
2012,11,Four Seasons Casablanca,Casablanca,5,186,33,160,306440
2012,12,Four Seasons Casablanca,Casablanca,5,186,32,160,306440
2012,1,Hyatt Regency,Casablanca,5,252,33,106,234988
2012,2,Hyatt Regency,Casablanca,5,252,26,106,195823
2012,3,Hyatt Regency,Casablanca,5,252,33,106,274153
2012,4,Hyatt Regency,Casablanca,5,252,46,106,313317
2012,5,Hyatt Regency,Casablanca,5,252,42,106,313317
2012,6,Hyatt Regency,Casablanca,5,252,37,106,274153
2012,7,Hyatt Regency,Casablanca,5,252,62,106,469976
2012,8,Hyatt Regency,Casablanca,5,252,67,106,548306
2012,9,Hyatt Regency,Casablanca,5,252,47,106,391647
2012,10,Hyatt Regency,Casablanca,5,252,44,106,352482
2012,11,Hyatt Regency,Casablanca,5,252,34,106,274153
2012,12,Hyatt Regency,Casablanca,5,252,35,106,274153
2012,1,Sofitel Casablanca,Casablanca,5,141,34,87,104261
2012,2,Sofitel Casablanca,Casablanca,5,141,25,87,86884
2012,3,Sofitel Casablanca,Casablanca,5,141,31,87,121637
2012,4,Sofitel Casablanca,Casablanca,5,141,38,87,139014
2012,5,Sofitel Casablanca,Casablanca,5,141,34,87,139014
2012,6,Sofitel Casablanca,Casablanca,5,141,38,87,121637
2012,7,Sofitel Casablanca,Casablanca,5,141,61,87,208521
2012,8,Sofitel Casablanca,Casablanca,5,141,73,87,243275
2012,9,Sofitel Casablanca,Casablanca,5,141,45,87,173768
2012,10,Sofitel Casablanca,Casablanca,5,141,44,87,156391
2012,11,Sofitel Casablanca,Casablanca,5,141,36,87,121637
2012,12,Sofitel Casablanca,Casablanca,5,141,39,87,121637
2012,1,Hilton Tanger City Center,Tanger,5,200,34,94,162059
2012,2,Hilton Tanger City Center,Tanger,5,200,21,94,135049
2012,3,Hilton Tanger City Center,Tanger,5,200,35,94,189069
2012,4,Hilton Tanger City Center,Tanger,5,200,44,94,216079
2012,5,Hilton Tanger City Center,Tanger,5,200,38,94,216079
2012,6,Hilton Tanger City Center,Tanger,5,200,34,94,189069
2012,7,Hilton Tanger City Center,Tanger,5,200,69,94,324118
2012,8,Hilton Tanger City Center,Tanger,5,200,80,94,378138
2012,9,Hilton Tanger City Center,Tanger,5,200,50,94,270099
2012,10,Hilton Tanger City Center,Tanger,5,200,40,94,243089
2012,11,Hilton Tanger City Center,Tanger,5,200,35,94,189069
2012,12,Hilton Tanger City Center,Tanger,5,200,40,94,189069
2012,1,Sofitel Tanger Bay,Tanger,5,103,30,75,61039
2012,2,Sofitel Tanger Bay,Tanger,5,103,27,75,50866
2012,3,Sofitel Tanger Bay,Tanger,5,103,32,75,71212
2012,4,Sofitel Tanger Bay,Tanger,5,103,38,75,81386
2012,5,Sofitel Tanger Bay,Tanger,5,103,43,75,81386
2012,6,Sofitel Tanger Bay,Tanger,5,103,38,75,71212
2012,7,Sofitel Tanger Bay,Tanger,5,103,58,75,122079
2012,8,Sofitel Tanger Bay,Tanger,5,103,64,75,142425
2012,9,Sofitel Tanger Bay,Tanger,5,103,45,75,101732
2012,10,Sofitel Tanger Bay,Tanger,5,103,38,75,91559
2012,11,Sofitel Tanger Bay,Tanger,5,103,33,75,71212
2012,12,Sofitel Tanger Bay,Tanger,5,103,38,75,71212
2012,1,Hotel & Spa La Folie,Tanger,4,44,33,66,33337
2012,2,Hotel & Spa La Folie,Tanger,4,44,28,66,27781
2012,3,Hotel & Spa La Folie,Tanger,4,44,41,66,38893
2012,4,Hotel & Spa La Folie,Tanger,4,44,49,66,44450
2012,5,Hotel & Spa La Folie,Tanger,4,44,43,66,44450
2012,6,Hotel & Spa La Folie,Tanger,4,44,37,66,38893
2012,7,Hotel & Spa La Folie,Tanger,4,44,74,66,66674
2012,8,Hotel & Spa La Folie,Tanger,4,44,73,66,77787
2012,9,Hotel & Spa La Folie,Tanger,4,44,52,66,55562
2012,10,Hotel & Spa La Folie,Tanger,4,44,51,66,50006
2012,11,Hotel & Spa La Folie,Tanger,4,44,36,66,38893
2012,12,Hotel & Spa La Folie,Tanger,4,44,45,66,38893
2012,1,Riad Laaroussa,Fès,5,28,34,103,25030
2012,2,Riad Laaroussa,Fès,5,28,28,103,20859
2012,3,Riad Laaroussa,Fès,5,28,31,103,29202
2012,4,Riad Laaroussa,Fès,5,28,46,103,33374
2012,5,Riad Laaroussa,Fès,5,28,39,103,33374
2012,6,Riad Laaroussa,Fès,5,28,34,103,29202
2012,7,Riad Laaroussa,Fès,5,28,63,103,50061
2012,8,Riad Laaroussa,Fès,5,28,75,103,58404
2012,9,Riad Laaroussa,Fès,5,28,45,103,41717
2012,10,Riad Laaroussa,Fès,5,28,51,103,37545
2012,11,Riad Laaroussa,Fès,5,28,30,103,29202
2012,12,Riad Laaroussa,Fès,5,28,34,103,29202
2012,1,Palais Amani,Fès,5,21,33,121,23134
2012,2,Palais Amani,Fès,5,21,23,121,19279
2012,3,Palais Amani,Fès,5,21,31,121,26990
2012,4,Palais Amani,Fès,5,21,47,121,30846
2012,5,Palais Amani,Fès,5,21,44,121,30846
2012,6,Palais Amani,Fès,5,21,33,121,26990
2012,7,Palais Amani,Fès,5,21,62,121,46268
2012,8,Palais Amani,Fès,5,21,77,121,53980
2012,9,Palais Amani,Fès,5,21,46,121,38557
2012,10,Palais Amani,Fès,5,21,45,121,34701
2012,11,Palais Amani,Fès,5,21,38,121,26990
2012,12,Palais Amani,Fès,5,21,41,121,26990
2012,1,Sofitel Palais Jamai,Fès,5,136,34,83,125116
2012,2,Sofitel Palais Jamai,Fès,5,136,32,83,104263
2012,3,Sofitel Palais Jamai,Fès,5,136,39,83,145969
2012,4,Sofitel Palais Jamai,Fès,5,136,47,83,166821
2012,5,Sofitel Palais Jamai,Fès,5,136,50,83,166821
2012,6,Sofitel Palais Jamai,Fès,5,136,41,83,145969
2012,7,Sofitel Palais Jamai,Fès,5,136,76,83,250232
2012,8,Sofitel Palais Jamai,Fès,5,136,90,83,291938
2012,9,Sofitel Palais Jamai,Fès,5,136,53,83,208527
2012,10,Sofitel Palais Jamai,Fès,5,136,49,83,187674
2012,11,Sofitel Palais Jamai,Fès,5,136,36,83,145969
2012,12,Sofitel Palais Jamai,Fès,5,136,42,83,145969
2012,1,Riad Fès,Fès,5,32,30,87,25077
2012,2,Riad Fès,Fès,5,32,28,87,20897
2012,3,Riad Fès,Fès,5,32,39,87,29256
2012,4,Riad Fès,Fès,5,32,36,87,33435
2012,5,Riad Fès,Fès,5,32,42,87,33435
2012,6,Riad Fès,Fès,5,32,36,87,29256
2012,7,Riad Fès,Fès,5,32,63,87,50153
2012,8,Riad Fès,Fès,5,32,70,87,58512
2012,9,Riad Fès,Fès,5,32,54,87,41794
2012,10,Riad Fès,Fès,5,32,44,87,37615
2012,11,Riad Fès,Fès,5,32,34,87,29256
2012,12,Riad Fès,Fès,5,32,32,87,29256
2012,1,Sofitel Agadir Royal Bay,Agadir,5,174,33,68,99098
2012,2,Sofitel Agadir Royal Bay,Agadir,5,174,27,68,82582
2012,3,Sofitel Agadir Royal Bay,Agadir,5,174,38,68,115615
2012,4,Sofitel Agadir Royal Bay,Agadir,5,174,42,68,132131
2012,5,Sofitel Agadir Royal Bay,Agadir,5,174,45,68,132131
2012,6,Sofitel Agadir Royal Bay,Agadir,5,174,34,68,115615
2012,7,Sofitel Agadir Royal Bay,Agadir,5,174,58,68,198196
2012,8,Sofitel Agadir Royal Bay,Agadir,5,174,70,68,231229
2012,9,Sofitel Agadir Royal Bay,Agadir,5,174,49,68,165164
2012,10,Sofitel Agadir Royal Bay,Agadir,5,174,39,68,148647
2012,11,Sofitel Agadir Royal Bay,Agadir,5,174,33,68,115615
2012,12,Sofitel Agadir Royal Bay,Agadir,5,174,33,68,115615
2012,1,Riu Palace Tikida,Agadir,5,524,35,56,265461
2012,2,Riu Palace Tikida,Agadir,5,524,23,56,221218
2012,3,Riu Palace Tikida,Agadir,5,524,34,56,309705
2012,4,Riu Palace Tikida,Agadir,5,524,38,56,353948
2012,5,Riu Palace Tikida,Agadir,5,524,46,56,353948
2012,6,Riu Palace Tikida,Agadir,5,524,33,56,309705
2012,7,Riu Palace Tikida,Agadir,5,524,52,56,530922
2012,8,Riu Palace Tikida,Agadir,5,524,65,56,619409
2012,9,Riu Palace Tikida,Agadir,5,524,47,56,442435
2012,10,Riu Palace Tikida,Agadir,5,524,48,56,398192
2012,11,Riu Palace Tikida,Agadir,5,524,33,56,309705
2012,12,Riu Palace Tikida,Agadir,5,524,39,56,309705
2012,1,Iberostar Founty,Agadir,5,380,31,42,117158
2012,2,Iberostar Founty,Agadir,5,380,21,42,97632
2012,3,Iberostar Founty,Agadir,5,380,37,42,136685
2012,4,Iberostar Founty,Agadir,5,380,32,42,156211
2012,5,Iberostar Founty,Agadir,5,380,37,42,156211
2012,6,Iberostar Founty,Agadir,5,380,34,42,136685
2012,7,Iberostar Founty,Agadir,5,380,49,42,234316
2012,8,Iberostar Founty,Agadir,5,380,72,42,273369
2012,9,Iberostar Founty,Agadir,5,380,47,42,195264
2012,10,Iberostar Founty,Agadir,5,380,48,42,175737
2012,11,Iberostar Founty,Agadir,5,380,28,42,136685
2012,12,Iberostar Founty,Agadir,5,380,29,42,136685
2012,1,Kasbah Tamadot,Asni,5,28,33,291,92860
2012,2,Kasbah Tamadot,Asni,5,28,29,291,77383
2012,3,Kasbah Tamadot,Asni,5,28,35,291,108337
2012,4,Kasbah Tamadot,Asni,5,28,40,291,123813
2012,5,Kasbah Tamadot,Asni,5,28,52,291,123813
2012,6,Kasbah Tamadot,Asni,5,28,45,291,108337
2012,7,Kasbah Tamadot,Asni,5,28,67,291,185720
2012,8,Kasbah Tamadot,Asni,5,28,85,291,216674
2012,9,Kasbah Tamadot,Asni,5,28,56,291,154767
2012,10,Kasbah Tamadot,Asni,5,28,52,291,139290
2012,11,Kasbah Tamadot,Asni,5,28,44,291,108337
2012,12,Kasbah Tamadot,Asni,5,28,39,291,108337
2012,1,Scarabeo Camp,Agafay,4,14,31,211,25069
2012,2,Scarabeo Camp,Agafay,4,14,26,211,20891
2012,3,Scarabeo Camp,Agafay,4,14,32,211,29248
2012,4,Scarabeo Camp,Agafay,4,14,40,211,33426
2012,5,Scarabeo Camp,Agafay,4,14,40,211,33426
2012,6,Scarabeo Camp,Agafay,4,14,35,211,29248
2012,7,Scarabeo Camp,Agafay,4,14,65,211,50139
2012,8,Scarabeo Camp,Agafay,4,14,61,211,58495
2012,9,Scarabeo Camp,Agafay,4,14,48,211,41782
2012,10,Scarabeo Camp,Agafay,4,14,39,211,37604
2012,11,Scarabeo Camp,Agafay,4,14,30,211,29248
2012,12,Scarabeo Camp,Agafay,4,14,39,211,29248
2012,1,Kam Kam Dunes,Merzouga,3,20,33,104,16650
2012,2,Kam Kam Dunes,Merzouga,3,20,27,104,13875
2012,3,Kam Kam Dunes,Merzouga,3,20,32,104,19424
2012,4,Kam Kam Dunes,Merzouga,3,20,37,104,22199
2012,5,Kam Kam Dunes,Merzouga,3,20,36,104,22199
2012,6,Kam Kam Dunes,Merzouga,3,20,34,104,19424
2012,7,Kam Kam Dunes,Merzouga,3,20,58,104,33299
2012,8,Kam Kam Dunes,Merzouga,3,20,66,104,38849
2012,9,Kam Kam Dunes,Merzouga,3,20,52,104,27749
2012,10,Kam Kam Dunes,Merzouga,3,20,41,104,24974
2012,11,Kam Kam Dunes,Merzouga,3,20,37,104,19424
2012,12,Kam Kam Dunes,Merzouga,3,20,31,104,19424
2012,1,Riad Kniza,Marrakech,5,11,26,222,18645
2012,2,Riad Kniza,Marrakech,5,11,25,222,15537
2012,3,Riad Kniza,Marrakech,5,11,34,222,21752
2012,4,Riad Kniza,Marrakech,5,11,38,222,24860
2012,5,Riad Kniza,Marrakech,5,11,35,222,24860
2012,6,Riad Kniza,Marrakech,5,11,33,222,21752
2012,7,Riad Kniza,Marrakech,5,11,58,222,37289
2012,8,Riad Kniza,Marrakech,5,11,60,222,43504
2012,9,Riad Kniza,Marrakech,5,11,50,222,31074
2012,10,Riad Kniza,Marrakech,5,11,37,222,27967
2012,11,Riad Kniza,Marrakech,5,11,33,222,21752
2012,12,Riad Kniza,Marrakech,5,11,31,222,21752
2012,1,Dar Ahlam,Skoura,5,14,31,294,36016
2012,2,Dar Ahlam,Skoura,5,14,24,294,30013
2012,3,Dar Ahlam,Skoura,5,14,36,294,42019
2012,4,Dar Ahlam,Skoura,5,14,44,294,48021
2012,5,Dar Ahlam,Skoura,5,14,41,294,48021
2012,6,Dar Ahlam,Skoura,5,14,38,294,42019
2012,7,Dar Ahlam,Skoura,5,14,59,294,72032
2012,8,Dar Ahlam,Skoura,5,14,76,294,84037
2012,9,Dar Ahlam,Skoura,5,14,51,294,60027
2012,10,Dar Ahlam,Skoura,5,14,49,294,54024
2012,11,Dar Ahlam,Skoura,5,14,40,294,42019
2012,12,Dar Ahlam,Skoura,5,14,37,294,42019
2013,1,La Mamounia,Marrakech,5,209,38,228,550284
2013,2,La Mamounia,Marrakech,5,209,29,228,458570
2013,3,La Mamounia,Marrakech,5,209,44,228,641998
2013,4,La Mamounia,Marrakech,5,209,41,228,733712
2013,5,La Mamounia,Marrakech,5,209,52,228,733712
2013,6,La Mamounia,Marrakech,5,209,39,228,641998
2013,7,La Mamounia,Marrakech,5,209,74,228,1100567
2013,8,La Mamounia,Marrakech,5,209,86,228,1283995
2013,9,La Mamounia,Marrakech,5,209,63,228,917139
2013,10,La Mamounia,Marrakech,5,209,59,228,825426
2013,11,La Mamounia,Marrakech,5,209,45,228,641998
2013,12,La Mamounia,Marrakech,5,209,41,228,641998
2013,1,Royal Mansour,Marrakech,5,53,31,329,210340
2013,2,Royal Mansour,Marrakech,5,53,32,329,175283
2013,3,Royal Mansour,Marrakech,5,53,37,329,245396
2013,4,Royal Mansour,Marrakech,5,53,48,329,280453
2013,5,Royal Mansour,Marrakech,5,53,52,329,280453
2013,6,Royal Mansour,Marrakech,5,53,46,329,245396
2013,7,Royal Mansour,Marrakech,5,53,66,329,420679
2013,8,Royal Mansour,Marrakech,5,53,74,329,490793
2013,9,Royal Mansour,Marrakech,5,53,66,329,350566
2013,10,Royal Mansour,Marrakech,5,53,48,329,315510
2013,11,Royal Mansour,Marrakech,5,53,45,329,245396
2013,12,Royal Mansour,Marrakech,5,53,41,329,245396
2013,1,Four Seasons Resort,Marrakech,5,139,35,173,206523
2013,2,Four Seasons Resort,Marrakech,5,139,25,173,172103
2013,3,Four Seasons Resort,Marrakech,5,139,34,173,240944
2013,4,Four Seasons Resort,Marrakech,5,139,37,173,275365
2013,5,Four Seasons Resort,Marrakech,5,139,37,173,275365
2013,6,Four Seasons Resort,Marrakech,5,139,34,173,240944
2013,7,Four Seasons Resort,Marrakech,5,139,54,173,413047
2013,8,Four Seasons Resort,Marrakech,5,139,72,173,481888
2013,9,Four Seasons Resort,Marrakech,5,139,48,173,344206
2013,10,Four Seasons Resort,Marrakech,5,139,45,173,309785
2013,11,Four Seasons Resort,Marrakech,5,139,38,173,240944
2013,12,Four Seasons Resort,Marrakech,5,139,38,173,240944
2013,1,Amanjena,Marrakech,5,32,26,223,55096
2013,2,Amanjena,Marrakech,5,32,25,223,45913
2013,3,Amanjena,Marrakech,5,32,34,223,64279
2013,4,Amanjena,Marrakech,5,32,33,223,73461
2013,5,Amanjena,Marrakech,5,32,44,223,73461
2013,6,Amanjena,Marrakech,5,32,34,223,64279
2013,7,Amanjena,Marrakech,5,32,54,223,110192
2013,8,Amanjena,Marrakech,5,32,67,223,128557
2013,9,Amanjena,Marrakech,5,32,46,223,91827
2013,10,Amanjena,Marrakech,5,32,40,223,82644
2013,11,Amanjena,Marrakech,5,32,32,223,64279
2013,12,Amanjena,Marrakech,5,32,33,223,64279
2013,1,Sofitel Marrakech,Marrakech,5,303,32,142,437947
2013,2,Sofitel Marrakech,Marrakech,5,303,26,142,364956
2013,3,Sofitel Marrakech,Marrakech,5,303,36,142,510938
2013,4,Sofitel Marrakech,Marrakech,5,303,40,142,583929
2013,5,Sofitel Marrakech,Marrakech,5,303,42,142,583929
2013,6,Sofitel Marrakech,Marrakech,5,303,36,142,510938
2013,7,Sofitel Marrakech,Marrakech,5,303,64,142,875894
2013,8,Sofitel Marrakech,Marrakech,5,303,81,142,1021876
2013,9,Sofitel Marrakech,Marrakech,5,303,61,142,729912
2013,10,Sofitel Marrakech,Marrakech,5,303,52,142,656921
2013,11,Sofitel Marrakech,Marrakech,5,303,33,142,510938
2013,12,Sofitel Marrakech,Marrakech,5,303,35,142,510938
2013,1,Riad Yasmine,Marrakech,4,7,38,58,4214
2013,2,Riad Yasmine,Marrakech,4,7,29,58,3512
2013,3,Riad Yasmine,Marrakech,4,7,35,58,4917
2013,4,Riad Yasmine,Marrakech,4,7,44,58,5619
2013,5,Riad Yasmine,Marrakech,4,7,46,58,5619
2013,6,Riad Yasmine,Marrakech,4,7,44,58,4917
2013,7,Riad Yasmine,Marrakech,4,7,61,58,8428
2013,8,Riad Yasmine,Marrakech,4,7,73,58,9833
2013,9,Riad Yasmine,Marrakech,4,7,48,58,7024
2013,10,Riad Yasmine,Marrakech,4,7,47,58,6321
2013,11,Riad Yasmine,Marrakech,4,7,38,58,4917
2013,12,Riad Yasmine,Marrakech,4,7,44,58,4917
2013,1,Kenzi Tower Hotel,Casablanca,5,240,31,114,222816
2013,2,Kenzi Tower Hotel,Casablanca,5,240,25,114,185680
2013,3,Kenzi Tower Hotel,Casablanca,5,240,30,114,259952
2013,4,Kenzi Tower Hotel,Casablanca,5,240,43,114,297088
2013,5,Kenzi Tower Hotel,Casablanca,5,240,38,114,297088
2013,6,Kenzi Tower Hotel,Casablanca,5,240,39,114,259952
2013,7,Kenzi Tower Hotel,Casablanca,5,240,58,114,445632
2013,8,Kenzi Tower Hotel,Casablanca,5,240,66,114,519904
2013,9,Kenzi Tower Hotel,Casablanca,5,240,43,114,371360
2013,10,Kenzi Tower Hotel,Casablanca,5,240,42,114,334224
2013,11,Kenzi Tower Hotel,Casablanca,5,240,39,114,259952
2013,12,Kenzi Tower Hotel,Casablanca,5,240,36,114,259952
2013,1,Four Seasons Casablanca,Casablanca,5,186,35,165,282903
2013,2,Four Seasons Casablanca,Casablanca,5,186,23,165,235753
2013,3,Four Seasons Casablanca,Casablanca,5,186,37,165,330054
2013,4,Four Seasons Casablanca,Casablanca,5,186,48,165,377204
2013,5,Four Seasons Casablanca,Casablanca,5,186,45,165,377204
2013,6,Four Seasons Casablanca,Casablanca,5,186,38,165,330054
2013,7,Four Seasons Casablanca,Casablanca,5,186,71,165,565806
2013,8,Four Seasons Casablanca,Casablanca,5,186,68,165,660107
2013,9,Four Seasons Casablanca,Casablanca,5,186,61,165,471505
2013,10,Four Seasons Casablanca,Casablanca,5,186,48,165,424355
2013,11,Four Seasons Casablanca,Casablanca,5,186,42,165,330054
2013,12,Four Seasons Casablanca,Casablanca,5,186,36,165,330054
2013,1,Hyatt Regency,Casablanca,5,252,34,123,344877
2013,2,Hyatt Regency,Casablanca,5,252,32,123,287397
2013,3,Hyatt Regency,Casablanca,5,252,35,123,402356
2013,4,Hyatt Regency,Casablanca,5,252,42,123,459836
2013,5,Hyatt Regency,Casablanca,5,252,47,123,459836
2013,6,Hyatt Regency,Casablanca,5,252,39,123,402356
2013,7,Hyatt Regency,Casablanca,5,252,65,123,689753
2013,8,Hyatt Regency,Casablanca,5,252,73,123,804712
2013,9,Hyatt Regency,Casablanca,5,252,49,123,574794
2013,10,Hyatt Regency,Casablanca,5,252,59,123,517315
2013,11,Hyatt Regency,Casablanca,5,252,35,123,402356
2013,12,Hyatt Regency,Casablanca,5,252,46,123,402356
2013,1,Sofitel Casablanca,Casablanca,5,141,35,100,150241
2013,2,Sofitel Casablanca,Casablanca,5,141,26,100,125201
2013,3,Sofitel Casablanca,Casablanca,5,141,40,100,175281
2013,4,Sofitel Casablanca,Casablanca,5,141,45,100,200321
2013,5,Sofitel Casablanca,Casablanca,5,141,44,100,200321
2013,6,Sofitel Casablanca,Casablanca,5,141,35,100,175281
2013,7,Sofitel Casablanca,Casablanca,5,141,66,100,300481
2013,8,Sofitel Casablanca,Casablanca,5,141,84,100,350561
2013,9,Sofitel Casablanca,Casablanca,5,141,51,100,250401
2013,10,Sofitel Casablanca,Casablanca,5,141,56,100,225361
2013,11,Sofitel Casablanca,Casablanca,5,141,45,100,175281
2013,12,Sofitel Casablanca,Casablanca,5,141,37,100,175281
2013,1,Hilton Tanger City Center,Tanger,5,200,37,112,266242
2013,2,Hilton Tanger City Center,Tanger,5,200,29,112,221868
2013,3,Hilton Tanger City Center,Tanger,5,200,36,112,310615
2013,4,Hilton Tanger City Center,Tanger,5,200,47,112,354989
2013,5,Hilton Tanger City Center,Tanger,5,200,48,112,354989
2013,6,Hilton Tanger City Center,Tanger,5,200,41,112,310615
2013,7,Hilton Tanger City Center,Tanger,5,200,77,112,532484
2013,8,Hilton Tanger City Center,Tanger,5,200,85,112,621231
2013,9,Hilton Tanger City Center,Tanger,5,200,65,112,443736
2013,10,Hilton Tanger City Center,Tanger,5,200,46,112,399363
2013,11,Hilton Tanger City Center,Tanger,5,200,41,112,310615
2013,12,Hilton Tanger City Center,Tanger,5,200,36,112,310615
2013,1,Sofitel Tanger Bay,Tanger,5,103,29,77,64462
2013,2,Sofitel Tanger Bay,Tanger,5,103,26,77,53718
2013,3,Sofitel Tanger Bay,Tanger,5,103,33,77,75205
2013,4,Sofitel Tanger Bay,Tanger,5,103,36,77,85949
2013,5,Sofitel Tanger Bay,Tanger,5,103,36,77,85949
2013,6,Sofitel Tanger Bay,Tanger,5,103,31,77,75205
2013,7,Sofitel Tanger Bay,Tanger,5,103,55,77,128924
2013,8,Sofitel Tanger Bay,Tanger,5,103,75,77,150411
2013,9,Sofitel Tanger Bay,Tanger,5,103,44,77,107436
2013,10,Sofitel Tanger Bay,Tanger,5,103,41,77,96693
2013,11,Sofitel Tanger Bay,Tanger,5,103,39,77,75205
2013,12,Sofitel Tanger Bay,Tanger,5,103,32,77,75205
2013,1,Hotel & Spa La Folie,Tanger,4,44,36,64,28296
2013,2,Hotel & Spa La Folie,Tanger,4,44,27,64,23580
2013,3,Hotel & Spa La Folie,Tanger,4,44,33,64,33012
2013,4,Hotel & Spa La Folie,Tanger,4,44,49,64,37728
2013,5,Hotel & Spa La Folie,Tanger,4,44,40,64,37728
2013,6,Hotel & Spa La Folie,Tanger,4,44,39,64,33012
2013,7,Hotel & Spa La Folie,Tanger,4,44,68,64,56592
2013,8,Hotel & Spa La Folie,Tanger,4,44,88,64,66024
2013,9,Hotel & Spa La Folie,Tanger,4,44,52,64,47160
2013,10,Hotel & Spa La Folie,Tanger,4,44,50,64,42444
2013,11,Hotel & Spa La Folie,Tanger,4,44,43,64,33012
2013,12,Hotel & Spa La Folie,Tanger,4,44,37,64,33012
2013,1,Riad Laaroussa,Fès,5,28,37,124,41827
2013,2,Riad Laaroussa,Fès,5,28,31,124,34856
2013,3,Riad Laaroussa,Fès,5,28,43,124,48798
2013,4,Riad Laaroussa,Fès,5,28,54,124,55769
2013,5,Riad Laaroussa,Fès,5,28,41,124,55769
2013,6,Riad Laaroussa,Fès,5,28,41,124,48798
2013,7,Riad Laaroussa,Fès,5,28,63,124,83653
2013,8,Riad Laaroussa,Fès,5,28,96,124,97596
2013,9,Riad Laaroussa,Fès,5,28,66,124,69711
2013,10,Riad Laaroussa,Fès,5,28,61,124,62740
2013,11,Riad Laaroussa,Fès,5,28,44,124,48798
2013,12,Riad Laaroussa,Fès,5,28,42,124,48798
2013,1,Palais Amani,Fès,5,21,39,140,34228
2013,2,Palais Amani,Fès,5,21,28,140,28523
2013,3,Palais Amani,Fès,5,21,39,140,39933
2013,4,Palais Amani,Fès,5,21,50,140,45637
2013,5,Palais Amani,Fès,5,21,41,140,45637
2013,6,Palais Amani,Fès,5,21,37,140,39933
2013,7,Palais Amani,Fès,5,21,61,140,68456
2013,8,Palais Amani,Fès,5,21,77,140,79865
2013,9,Palais Amani,Fès,5,21,56,140,57046
2013,10,Palais Amani,Fès,5,21,49,140,51342
2013,11,Palais Amani,Fès,5,21,41,140,39933
2013,12,Palais Amani,Fès,5,21,43,140,39933
2013,1,Sofitel Palais Jamai,Fès,5,136,37,78,101673
2013,2,Sofitel Palais Jamai,Fès,5,136,31,78,84727
2013,3,Sofitel Palais Jamai,Fès,5,136,36,78,118618
2013,4,Sofitel Palais Jamai,Fès,5,136,48,78,135564
2013,5,Sofitel Palais Jamai,Fès,5,136,45,78,135564
2013,6,Sofitel Palais Jamai,Fès,5,136,41,78,118618
2013,7,Sofitel Palais Jamai,Fès,5,136,57,78,203345
2013,8,Sofitel Palais Jamai,Fès,5,136,69,78,237236
2013,9,Sofitel Palais Jamai,Fès,5,136,51,78,169454
2013,10,Sofitel Palais Jamai,Fès,5,136,41,78,152509
2013,11,Sofitel Palais Jamai,Fès,5,136,42,78,118618
2013,12,Sofitel Palais Jamai,Fès,5,136,43,78,118618
2013,1,Riad Fès,Fès,5,32,26,81,19500
2013,2,Riad Fès,Fès,5,32,26,81,16250
2013,3,Riad Fès,Fès,5,32,38,81,22750
2013,4,Riad Fès,Fès,5,32,38,81,25999
2013,5,Riad Fès,Fès,5,32,33,81,25999
2013,6,Riad Fès,Fès,5,32,35,81,22750
2013,7,Riad Fès,Fès,5,32,50,81,38999
2013,8,Riad Fès,Fès,5,32,73,81,45499
2013,9,Riad Fès,Fès,5,32,48,81,32499
2013,10,Riad Fès,Fès,5,32,43,81,29249
2013,11,Riad Fès,Fès,5,32,36,81,22750
2013,12,Riad Fès,Fès,5,32,31,81,22750
2013,1,Sofitel Agadir Royal Bay,Agadir,5,174,32,82,162990
2013,2,Sofitel Agadir Royal Bay,Agadir,5,174,29,82,135825
2013,3,Sofitel Agadir Royal Bay,Agadir,5,174,37,82,190155
2013,4,Sofitel Agadir Royal Bay,Agadir,5,174,50,82,217320
2013,5,Sofitel Agadir Royal Bay,Agadir,5,174,42,82,217320
2013,6,Sofitel Agadir Royal Bay,Agadir,5,174,47,82,190155
2013,7,Sofitel Agadir Royal Bay,Agadir,5,174,70,82,325981
2013,8,Sofitel Agadir Royal Bay,Agadir,5,174,84,82,380311
2013,9,Sofitel Agadir Royal Bay,Agadir,5,174,55,82,271650
2013,10,Sofitel Agadir Royal Bay,Agadir,5,174,55,82,244485
2013,11,Sofitel Agadir Royal Bay,Agadir,5,174,44,82,190155
2013,12,Sofitel Agadir Royal Bay,Agadir,5,174,39,82,190155
2013,1,Riu Palace Tikida,Agadir,5,524,38,66,416262
2013,2,Riu Palace Tikida,Agadir,5,524,32,66,346885
2013,3,Riu Palace Tikida,Agadir,5,524,43,66,485639
2013,4,Riu Palace Tikida,Agadir,5,524,50,66,555016
2013,5,Riu Palace Tikida,Agadir,5,524,50,66,555016
2013,6,Riu Palace Tikida,Agadir,5,524,42,66,485639
2013,7,Riu Palace Tikida,Agadir,5,524,76,66,832524
2013,8,Riu Palace Tikida,Agadir,5,524,82,66,971277
2013,9,Riu Palace Tikida,Agadir,5,524,64,66,693770
2013,10,Riu Palace Tikida,Agadir,5,524,49,66,624393
2013,11,Riu Palace Tikida,Agadir,5,524,47,66,485639
2013,12,Riu Palace Tikida,Agadir,5,524,38,66,485639
2013,1,Iberostar Founty,Agadir,5,380,29,47,156412
2013,2,Iberostar Founty,Agadir,5,380,27,47,130343
2013,3,Iberostar Founty,Agadir,5,380,32,47,182480
2013,4,Iberostar Founty,Agadir,5,380,45,47,208549
2013,5,Iberostar Founty,Agadir,5,380,36,47,208549
2013,6,Iberostar Founty,Agadir,5,380,33,47,182480
2013,7,Iberostar Founty,Agadir,5,380,66,47,312823
2013,8,Iberostar Founty,Agadir,5,380,76,47,364961
2013,9,Iberostar Founty,Agadir,5,380,51,47,260686
2013,10,Iberostar Founty,Agadir,5,380,46,47,234618
2013,11,Iberostar Founty,Agadir,5,380,41,47,182480
2013,12,Iberostar Founty,Agadir,5,380,35,47,182480
2013,1,Kasbah Tamadot,Asni,5,28,33,255,59808
2013,2,Kasbah Tamadot,Asni,5,28,29,255,49840
2013,3,Kasbah Tamadot,Asni,5,28,40,255,69776
2013,4,Kasbah Tamadot,Asni,5,28,35,255,79744
2013,5,Kasbah Tamadot,Asni,5,28,35,255,79744
2013,6,Kasbah Tamadot,Asni,5,28,35,255,69776
2013,7,Kasbah Tamadot,Asni,5,28,62,255,119616
2013,8,Kasbah Tamadot,Asni,5,28,68,255,139552
2013,9,Kasbah Tamadot,Asni,5,28,43,255,99680
2013,10,Kasbah Tamadot,Asni,5,28,41,255,89712
2013,11,Kasbah Tamadot,Asni,5,28,30,255,69776
2013,12,Kasbah Tamadot,Asni,5,28,37,255,69776
2013,1,Scarabeo Camp,Agafay,4,14,31,255,43022
2013,2,Scarabeo Camp,Agafay,4,14,28,255,35852
2013,3,Scarabeo Camp,Agafay,4,14,38,255,50193
2013,4,Scarabeo Camp,Agafay,4,14,45,255,57363
2013,5,Scarabeo Camp,Agafay,4,14,50,255,57363
2013,6,Scarabeo Camp,Agafay,4,14,46,255,50193
2013,7,Scarabeo Camp,Agafay,4,14,65,255,86045
2013,8,Scarabeo Camp,Agafay,4,14,95,255,100386
2013,9,Scarabeo Camp,Agafay,4,14,62,255,71704
2013,10,Scarabeo Camp,Agafay,4,14,52,255,64534
2013,11,Scarabeo Camp,Agafay,4,14,36,255,50193
2013,12,Scarabeo Camp,Agafay,4,14,42,255,50193
2013,1,Kam Kam Dunes,Merzouga,3,20,33,132,31817
2013,2,Kam Kam Dunes,Merzouga,3,20,28,132,26514
2013,3,Kam Kam Dunes,Merzouga,3,20,46,132,37120
2013,4,Kam Kam Dunes,Merzouga,3,20,47,132,42423
2013,5,Kam Kam Dunes,Merzouga,3,20,50,132,42423
2013,6,Kam Kam Dunes,Merzouga,3,20,37,132,37120
2013,7,Kam Kam Dunes,Merzouga,3,20,67,132,63634
2013,8,Kam Kam Dunes,Merzouga,3,20,77,132,74240
2013,9,Kam Kam Dunes,Merzouga,3,20,69,132,53028
2013,10,Kam Kam Dunes,Merzouga,3,20,60,132,47726
2013,11,Kam Kam Dunes,Merzouga,3,20,44,132,37120
2013,12,Kam Kam Dunes,Merzouga,3,20,48,132,37120
2013,1,Riad Kniza,Marrakech,5,11,31,272,33109
2013,2,Riad Kniza,Marrakech,5,11,28,272,27591
2013,3,Riad Kniza,Marrakech,5,11,36,272,38627
2013,4,Riad Kniza,Marrakech,5,11,46,272,44145
2013,5,Riad Kniza,Marrakech,5,11,44,272,44145
2013,6,Riad Kniza,Marrakech,5,11,39,272,38627
2013,7,Riad Kniza,Marrakech,5,11,66,272,66218
2013,8,Riad Kniza,Marrakech,5,11,75,272,77254
2013,9,Riad Kniza,Marrakech,5,11,63,272,55181
2013,10,Riad Kniza,Marrakech,5,11,50,272,49663
2013,11,Riad Kniza,Marrakech,5,11,42,272,38627
2013,12,Riad Kniza,Marrakech,5,11,44,272,38627
2013,1,Dar Ahlam,Skoura,5,14,33,306,39641
2013,2,Dar Ahlam,Skoura,5,14,26,306,33034
2013,3,Dar Ahlam,Skoura,5,14,38,306,46248
2013,4,Dar Ahlam,Skoura,5,14,43,306,52855
2013,5,Dar Ahlam,Skoura,5,14,42,306,52855
2013,6,Dar Ahlam,Skoura,5,14,36,306,46248
2013,7,Dar Ahlam,Skoura,5,14,68,306,79282
2013,8,Dar Ahlam,Skoura,5,14,69,306,92496
2013,9,Dar Ahlam,Skoura,5,14,49,306,66068
2013,10,Dar Ahlam,Skoura,5,14,49,306,59461
2013,11,Dar Ahlam,Skoura,5,14,40,306,46248
2013,12,Dar Ahlam,Skoura,5,14,33,306,46248
2014,1,La Mamounia,Marrakech,5,209,33,237,594550
2014,2,La Mamounia,Marrakech,5,209,29,237,495458
2014,3,La Mamounia,Marrakech,5,209,37,237,693642
2014,4,La Mamounia,Marrakech,5,209,45,237,792733
2014,5,La Mamounia,Marrakech,5,209,45,237,792733
2014,6,La Mamounia,Marrakech,5,209,38,237,693642
2014,7,La Mamounia,Marrakech,5,209,77,237,1189100
2014,8,La Mamounia,Marrakech,5,209,80,237,1387283
2014,9,La Mamounia,Marrakech,5,209,69,237,990916
2014,10,La Mamounia,Marrakech,5,209,55,237,891825
2014,11,La Mamounia,Marrakech,5,209,39,237,693642
2014,12,La Mamounia,Marrakech,5,209,40,237,693642
2014,1,Royal Mansour,Marrakech,5,53,38,318,185745
2014,2,Royal Mansour,Marrakech,5,53,29,318,154788
2014,3,Royal Mansour,Marrakech,5,53,36,318,216703
2014,4,Royal Mansour,Marrakech,5,53,53,318,247661
2014,5,Royal Mansour,Marrakech,5,53,44,318,247661
2014,6,Royal Mansour,Marrakech,5,53,41,318,216703
2014,7,Royal Mansour,Marrakech,5,53,66,318,371491
2014,8,Royal Mansour,Marrakech,5,53,89,318,433406
2014,9,Royal Mansour,Marrakech,5,53,55,318,309576
2014,10,Royal Mansour,Marrakech,5,53,58,318,278618
2014,11,Royal Mansour,Marrakech,5,53,37,318,216703
2014,12,Royal Mansour,Marrakech,5,53,36,318,216703
2014,1,Four Seasons Resort,Marrakech,5,139,34,185,242127
2014,2,Four Seasons Resort,Marrakech,5,139,30,185,201773
2014,3,Four Seasons Resort,Marrakech,5,139,42,185,282482
2014,4,Four Seasons Resort,Marrakech,5,139,45,185,322837
2014,5,Four Seasons Resort,Marrakech,5,139,49,185,322837
2014,6,Four Seasons Resort,Marrakech,5,139,34,185,282482
2014,7,Four Seasons Resort,Marrakech,5,139,71,185,484255
2014,8,Four Seasons Resort,Marrakech,5,139,80,185,564964
2014,9,Four Seasons Resort,Marrakech,5,139,56,185,403546
2014,10,Four Seasons Resort,Marrakech,5,139,41,185,363191
2014,11,Four Seasons Resort,Marrakech,5,139,33,185,282482
2014,12,Four Seasons Resort,Marrakech,5,139,41,185,282482
2014,1,Amanjena,Marrakech,5,32,38,274,100554
2014,2,Amanjena,Marrakech,5,32,31,274,83795
2014,3,Amanjena,Marrakech,5,32,37,274,117313
2014,4,Amanjena,Marrakech,5,32,48,274,134072
2014,5,Amanjena,Marrakech,5,32,41,274,134072
2014,6,Amanjena,Marrakech,5,32,41,274,117313
2014,7,Amanjena,Marrakech,5,32,69,274,201109
2014,8,Amanjena,Marrakech,5,32,81,274,234627
2014,9,Amanjena,Marrakech,5,32,58,274,167591
2014,10,Amanjena,Marrakech,5,32,57,274,150832
2014,11,Amanjena,Marrakech,5,32,40,274,117313
2014,12,Amanjena,Marrakech,5,32,43,274,117313
2014,1,Sofitel Marrakech,Marrakech,5,303,33,158,594499
2014,2,Sofitel Marrakech,Marrakech,5,303,35,158,495416
2014,3,Sofitel Marrakech,Marrakech,5,303,45,158,693582
2014,4,Sofitel Marrakech,Marrakech,5,303,48,158,792665
2014,5,Sofitel Marrakech,Marrakech,5,303,56,158,792665
2014,6,Sofitel Marrakech,Marrakech,5,303,48,158,693582
2014,7,Sofitel Marrakech,Marrakech,5,303,84,158,1188998
2014,8,Sofitel Marrakech,Marrakech,5,303,76,158,1387164
2014,9,Sofitel Marrakech,Marrakech,5,303,64,158,990832
2014,10,Sofitel Marrakech,Marrakech,5,303,51,158,891748
2014,11,Sofitel Marrakech,Marrakech,5,303,48,158,693582
2014,12,Sofitel Marrakech,Marrakech,5,303,39,158,693582
2014,1,Riad Yasmine,Marrakech,4,7,40,64,5488
2014,2,Riad Yasmine,Marrakech,4,7,28,64,4573
2014,3,Riad Yasmine,Marrakech,4,7,42,64,6402
2014,4,Riad Yasmine,Marrakech,4,7,50,64,7317
2014,5,Riad Yasmine,Marrakech,4,7,56,64,7317
2014,6,Riad Yasmine,Marrakech,4,7,40,64,6402
2014,7,Riad Yasmine,Marrakech,4,7,80,64,10976
2014,8,Riad Yasmine,Marrakech,4,7,79,64,12805
2014,9,Riad Yasmine,Marrakech,4,7,57,64,9146
2014,10,Riad Yasmine,Marrakech,4,7,59,64,8232
2014,11,Riad Yasmine,Marrakech,4,7,43,64,6402
2014,12,Riad Yasmine,Marrakech,4,7,41,64,6402
2014,1,Kenzi Tower Hotel,Casablanca,5,240,34,144,434443
2014,2,Kenzi Tower Hotel,Casablanca,5,240,31,144,362036
2014,3,Kenzi Tower Hotel,Casablanca,5,240,43,144,506850
2014,4,Kenzi Tower Hotel,Casablanca,5,240,47,144,579257
2014,5,Kenzi Tower Hotel,Casablanca,5,240,57,144,579257
2014,6,Kenzi Tower Hotel,Casablanca,5,240,43,144,506850
2014,7,Kenzi Tower Hotel,Casablanca,5,240,64,144,868886
2014,8,Kenzi Tower Hotel,Casablanca,5,240,83,144,1013701
2014,9,Kenzi Tower Hotel,Casablanca,5,240,69,144,724072
2014,10,Kenzi Tower Hotel,Casablanca,5,240,64,144,651665
2014,11,Kenzi Tower Hotel,Casablanca,5,240,40,144,506850
2014,12,Kenzi Tower Hotel,Casablanca,5,240,43,144,506850
2014,1,Four Seasons Casablanca,Casablanca,5,186,30,173,315150
2014,2,Four Seasons Casablanca,Casablanca,5,186,28,173,262625
2014,3,Four Seasons Casablanca,Casablanca,5,186,38,173,367675
2014,4,Four Seasons Casablanca,Casablanca,5,186,42,173,420200
2014,5,Four Seasons Casablanca,Casablanca,5,186,45,173,420200
2014,6,Four Seasons Casablanca,Casablanca,5,186,35,173,367675
2014,7,Four Seasons Casablanca,Casablanca,5,186,59,173,630300
2014,8,Four Seasons Casablanca,Casablanca,5,186,80,173,735350
2014,9,Four Seasons Casablanca,Casablanca,5,186,51,173,525250
2014,10,Four Seasons Casablanca,Casablanca,5,186,52,173,472725
2014,11,Four Seasons Casablanca,Casablanca,5,186,43,173,367675
2014,12,Four Seasons Casablanca,Casablanca,5,186,42,173,367675
2014,1,Hyatt Regency,Casablanca,5,252,27,110,235420
2014,2,Hyatt Regency,Casablanca,5,252,25,110,196183
2014,3,Hyatt Regency,Casablanca,5,252,37,110,274656
2014,4,Hyatt Regency,Casablanca,5,252,38,110,313893
2014,5,Hyatt Regency,Casablanca,5,252,41,110,313893
2014,6,Hyatt Regency,Casablanca,5,252,33,110,274656
2014,7,Hyatt Regency,Casablanca,5,252,58,110,470839
2014,8,Hyatt Regency,Casablanca,5,252,70,110,549313
2014,9,Hyatt Regency,Casablanca,5,252,53,110,392366
2014,10,Hyatt Regency,Casablanca,5,252,48,110,353130
2014,11,Hyatt Regency,Casablanca,5,252,33,110,274656
2014,12,Hyatt Regency,Casablanca,5,252,35,110,274656
2014,1,Sofitel Casablanca,Casablanca,5,141,31,96,127407
2014,2,Sofitel Casablanca,Casablanca,5,141,31,96,106173
2014,3,Sofitel Casablanca,Casablanca,5,141,35,96,148642
2014,4,Sofitel Casablanca,Casablanca,5,141,50,96,169877
2014,5,Sofitel Casablanca,Casablanca,5,141,43,96,169877
2014,6,Sofitel Casablanca,Casablanca,5,141,40,96,148642
2014,7,Sofitel Casablanca,Casablanca,5,141,60,96,254815
2014,8,Sofitel Casablanca,Casablanca,5,141,70,96,297284
2014,9,Sofitel Casablanca,Casablanca,5,141,47,96,212346
2014,10,Sofitel Casablanca,Casablanca,5,141,53,96,191111
2014,11,Sofitel Casablanca,Casablanca,5,141,39,96,148642
2014,12,Sofitel Casablanca,Casablanca,5,141,37,96,148642
2014,1,Hilton Tanger City Center,Tanger,5,200,35,115,277115
2014,2,Hilton Tanger City Center,Tanger,5,200,35,115,230929
2014,3,Hilton Tanger City Center,Tanger,5,200,38,115,323301
2014,4,Hilton Tanger City Center,Tanger,5,200,44,115,369487
2014,5,Hilton Tanger City Center,Tanger,5,200,53,115,369487
2014,6,Hilton Tanger City Center,Tanger,5,200,39,115,323301
2014,7,Hilton Tanger City Center,Tanger,5,200,75,115,554231
2014,8,Hilton Tanger City Center,Tanger,5,200,89,115,646602
2014,9,Hilton Tanger City Center,Tanger,5,200,59,115,461859
2014,10,Hilton Tanger City Center,Tanger,5,200,58,115,415673
2014,11,Hilton Tanger City Center,Tanger,5,200,42,115,323301
2014,12,Hilton Tanger City Center,Tanger,5,200,37,115,323301
2014,1,Sofitel Tanger Bay,Tanger,5,103,28,81,71636
2014,2,Sofitel Tanger Bay,Tanger,5,103,25,81,59697
2014,3,Sofitel Tanger Bay,Tanger,5,103,41,81,83576
2014,4,Sofitel Tanger Bay,Tanger,5,103,36,81,95515
2014,5,Sofitel Tanger Bay,Tanger,5,103,45,81,95515
2014,6,Sofitel Tanger Bay,Tanger,5,103,31,81,83576
2014,7,Sofitel Tanger Bay,Tanger,5,103,65,81,143273
2014,8,Sofitel Tanger Bay,Tanger,5,103,65,81,167152
2014,9,Sofitel Tanger Bay,Tanger,5,103,50,81,119394
2014,10,Sofitel Tanger Bay,Tanger,5,103,44,81,107455
2014,11,Sofitel Tanger Bay,Tanger,5,103,40,81,83576
2014,12,Sofitel Tanger Bay,Tanger,5,103,41,81,83576
2014,1,Hotel & Spa La Folie,Tanger,4,44,30,58,20359
2014,2,Hotel & Spa La Folie,Tanger,4,44,23,58,16966
2014,3,Hotel & Spa La Folie,Tanger,4,44,33,58,23752
2014,4,Hotel & Spa La Folie,Tanger,4,44,45,58,27145
2014,5,Hotel & Spa La Folie,Tanger,4,44,35,58,27145
2014,6,Hotel & Spa La Folie,Tanger,4,44,38,58,23752
2014,7,Hotel & Spa La Folie,Tanger,4,44,52,58,40718
2014,8,Hotel & Spa La Folie,Tanger,4,44,64,58,47504
2014,9,Hotel & Spa La Folie,Tanger,4,44,55,58,33931
2014,10,Hotel & Spa La Folie,Tanger,4,44,50,58,30538
2014,11,Hotel & Spa La Folie,Tanger,4,44,34,58,23752
2014,12,Hotel & Spa La Folie,Tanger,4,44,36,58,23752
2014,1,Riad Laaroussa,Fès,5,28,33,125,41093
2014,2,Riad Laaroussa,Fès,5,28,28,125,34244
2014,3,Riad Laaroussa,Fès,5,28,38,125,47941
2014,4,Riad Laaroussa,Fès,5,28,53,125,54790
2014,5,Riad Laaroussa,Fès,5,28,44,125,54790
2014,6,Riad Laaroussa,Fès,5,28,42,125,47941
2014,7,Riad Laaroussa,Fès,5,28,73,125,82185
2014,8,Riad Laaroussa,Fès,5,28,80,125,95883
2014,9,Riad Laaroussa,Fès,5,28,53,125,68488
2014,10,Riad Laaroussa,Fès,5,28,52,125,61639
2014,11,Riad Laaroussa,Fès,5,28,37,125,47941
2014,12,Riad Laaroussa,Fès,5,28,46,125,47941
2014,1,Palais Amani,Fès,5,21,29,118,20214
2014,2,Palais Amani,Fès,5,21,22,118,16845
2014,3,Palais Amani,Fès,5,21,36,118,23584
2014,4,Palais Amani,Fès,5,21,40,118,26953
2014,5,Palais Amani,Fès,5,21,45,118,26953
2014,6,Palais Amani,Fès,5,21,36,118,23584
2014,7,Palais Amani,Fès,5,21,53,118,40429
2014,8,Palais Amani,Fès,5,21,73,118,47167
2014,9,Palais Amani,Fès,5,21,49,118,33691
2014,10,Palais Amani,Fès,5,21,44,118,30322
2014,11,Palais Amani,Fès,5,21,40,118,23584
2014,12,Palais Amani,Fès,5,21,32,118,23584
2014,1,Sofitel Palais Jamai,Fès,5,136,30,77,93767
2014,2,Sofitel Palais Jamai,Fès,5,136,28,77,78139
2014,3,Sofitel Palais Jamai,Fès,5,136,42,77,109395
2014,4,Sofitel Palais Jamai,Fès,5,136,39,77,125023
2014,5,Sofitel Palais Jamai,Fès,5,136,45,77,125023
2014,6,Sofitel Palais Jamai,Fès,5,136,41,77,109395
2014,7,Sofitel Palais Jamai,Fès,5,136,71,77,187534
2014,8,Sofitel Palais Jamai,Fès,5,136,82,77,218790
2014,9,Sofitel Palais Jamai,Fès,5,136,51,77,156278
2014,10,Sofitel Palais Jamai,Fès,5,136,51,77,140651
2014,11,Sofitel Palais Jamai,Fès,5,136,33,77,109395
2014,12,Sofitel Palais Jamai,Fès,5,136,37,77,109395
2014,1,Riad Fès,Fès,5,32,32,101,35766
2014,2,Riad Fès,Fès,5,32,29,101,29805
2014,3,Riad Fès,Fès,5,32,36,101,41727
2014,4,Riad Fès,Fès,5,32,51,101,47688
2014,5,Riad Fès,Fès,5,32,42,101,47688
2014,6,Riad Fès,Fès,5,32,43,101,41727
2014,7,Riad Fès,Fès,5,32,73,101,71531
2014,8,Riad Fès,Fès,5,32,79,101,83453
2014,9,Riad Fès,Fès,5,32,53,101,59609
2014,10,Riad Fès,Fès,5,32,60,101,53649
2014,11,Riad Fès,Fès,5,32,44,101,41727
2014,12,Riad Fès,Fès,5,32,44,101,41727
2014,1,Sofitel Agadir Royal Bay,Agadir,5,174,31,82,156709
2014,2,Sofitel Agadir Royal Bay,Agadir,5,174,25,82,130591
2014,3,Sofitel Agadir Royal Bay,Agadir,5,174,46,82,182828
2014,4,Sofitel Agadir Royal Bay,Agadir,5,174,49,82,208946
2014,5,Sofitel Agadir Royal Bay,Agadir,5,174,41,82,208946
2014,6,Sofitel Agadir Royal Bay,Agadir,5,174,44,82,182828
2014,7,Sofitel Agadir Royal Bay,Agadir,5,174,66,82,313419
2014,8,Sofitel Agadir Royal Bay,Agadir,5,174,70,82,365655
2014,9,Sofitel Agadir Royal Bay,Agadir,5,174,68,82,261182
2014,10,Sofitel Agadir Royal Bay,Agadir,5,174,58,82,235064
2014,11,Sofitel Agadir Royal Bay,Agadir,5,174,36,82,182828
2014,12,Sofitel Agadir Royal Bay,Agadir,5,174,36,82,182828
2014,1,Riu Palace Tikida,Agadir,5,524,33,57,263924
2014,2,Riu Palace Tikida,Agadir,5,524,28,57,219936
2014,3,Riu Palace Tikida,Agadir,5,524,40,57,307911
2014,4,Riu Palace Tikida,Agadir,5,524,47,57,351898
2014,5,Riu Palace Tikida,Agadir,5,524,38,57,351898
2014,6,Riu Palace Tikida,Agadir,5,524,39,57,307911
2014,7,Riu Palace Tikida,Agadir,5,524,70,57,527847
2014,8,Riu Palace Tikida,Agadir,5,524,65,57,615822
2014,9,Riu Palace Tikida,Agadir,5,524,53,57,439873
2014,10,Riu Palace Tikida,Agadir,5,524,45,57,395885
2014,11,Riu Palace Tikida,Agadir,5,524,37,57,307911
2014,12,Riu Palace Tikida,Agadir,5,524,33,57,307911
2014,1,Iberostar Founty,Agadir,5,380,31,47,150008
2014,2,Iberostar Founty,Agadir,5,380,22,47,125007
2014,3,Iberostar Founty,Agadir,5,380,39,47,175010
2014,4,Iberostar Founty,Agadir,5,380,37,47,200011
2014,5,Iberostar Founty,Agadir,5,380,40,47,200011
2014,6,Iberostar Founty,Agadir,5,380,40,47,175010
2014,7,Iberostar Founty,Agadir,5,380,61,47,300017
2014,8,Iberostar Founty,Agadir,5,380,77,47,350019
2014,9,Iberostar Founty,Agadir,5,380,52,47,250014
2014,10,Iberostar Founty,Agadir,5,380,48,47,225013
2014,11,Iberostar Founty,Agadir,5,380,38,47,175010
2014,12,Iberostar Founty,Agadir,5,380,35,47,175010
2014,1,Kasbah Tamadot,Asni,5,28,35,258,58902
2014,2,Kasbah Tamadot,Asni,5,28,27,258,49085
2014,3,Kasbah Tamadot,Asni,5,28,38,258,68719
2014,4,Kasbah Tamadot,Asni,5,28,39,258,78536
2014,5,Kasbah Tamadot,Asni,5,28,40,258,78536
2014,6,Kasbah Tamadot,Asni,5,28,39,258,68719
2014,7,Kasbah Tamadot,Asni,5,28,57,258,117804
2014,8,Kasbah Tamadot,Asni,5,28,76,258,137439
2014,9,Kasbah Tamadot,Asni,5,28,45,258,98170
2014,10,Kasbah Tamadot,Asni,5,28,49,258,88353
2014,11,Kasbah Tamadot,Asni,5,28,32,258,68719
2014,12,Kasbah Tamadot,Asni,5,28,39,258,68719
2014,1,Scarabeo Camp,Agafay,4,14,30,244,36241
2014,2,Scarabeo Camp,Agafay,4,14,26,244,30201
2014,3,Scarabeo Camp,Agafay,4,14,36,244,42282
2014,4,Scarabeo Camp,Agafay,4,14,43,244,48322
2014,5,Scarabeo Camp,Agafay,4,14,49,244,48322
2014,6,Scarabeo Camp,Agafay,4,14,42,244,42282
2014,7,Scarabeo Camp,Agafay,4,14,61,244,72483
2014,8,Scarabeo Camp,Agafay,4,14,79,244,84563
2014,9,Scarabeo Camp,Agafay,4,14,58,244,60402
2014,10,Scarabeo Camp,Agafay,4,14,52,244,54362
2014,11,Scarabeo Camp,Agafay,4,14,37,244,42282
2014,12,Scarabeo Camp,Agafay,4,14,41,244,42282
2014,1,Kam Kam Dunes,Merzouga,3,20,30,108,16806
2014,2,Kam Kam Dunes,Merzouga,3,20,25,108,14005
2014,3,Kam Kam Dunes,Merzouga,3,20,35,108,19607
2014,4,Kam Kam Dunes,Merzouga,3,20,43,108,22409
2014,5,Kam Kam Dunes,Merzouga,3,20,40,108,22409
2014,6,Kam Kam Dunes,Merzouga,3,20,31,108,19607
2014,7,Kam Kam Dunes,Merzouga,3,20,65,108,33613
2014,8,Kam Kam Dunes,Merzouga,3,20,66,108,39215
2014,9,Kam Kam Dunes,Merzouga,3,20,45,108,28011
2014,10,Kam Kam Dunes,Merzouga,3,20,47,108,25210
2014,11,Kam Kam Dunes,Merzouga,3,20,36,108,19607
2014,12,Kam Kam Dunes,Merzouga,3,20,39,108,19607
2014,1,Riad Kniza,Marrakech,5,11,36,253,25843
2014,2,Riad Kniza,Marrakech,5,11,26,253,21536
2014,3,Riad Kniza,Marrakech,5,11,37,253,30150
2014,4,Riad Kniza,Marrakech,5,11,39,253,34457
2014,5,Riad Kniza,Marrakech,5,11,41,253,34457
2014,6,Riad Kniza,Marrakech,5,11,39,253,30150
2014,7,Riad Kniza,Marrakech,5,11,61,253,51686
2014,8,Riad Kniza,Marrakech,5,11,73,253,60300
2014,9,Riad Kniza,Marrakech,5,11,53,253,43072
2014,10,Riad Kniza,Marrakech,5,11,49,253,38764
2014,11,Riad Kniza,Marrakech,5,11,33,253,30150
2014,12,Riad Kniza,Marrakech,5,11,39,253,30150
2014,1,Dar Ahlam,Skoura,5,14,36,333,49311
2014,2,Dar Ahlam,Skoura,5,14,26,333,41093
2014,3,Dar Ahlam,Skoura,5,14,39,333,57530
2014,4,Dar Ahlam,Skoura,5,14,42,333,65748
2014,5,Dar Ahlam,Skoura,5,14,40,333,65748
2014,6,Dar Ahlam,Skoura,5,14,38,333,57530
2014,7,Dar Ahlam,Skoura,5,14,78,333,98623
2014,8,Dar Ahlam,Skoura,5,14,89,333,115060
2014,9,Dar Ahlam,Skoura,5,14,52,333,82185
2014,10,Dar Ahlam,Skoura,5,14,57,333,73967
2014,11,Dar Ahlam,Skoura,5,14,45,333,57530
2014,12,Dar Ahlam,Skoura,5,14,35,333,57530
2015,1,La Mamounia,Marrakech,5,209,37,216,428278
2015,2,La Mamounia,Marrakech,5,209,27,216,356899
2015,3,La Mamounia,Marrakech,5,209,42,216,499658
2015,4,La Mamounia,Marrakech,5,209,45,216,571038
2015,5,La Mamounia,Marrakech,5,209,50,216,571038
2015,6,La Mamounia,Marrakech,5,209,44,216,499658
2015,7,La Mamounia,Marrakech,5,209,69,216,856557
2015,8,La Mamounia,Marrakech,5,209,67,216,999316
2015,9,La Mamounia,Marrakech,5,209,50,216,713797
2015,10,La Mamounia,Marrakech,5,209,43,216,642417
2015,11,La Mamounia,Marrakech,5,209,42,216,499658
2015,12,La Mamounia,Marrakech,5,209,34,216,499658
2015,1,Royal Mansour,Marrakech,5,53,38,352,241872
2015,2,Royal Mansour,Marrakech,5,53,36,352,201560
2015,3,Royal Mansour,Marrakech,5,53,40,352,282184
2015,4,Royal Mansour,Marrakech,5,53,53,352,322496
2015,5,Royal Mansour,Marrakech,5,53,48,352,322496
2015,6,Royal Mansour,Marrakech,5,53,43,352,282184
2015,7,Royal Mansour,Marrakech,5,53,78,352,483745
2015,8,Royal Mansour,Marrakech,5,53,81,352,564369
2015,9,Royal Mansour,Marrakech,5,53,72,352,403120
2015,10,Royal Mansour,Marrakech,5,53,53,352,362808
2015,11,Royal Mansour,Marrakech,5,53,44,352,282184
2015,12,Royal Mansour,Marrakech,5,53,47,352,282184
2015,1,Four Seasons Resort,Marrakech,5,139,36,178,211871
2015,2,Four Seasons Resort,Marrakech,5,139,27,178,176559
2015,3,Four Seasons Resort,Marrakech,5,139,36,178,247183
2015,4,Four Seasons Resort,Marrakech,5,139,45,178,282495
2015,5,Four Seasons Resort,Marrakech,5,139,46,178,282495
2015,6,Four Seasons Resort,Marrakech,5,139,37,178,247183
2015,7,Four Seasons Resort,Marrakech,5,139,69,178,423742
2015,8,Four Seasons Resort,Marrakech,5,139,76,178,494366
2015,9,Four Seasons Resort,Marrakech,5,139,48,178,353118
2015,10,Four Seasons Resort,Marrakech,5,139,45,178,317807
2015,11,Four Seasons Resort,Marrakech,5,139,37,178,247183
2015,12,Four Seasons Resort,Marrakech,5,139,41,178,247183
2015,1,Amanjena,Marrakech,5,32,32,244,67410
2015,2,Amanjena,Marrakech,5,32,24,244,56175
2015,3,Amanjena,Marrakech,5,32,36,244,78645
2015,4,Amanjena,Marrakech,5,32,47,244,89880
2015,5,Amanjena,Marrakech,5,32,46,244,89880
2015,6,Amanjena,Marrakech,5,32,34,244,78645
2015,7,Amanjena,Marrakech,5,32,56,244,134819
2015,8,Amanjena,Marrakech,5,32,74,244,157289
2015,9,Amanjena,Marrakech,5,32,56,244,112350
2015,10,Amanjena,Marrakech,5,32,42,244,101115
2015,11,Amanjena,Marrakech,5,32,34,244,78645
2015,12,Amanjena,Marrakech,5,32,38,244,78645
2015,1,Sofitel Marrakech,Marrakech,5,303,37,143,423652
2015,2,Sofitel Marrakech,Marrakech,5,303,27,143,353044
2015,3,Sofitel Marrakech,Marrakech,5,303,43,143,494261
2015,4,Sofitel Marrakech,Marrakech,5,303,52,143,564870
2015,5,Sofitel Marrakech,Marrakech,5,303,45,143,564870
2015,6,Sofitel Marrakech,Marrakech,5,303,37,143,494261
2015,7,Sofitel Marrakech,Marrakech,5,303,60,143,847305
2015,8,Sofitel Marrakech,Marrakech,5,303,80,143,988522
2015,9,Sofitel Marrakech,Marrakech,5,303,52,143,706087
2015,10,Sofitel Marrakech,Marrakech,5,303,53,143,635479
2015,11,Sofitel Marrakech,Marrakech,5,303,35,143,494261
2015,12,Sofitel Marrakech,Marrakech,5,303,40,143,494261
2015,1,Riad Yasmine,Marrakech,4,7,33,63,5104
2015,2,Riad Yasmine,Marrakech,4,7,28,63,4253
2015,3,Riad Yasmine,Marrakech,4,7,47,63,5955
2015,4,Riad Yasmine,Marrakech,4,7,46,63,6805
2015,5,Riad Yasmine,Marrakech,4,7,43,63,6805
2015,6,Riad Yasmine,Marrakech,4,7,43,63,5955
2015,7,Riad Yasmine,Marrakech,4,7,63,63,10208
2015,8,Riad Yasmine,Marrakech,4,7,94,63,11910
2015,9,Riad Yasmine,Marrakech,4,7,62,63,8507
2015,10,Riad Yasmine,Marrakech,4,7,50,63,7656
2015,11,Riad Yasmine,Marrakech,4,7,42,63,5955
2015,12,Riad Yasmine,Marrakech,4,7,48,63,5955
2015,1,Kenzi Tower Hotel,Casablanca,5,240,36,137,355098
2015,2,Kenzi Tower Hotel,Casablanca,5,240,28,137,295915
2015,3,Kenzi Tower Hotel,Casablanca,5,240,38,137,414281
2015,4,Kenzi Tower Hotel,Casablanca,5,240,49,137,473464
2015,5,Kenzi Tower Hotel,Casablanca,5,240,41,137,473464
2015,6,Kenzi Tower Hotel,Casablanca,5,240,42,137,414281
2015,7,Kenzi Tower Hotel,Casablanca,5,240,70,137,710196
2015,8,Kenzi Tower Hotel,Casablanca,5,240,81,137,828563
2015,9,Kenzi Tower Hotel,Casablanca,5,240,59,137,591830
2015,10,Kenzi Tower Hotel,Casablanca,5,240,50,137,532647
2015,11,Kenzi Tower Hotel,Casablanca,5,240,42,137,414281
2015,12,Kenzi Tower Hotel,Casablanca,5,240,35,137,414281
2015,1,Four Seasons Casablanca,Casablanca,5,186,41,199,458042
2015,2,Four Seasons Casablanca,Casablanca,5,186,30,199,381702
2015,3,Four Seasons Casablanca,Casablanca,5,186,47,199,534383
2015,4,Four Seasons Casablanca,Casablanca,5,186,49,199,610723
2015,5,Four Seasons Casablanca,Casablanca,5,186,47,199,610723
2015,6,Four Seasons Casablanca,Casablanca,5,186,46,199,534383
2015,7,Four Seasons Casablanca,Casablanca,5,186,65,199,916085
2015,8,Four Seasons Casablanca,Casablanca,5,186,76,199,1068765
2015,9,Four Seasons Casablanca,Casablanca,5,186,71,199,763404
2015,10,Four Seasons Casablanca,Casablanca,5,186,66,199,687064
2015,11,Four Seasons Casablanca,Casablanca,5,186,49,199,534383
2015,12,Four Seasons Casablanca,Casablanca,5,186,45,199,534383
2015,1,Hyatt Regency,Casablanca,5,252,40,129,375957
2015,2,Hyatt Regency,Casablanca,5,252,34,129,313297
2015,3,Hyatt Regency,Casablanca,5,252,45,129,438616
2015,4,Hyatt Regency,Casablanca,5,252,46,129,501276
2015,5,Hyatt Regency,Casablanca,5,252,51,129,501276
2015,6,Hyatt Regency,Casablanca,5,252,43,129,438616
2015,7,Hyatt Regency,Casablanca,5,252,81,129,751914
2015,8,Hyatt Regency,Casablanca,5,252,84,129,877233
2015,9,Hyatt Regency,Casablanca,5,252,67,129,626595
2015,10,Hyatt Regency,Casablanca,5,252,61,129,563935
2015,11,Hyatt Regency,Casablanca,5,252,44,129,438616
2015,12,Hyatt Regency,Casablanca,5,252,37,129,438616
2015,1,Sofitel Casablanca,Casablanca,5,141,38,112,197033
2015,2,Sofitel Casablanca,Casablanca,5,141,29,112,164194
2015,3,Sofitel Casablanca,Casablanca,5,141,41,112,229871
2015,4,Sofitel Casablanca,Casablanca,5,141,58,112,262710
2015,5,Sofitel Casablanca,Casablanca,5,141,47,112,262710
2015,6,Sofitel Casablanca,Casablanca,5,141,39,112,229871
2015,7,Sofitel Casablanca,Casablanca,5,141,80,112,394065
2015,8,Sofitel Casablanca,Casablanca,5,141,78,112,459743
2015,9,Sofitel Casablanca,Casablanca,5,141,68,112,328388
2015,10,Sofitel Casablanca,Casablanca,5,141,60,112,295549
2015,11,Sofitel Casablanca,Casablanca,5,141,42,112,229871
2015,12,Sofitel Casablanca,Casablanca,5,141,51,112,229871
2015,1,Hilton Tanger City Center,Tanger,5,200,40,120,303234
2015,2,Hilton Tanger City Center,Tanger,5,200,29,120,252695
2015,3,Hilton Tanger City Center,Tanger,5,200,47,120,353772
2015,4,Hilton Tanger City Center,Tanger,5,200,54,120,404311
2015,5,Hilton Tanger City Center,Tanger,5,200,55,120,404311
2015,6,Hilton Tanger City Center,Tanger,5,200,49,120,353772
2015,7,Hilton Tanger City Center,Tanger,5,200,88,120,606467
2015,8,Hilton Tanger City Center,Tanger,5,200,90,120,707545
2015,9,Hilton Tanger City Center,Tanger,5,200,59,120,505389
2015,10,Hilton Tanger City Center,Tanger,5,200,52,120,454850
2015,11,Hilton Tanger City Center,Tanger,5,200,50,120,353772
2015,12,Hilton Tanger City Center,Tanger,5,200,42,120,353772
2015,1,Sofitel Tanger Bay,Tanger,5,103,34,100,128914
2015,2,Sofitel Tanger Bay,Tanger,5,103,30,100,107428
2015,3,Sofitel Tanger Bay,Tanger,5,103,42,100,150399
2015,4,Sofitel Tanger Bay,Tanger,5,103,57,100,171885
2015,5,Sofitel Tanger Bay,Tanger,5,103,52,100,171885
2015,6,Sofitel Tanger Bay,Tanger,5,103,47,100,150399
2015,7,Sofitel Tanger Bay,Tanger,5,103,69,100,257827
2015,8,Sofitel Tanger Bay,Tanger,5,103,84,100,300798
2015,9,Sofitel Tanger Bay,Tanger,5,103,60,100,214856
2015,10,Sofitel Tanger Bay,Tanger,5,103,59,100,193370
2015,11,Sofitel Tanger Bay,Tanger,5,103,41,100,150399
2015,12,Sofitel Tanger Bay,Tanger,5,103,43,100,150399
2015,1,Hotel & Spa La Folie,Tanger,4,44,34,66,30114
2015,2,Hotel & Spa La Folie,Tanger,4,44,31,66,25095
2015,3,Hotel & Spa La Folie,Tanger,4,44,40,66,35133
2015,4,Hotel & Spa La Folie,Tanger,4,44,52,66,40152
2015,5,Hotel & Spa La Folie,Tanger,4,44,43,66,40152
2015,6,Hotel & Spa La Folie,Tanger,4,44,44,66,35133
2015,7,Hotel & Spa La Folie,Tanger,4,44,77,66,60228
2015,8,Hotel & Spa La Folie,Tanger,4,44,69,66,70266
2015,9,Hotel & Spa La Folie,Tanger,4,44,62,66,50190
2015,10,Hotel & Spa La Folie,Tanger,4,44,58,66,45171
2015,11,Hotel & Spa La Folie,Tanger,4,44,41,66,35133
2015,12,Hotel & Spa La Folie,Tanger,4,44,37,66,35133
2015,1,Riad Laaroussa,Fès,5,28,35,116,32300
2015,2,Riad Laaroussa,Fès,5,28,27,116,26916
2015,3,Riad Laaroussa,Fès,5,28,39,116,37683
2015,4,Riad Laaroussa,Fès,5,28,42,116,43066
2015,5,Riad Laaroussa,Fès,5,28,41,116,43066
2015,6,Riad Laaroussa,Fès,5,28,41,116,37683
2015,7,Riad Laaroussa,Fès,5,28,62,116,64599
2015,8,Riad Laaroussa,Fès,5,28,73,116,75366
2015,9,Riad Laaroussa,Fès,5,28,52,116,53833
2015,10,Riad Laaroussa,Fès,5,28,50,116,48449
2015,11,Riad Laaroussa,Fès,5,28,40,116,37683
2015,12,Riad Laaroussa,Fès,5,28,34,116,37683
2015,1,Palais Amani,Fès,5,21,33,134,27822
2015,2,Palais Amani,Fès,5,21,31,134,23185
2015,3,Palais Amani,Fès,5,21,44,134,32459
2015,4,Palais Amani,Fès,5,21,40,134,37096
2015,5,Palais Amani,Fès,5,21,41,134,37096
2015,6,Palais Amani,Fès,5,21,45,134,32459
2015,7,Palais Amani,Fès,5,21,71,134,55644
2015,8,Palais Amani,Fès,5,21,68,134,64918
2015,9,Palais Amani,Fès,5,21,50,134,46370
2015,10,Palais Amani,Fès,5,21,45,134,41733
2015,11,Palais Amani,Fès,5,21,42,134,32459
2015,12,Palais Amani,Fès,5,21,45,134,32459
2015,1,Sofitel Palais Jamai,Fès,5,136,28,75,83081
2015,2,Sofitel Palais Jamai,Fès,5,136,27,75,69234
2015,3,Sofitel Palais Jamai,Fès,5,136,35,75,96928
2015,4,Sofitel Palais Jamai,Fès,5,136,36,75,110775
2015,5,Sofitel Palais Jamai,Fès,5,136,42,75,110775
2015,6,Sofitel Palais Jamai,Fès,5,136,39,75,96928
2015,7,Sofitel Palais Jamai,Fès,5,136,56,75,166163
2015,8,Sofitel Palais Jamai,Fès,5,136,79,75,193856
2015,9,Sofitel Palais Jamai,Fès,5,136,55,75,138469
2015,10,Sofitel Palais Jamai,Fès,5,136,45,75,124622
2015,11,Sofitel Palais Jamai,Fès,5,136,41,75,96928
2015,12,Sofitel Palais Jamai,Fès,5,136,38,75,96928
2015,1,Riad Fès,Fès,5,32,33,103,37451
2015,2,Riad Fès,Fès,5,32,28,103,31209
2015,3,Riad Fès,Fès,5,32,38,103,43693
2015,4,Riad Fès,Fès,5,32,43,103,49935
2015,5,Riad Fès,Fès,5,32,49,103,49935
2015,6,Riad Fès,Fès,5,32,39,103,43693
2015,7,Riad Fès,Fès,5,32,63,103,74902
2015,8,Riad Fès,Fès,5,32,84,103,87386
2015,9,Riad Fès,Fès,5,32,66,103,62418
2015,10,Riad Fès,Fès,5,32,48,103,56177
2015,11,Riad Fès,Fès,5,32,39,103,43693
2015,12,Riad Fès,Fès,5,32,37,103,43693
2015,1,Sofitel Agadir Royal Bay,Agadir,5,174,40,90,205640
2015,2,Sofitel Agadir Royal Bay,Agadir,5,174,28,90,171367
2015,3,Sofitel Agadir Royal Bay,Agadir,5,174,47,90,239913
2015,4,Sofitel Agadir Royal Bay,Agadir,5,174,57,90,274187
2015,5,Sofitel Agadir Royal Bay,Agadir,5,174,51,90,274187
2015,6,Sofitel Agadir Royal Bay,Agadir,5,174,49,90,239913
2015,7,Sofitel Agadir Royal Bay,Agadir,5,174,73,90,411280
2015,8,Sofitel Agadir Royal Bay,Agadir,5,174,80,90,479827
2015,9,Sofitel Agadir Royal Bay,Agadir,5,174,65,90,342733
2015,10,Sofitel Agadir Royal Bay,Agadir,5,174,67,90,308460
2015,11,Sofitel Agadir Royal Bay,Agadir,5,174,43,90,239913
2015,12,Sofitel Agadir Royal Bay,Agadir,5,174,39,90,239913
2015,1,Riu Palace Tikida,Agadir,5,524,39,66,389653
2015,2,Riu Palace Tikida,Agadir,5,524,28,66,324711
2015,3,Riu Palace Tikida,Agadir,5,524,42,66,454595
2015,4,Riu Palace Tikida,Agadir,5,524,43,66,519537
2015,5,Riu Palace Tikida,Agadir,5,524,52,66,519537
2015,6,Riu Palace Tikida,Agadir,5,524,47,66,454595
2015,7,Riu Palace Tikida,Agadir,5,524,73,66,779305
2015,8,Riu Palace Tikida,Agadir,5,524,80,66,909189
2015,9,Riu Palace Tikida,Agadir,5,524,65,66,649421
2015,10,Riu Palace Tikida,Agadir,5,524,49,66,584479
2015,11,Riu Palace Tikida,Agadir,5,524,48,66,454595
2015,12,Riu Palace Tikida,Agadir,5,524,38,66,454595
2015,1,Iberostar Founty,Agadir,5,380,36,54,216349
2015,2,Iberostar Founty,Agadir,5,380,25,54,180291
2015,3,Iberostar Founty,Agadir,5,380,38,54,252407
2015,4,Iberostar Founty,Agadir,5,380,43,54,288465
2015,5,Iberostar Founty,Agadir,5,380,45,54,288465
2015,6,Iberostar Founty,Agadir,5,380,42,54,252407
2015,7,Iberostar Founty,Agadir,5,380,61,54,432698
2015,8,Iberostar Founty,Agadir,5,380,71,54,504814
2015,9,Iberostar Founty,Agadir,5,380,60,54,360582
2015,10,Iberostar Founty,Agadir,5,380,46,54,324524
2015,11,Iberostar Founty,Agadir,5,380,40,54,252407
2015,12,Iberostar Founty,Agadir,5,380,46,54,252407
2015,1,Kasbah Tamadot,Asni,5,28,33,315,105547
2015,2,Kasbah Tamadot,Asni,5,28,31,315,87956
2015,3,Kasbah Tamadot,Asni,5,28,40,315,123138
2015,4,Kasbah Tamadot,Asni,5,28,52,315,140729
2015,5,Kasbah Tamadot,Asni,5,28,53,315,140729
2015,6,Kasbah Tamadot,Asni,5,28,38,315,123138
2015,7,Kasbah Tamadot,Asni,5,28,73,315,211093
2015,8,Kasbah Tamadot,Asni,5,28,76,315,246276
2015,9,Kasbah Tamadot,Asni,5,28,54,315,175911
2015,10,Kasbah Tamadot,Asni,5,28,52,315,158320
2015,11,Kasbah Tamadot,Asni,5,28,39,315,123138
2015,12,Kasbah Tamadot,Asni,5,28,39,315,123138
2015,1,Scarabeo Camp,Agafay,4,14,40,248,37200
2015,2,Scarabeo Camp,Agafay,4,14,27,248,31000
2015,3,Scarabeo Camp,Agafay,4,14,46,248,43400
2015,4,Scarabeo Camp,Agafay,4,14,43,248,49599
2015,5,Scarabeo Camp,Agafay,4,14,51,248,49599
2015,6,Scarabeo Camp,Agafay,4,14,38,248,43400
2015,7,Scarabeo Camp,Agafay,4,14,77,248,74399
2015,8,Scarabeo Camp,Agafay,4,14,73,248,86799
2015,9,Scarabeo Camp,Agafay,4,14,63,248,61999
2015,10,Scarabeo Camp,Agafay,4,14,53,248,55799
2015,11,Scarabeo Camp,Agafay,4,14,40,248,43400
2015,12,Scarabeo Camp,Agafay,4,14,40,248,43400
2015,1,Kam Kam Dunes,Merzouga,3,20,33,115,20024
2015,2,Kam Kam Dunes,Merzouga,3,20,29,115,16687
2015,3,Kam Kam Dunes,Merzouga,3,20,41,115,23362
2015,4,Kam Kam Dunes,Merzouga,3,20,42,115,26699
2015,5,Kam Kam Dunes,Merzouga,3,20,47,115,26699
2015,6,Kam Kam Dunes,Merzouga,3,20,35,115,23362
2015,7,Kam Kam Dunes,Merzouga,3,20,55,115,40049
2015,8,Kam Kam Dunes,Merzouga,3,20,84,115,46724
2015,9,Kam Kam Dunes,Merzouga,3,20,56,115,33374
2015,10,Kam Kam Dunes,Merzouga,3,20,54,115,30037
2015,11,Kam Kam Dunes,Merzouga,3,20,41,115,23362
2015,12,Kam Kam Dunes,Merzouga,3,20,37,115,23362
2015,1,Riad Kniza,Marrakech,5,11,39,307,44164
2015,2,Riad Kniza,Marrakech,5,11,35,307,36803
2015,3,Riad Kniza,Marrakech,5,11,48,307,51524
2015,4,Riad Kniza,Marrakech,5,11,49,307,58885
2015,5,Riad Kniza,Marrakech,5,11,46,307,58885
2015,6,Riad Kniza,Marrakech,5,11,45,307,51524
2015,7,Riad Kniza,Marrakech,5,11,78,307,88327
2015,8,Riad Kniza,Marrakech,5,11,98,307,103048
2015,9,Riad Kniza,Marrakech,5,11,55,307,73606
2015,10,Riad Kniza,Marrakech,5,11,66,307,66245
2015,11,Riad Kniza,Marrakech,5,11,46,307,51524
2015,12,Riad Kniza,Marrakech,5,11,51,307,51524
2015,1,Dar Ahlam,Skoura,5,14,31,328,45135
2015,2,Dar Ahlam,Skoura,5,14,27,328,37613
2015,3,Dar Ahlam,Skoura,5,14,38,328,52658
2015,4,Dar Ahlam,Skoura,5,14,41,328,60181
2015,5,Dar Ahlam,Skoura,5,14,43,328,60181
2015,6,Dar Ahlam,Skoura,5,14,37,328,52658
2015,7,Dar Ahlam,Skoura,5,14,78,328,90271
2015,8,Dar Ahlam,Skoura,5,14,74,328,105316
2015,9,Dar Ahlam,Skoura,5,14,53,328,75226
2015,10,Dar Ahlam,Skoura,5,14,49,328,67703
2015,11,Dar Ahlam,Skoura,5,14,43,328,52658
2015,12,Dar Ahlam,Skoura,5,14,42,328,52658
2016,1,La Mamounia,Marrakech,5,209,36,224,469069
2016,2,La Mamounia,Marrakech,5,209,26,224,390891
2016,3,La Mamounia,Marrakech,5,209,46,224,547247
2016,4,La Mamounia,Marrakech,5,209,48,224,625425
2016,5,La Mamounia,Marrakech,5,209,40,224,625425
2016,6,La Mamounia,Marrakech,5,209,45,224,547247
2016,7,La Mamounia,Marrakech,5,209,61,224,938138
2016,8,La Mamounia,Marrakech,5,209,91,224,1094494
2016,9,La Mamounia,Marrakech,5,209,52,224,781782
2016,10,La Mamounia,Marrakech,5,209,59,224,703603
2016,11,La Mamounia,Marrakech,5,209,35,224,547247
2016,12,La Mamounia,Marrakech,5,209,42,224,547247
2016,1,Royal Mansour,Marrakech,5,53,38,320,175781
2016,2,Royal Mansour,Marrakech,5,53,29,320,146484
2016,3,Royal Mansour,Marrakech,5,53,44,320,205078
2016,4,Royal Mansour,Marrakech,5,53,46,320,234375
2016,5,Royal Mansour,Marrakech,5,53,42,320,234375
2016,6,Royal Mansour,Marrakech,5,53,43,320,205078
2016,7,Royal Mansour,Marrakech,5,53,62,320,351562
2016,8,Royal Mansour,Marrakech,5,53,81,320,410156
2016,9,Royal Mansour,Marrakech,5,53,63,320,292968
2016,10,Royal Mansour,Marrakech,5,53,47,320,263672
2016,11,Royal Mansour,Marrakech,5,53,35,320,205078
2016,12,Royal Mansour,Marrakech,5,53,44,320,205078
2016,1,Four Seasons Resort,Marrakech,5,139,37,203,304405
2016,2,Four Seasons Resort,Marrakech,5,139,32,203,253671
2016,3,Four Seasons Resort,Marrakech,5,139,46,203,355139
2016,4,Four Seasons Resort,Marrakech,5,139,50,203,405873
2016,5,Four Seasons Resort,Marrakech,5,139,53,203,405873
2016,6,Four Seasons Resort,Marrakech,5,139,41,203,355139
2016,7,Four Seasons Resort,Marrakech,5,139,65,203,608809
2016,8,Four Seasons Resort,Marrakech,5,139,85,203,710277
2016,9,Four Seasons Resort,Marrakech,5,139,66,203,507341
2016,10,Four Seasons Resort,Marrakech,5,139,58,203,456607
2016,11,Four Seasons Resort,Marrakech,5,139,44,203,355139
2016,12,Four Seasons Resort,Marrakech,5,139,39,203,355139
2016,1,Amanjena,Marrakech,5,32,31,261,80276
2016,2,Amanjena,Marrakech,5,32,31,261,66897
2016,3,Amanjena,Marrakech,5,32,34,261,93656
2016,4,Amanjena,Marrakech,5,32,49,261,107035
2016,5,Amanjena,Marrakech,5,32,47,261,107035
2016,6,Amanjena,Marrakech,5,32,37,261,93656
2016,7,Amanjena,Marrakech,5,32,59,261,160553
2016,8,Amanjena,Marrakech,5,32,89,261,187312
2016,9,Amanjena,Marrakech,5,32,61,261,133794
2016,10,Amanjena,Marrakech,5,32,52,261,120415
2016,11,Amanjena,Marrakech,5,32,34,261,93656
2016,12,Amanjena,Marrakech,5,32,38,261,93656
2016,1,Sofitel Marrakech,Marrakech,5,303,38,159,563402
2016,2,Sofitel Marrakech,Marrakech,5,303,32,159,469501
2016,3,Sofitel Marrakech,Marrakech,5,303,50,159,657302
2016,4,Sofitel Marrakech,Marrakech,5,303,46,159,751202
2016,5,Sofitel Marrakech,Marrakech,5,303,44,159,751202
2016,6,Sofitel Marrakech,Marrakech,5,303,50,159,657302
2016,7,Sofitel Marrakech,Marrakech,5,303,75,159,1126803
2016,8,Sofitel Marrakech,Marrakech,5,303,89,159,1314604
2016,9,Sofitel Marrakech,Marrakech,5,303,57,159,939003
2016,10,Sofitel Marrakech,Marrakech,5,303,59,159,845103
2016,11,Sofitel Marrakech,Marrakech,5,303,50,159,657302
2016,12,Sofitel Marrakech,Marrakech,5,303,41,159,657302
2016,1,Riad Yasmine,Marrakech,4,7,33,63,4893
2016,2,Riad Yasmine,Marrakech,4,7,27,63,4077
2016,3,Riad Yasmine,Marrakech,4,7,42,63,5708
2016,4,Riad Yasmine,Marrakech,4,7,49,63,6524
2016,5,Riad Yasmine,Marrakech,4,7,56,63,6524
2016,6,Riad Yasmine,Marrakech,4,7,37,63,5708
2016,7,Riad Yasmine,Marrakech,4,7,65,63,9786
2016,8,Riad Yasmine,Marrakech,4,7,80,63,11417
2016,9,Riad Yasmine,Marrakech,4,7,68,63,8155
2016,10,Riad Yasmine,Marrakech,4,7,50,63,7339
2016,11,Riad Yasmine,Marrakech,4,7,37,63,5708
2016,12,Riad Yasmine,Marrakech,4,7,38,63,5708
2016,1,Kenzi Tower Hotel,Casablanca,5,240,36,127,275954
2016,2,Kenzi Tower Hotel,Casablanca,5,240,29,127,229962
2016,3,Kenzi Tower Hotel,Casablanca,5,240,40,127,321947
2016,4,Kenzi Tower Hotel,Casablanca,5,240,44,127,367939
2016,5,Kenzi Tower Hotel,Casablanca,5,240,42,127,367939
2016,6,Kenzi Tower Hotel,Casablanca,5,240,42,127,321947
2016,7,Kenzi Tower Hotel,Casablanca,5,240,69,127,551909
2016,8,Kenzi Tower Hotel,Casablanca,5,240,87,127,643894
2016,9,Kenzi Tower Hotel,Casablanca,5,240,55,127,459924
2016,10,Kenzi Tower Hotel,Casablanca,5,240,48,127,413932
2016,11,Kenzi Tower Hotel,Casablanca,5,240,43,127,321947
2016,12,Kenzi Tower Hotel,Casablanca,5,240,35,127,321947
2016,1,Four Seasons Casablanca,Casablanca,5,186,41,193,401438
2016,2,Four Seasons Casablanca,Casablanca,5,186,33,193,334531
2016,3,Four Seasons Casablanca,Casablanca,5,186,48,193,468344
2016,4,Four Seasons Casablanca,Casablanca,5,186,49,193,535250
2016,5,Four Seasons Casablanca,Casablanca,5,186,52,193,535250
2016,6,Four Seasons Casablanca,Casablanca,5,186,40,193,468344
2016,7,Four Seasons Casablanca,Casablanca,5,186,79,193,802875
2016,8,Four Seasons Casablanca,Casablanca,5,186,79,193,936688
2016,9,Four Seasons Casablanca,Casablanca,5,186,52,193,669063
2016,10,Four Seasons Casablanca,Casablanca,5,186,61,193,602157
2016,11,Four Seasons Casablanca,Casablanca,5,186,42,193,468344
2016,12,Four Seasons Casablanca,Casablanca,5,186,39,193,468344
2016,1,Hyatt Regency,Casablanca,5,252,45,143,487408
2016,2,Hyatt Regency,Casablanca,5,252,32,143,406173
2016,3,Hyatt Regency,Casablanca,5,252,44,143,568643
2016,4,Hyatt Regency,Casablanca,5,252,52,143,649877
2016,5,Hyatt Regency,Casablanca,5,252,47,143,649877
2016,6,Hyatt Regency,Casablanca,5,252,48,143,568643
2016,7,Hyatt Regency,Casablanca,5,252,81,143,974816
2016,8,Hyatt Regency,Casablanca,5,252,82,143,1137285
2016,9,Hyatt Regency,Casablanca,5,252,63,143,812347
2016,10,Hyatt Regency,Casablanca,5,252,66,143,731112
2016,11,Hyatt Regency,Casablanca,5,252,50,143,568643
2016,12,Hyatt Regency,Casablanca,5,252,41,143,568643
2016,1,Sofitel Casablanca,Casablanca,5,141,30,93,110221
2016,2,Sofitel Casablanca,Casablanca,5,141,24,93,91850
2016,3,Sofitel Casablanca,Casablanca,5,141,37,93,128591
2016,4,Sofitel Casablanca,Casablanca,5,141,37,93,146961
2016,5,Sofitel Casablanca,Casablanca,5,141,36,93,146961
2016,6,Sofitel Casablanca,Casablanca,5,141,33,93,128591
2016,7,Sofitel Casablanca,Casablanca,5,141,72,93,220441
2016,8,Sofitel Casablanca,Casablanca,5,141,76,93,257181
2016,9,Sofitel Casablanca,Casablanca,5,141,52,93,183701
2016,10,Sofitel Casablanca,Casablanca,5,141,51,93,165331
2016,11,Sofitel Casablanca,Casablanca,5,141,38,93,128591
2016,12,Sofitel Casablanca,Casablanca,5,141,39,93,128591
2016,1,Hilton Tanger City Center,Tanger,5,200,35,123,320064
2016,2,Hilton Tanger City Center,Tanger,5,200,28,123,266720
2016,3,Hilton Tanger City Center,Tanger,5,200,43,123,373408
2016,4,Hilton Tanger City Center,Tanger,5,200,49,123,426752
2016,5,Hilton Tanger City Center,Tanger,5,200,53,123,426752
2016,6,Hilton Tanger City Center,Tanger,5,200,50,123,373408
2016,7,Hilton Tanger City Center,Tanger,5,200,86,123,640128
2016,8,Hilton Tanger City Center,Tanger,5,200,85,123,746816
2016,9,Hilton Tanger City Center,Tanger,5,200,70,123,533440
2016,10,Hilton Tanger City Center,Tanger,5,200,65,123,480096
2016,11,Hilton Tanger City Center,Tanger,5,200,51,123,373408
2016,12,Hilton Tanger City Center,Tanger,5,200,51,123,373408
2016,1,Sofitel Tanger Bay,Tanger,5,103,34,100,124496
2016,2,Sofitel Tanger Bay,Tanger,5,103,31,100,103747
2016,3,Sofitel Tanger Bay,Tanger,5,103,45,100,145245
2016,4,Sofitel Tanger Bay,Tanger,5,103,44,100,165995
2016,5,Sofitel Tanger Bay,Tanger,5,103,53,100,165995
2016,6,Sofitel Tanger Bay,Tanger,5,103,47,100,145245
2016,7,Sofitel Tanger Bay,Tanger,5,103,84,100,248992
2016,8,Sofitel Tanger Bay,Tanger,5,103,98,100,290491
2016,9,Sofitel Tanger Bay,Tanger,5,103,60,100,207493
2016,10,Sofitel Tanger Bay,Tanger,5,103,61,100,186744
2016,11,Sofitel Tanger Bay,Tanger,5,103,41,100,145245
2016,12,Sofitel Tanger Bay,Tanger,5,103,43,100,145245
2016,1,Hotel & Spa La Folie,Tanger,4,44,34,72,36537
2016,2,Hotel & Spa La Folie,Tanger,4,44,34,72,30447
2016,3,Hotel & Spa La Folie,Tanger,4,44,43,72,42626
2016,4,Hotel & Spa La Folie,Tanger,4,44,43,72,48716
2016,5,Hotel & Spa La Folie,Tanger,4,44,49,72,48716
2016,6,Hotel & Spa La Folie,Tanger,4,44,38,72,42626
2016,7,Hotel & Spa La Folie,Tanger,4,44,79,72,73074
2016,8,Hotel & Spa La Folie,Tanger,4,44,82,72,85253
2016,9,Hotel & Spa La Folie,Tanger,4,44,63,72,60895
2016,10,Hotel & Spa La Folie,Tanger,4,44,58,72,54805
2016,11,Hotel & Spa La Folie,Tanger,4,44,38,72,42626
2016,12,Hotel & Spa La Folie,Tanger,4,44,42,72,42626
2016,1,Riad Laaroussa,Fès,5,28,42,138,51930
2016,2,Riad Laaroussa,Fès,5,28,37,138,43275
2016,3,Riad Laaroussa,Fès,5,28,41,138,60585
2016,4,Riad Laaroussa,Fès,5,28,48,138,69240
2016,5,Riad Laaroussa,Fès,5,28,50,138,69240
2016,6,Riad Laaroussa,Fès,5,28,47,138,60585
2016,7,Riad Laaroussa,Fès,5,28,78,138,103861
2016,8,Riad Laaroussa,Fès,5,28,98,138,121171
2016,9,Riad Laaroussa,Fès,5,28,65,138,86551
2016,10,Riad Laaroussa,Fès,5,28,67,138,77895
2016,11,Riad Laaroussa,Fès,5,28,49,138,60585
2016,12,Riad Laaroussa,Fès,5,28,45,138,60585
2016,1,Palais Amani,Fès,5,21,37,138,30090
2016,2,Palais Amani,Fès,5,21,25,138,25075
2016,3,Palais Amani,Fès,5,21,36,138,35105
2016,4,Palais Amani,Fès,5,21,45,138,40119
2016,5,Palais Amani,Fès,5,21,44,138,40119
2016,6,Palais Amani,Fès,5,21,37,138,35105
2016,7,Palais Amani,Fès,5,21,71,138,60179
2016,8,Palais Amani,Fès,5,21,88,138,70209
2016,9,Palais Amani,Fès,5,21,54,138,50149
2016,10,Palais Amani,Fès,5,21,51,138,45134
2016,11,Palais Amani,Fès,5,21,41,138,35105
2016,12,Palais Amani,Fès,5,21,43,138,35105
2016,1,Sofitel Palais Jamai,Fès,5,136,42,88,133404
2016,2,Sofitel Palais Jamai,Fès,5,136,28,88,111170
2016,3,Sofitel Palais Jamai,Fès,5,136,45,88,155639
2016,4,Sofitel Palais Jamai,Fès,5,136,56,88,177873
2016,5,Sofitel Palais Jamai,Fès,5,136,47,88,177873
2016,6,Sofitel Palais Jamai,Fès,5,136,49,88,155639
2016,7,Sofitel Palais Jamai,Fès,5,136,82,88,266809
2016,8,Sofitel Palais Jamai,Fès,5,136,74,88,311277
2016,9,Sofitel Palais Jamai,Fès,5,136,52,88,222341
2016,10,Sofitel Palais Jamai,Fès,5,136,61,88,200107
2016,11,Sofitel Palais Jamai,Fès,5,136,45,88,155639
2016,12,Sofitel Palais Jamai,Fès,5,136,38,88,155639
2016,1,Riad Fès,Fès,5,32,35,101,35055
2016,2,Riad Fès,Fès,5,32,32,101,29212
2016,3,Riad Fès,Fès,5,32,43,101,40897
2016,4,Riad Fès,Fès,5,32,55,101,46740
2016,5,Riad Fès,Fès,5,32,46,101,46740
2016,6,Riad Fès,Fès,5,32,46,101,40897
2016,7,Riad Fès,Fès,5,32,64,101,70110
2016,8,Riad Fès,Fès,5,32,73,101,81794
2016,9,Riad Fès,Fès,5,32,61,101,58425
2016,10,Riad Fès,Fès,5,32,47,101,52582
2016,11,Riad Fès,Fès,5,32,46,101,40897
2016,12,Riad Fès,Fès,5,32,43,101,40897
2016,1,Sofitel Agadir Royal Bay,Agadir,5,174,34,87,175259
2016,2,Sofitel Agadir Royal Bay,Agadir,5,174,31,87,146049
2016,3,Sofitel Agadir Royal Bay,Agadir,5,174,49,87,204469
2016,4,Sofitel Agadir Royal Bay,Agadir,5,174,55,87,233678
2016,5,Sofitel Agadir Royal Bay,Agadir,5,174,54,87,233678
2016,6,Sofitel Agadir Royal Bay,Agadir,5,174,44,87,204469
2016,7,Sofitel Agadir Royal Bay,Agadir,5,174,75,87,350518
2016,8,Sofitel Agadir Royal Bay,Agadir,5,174,82,87,408937
2016,9,Sofitel Agadir Royal Bay,Agadir,5,174,71,87,292098
2016,10,Sofitel Agadir Royal Bay,Agadir,5,174,62,87,262888
2016,11,Sofitel Agadir Royal Bay,Agadir,5,174,42,87,204469
2016,12,Sofitel Agadir Royal Bay,Agadir,5,174,44,87,204469
2016,1,Riu Palace Tikida,Agadir,5,524,35,58,260229
2016,2,Riu Palace Tikida,Agadir,5,524,25,58,216857
2016,3,Riu Palace Tikida,Agadir,5,524,42,58,303600
2016,4,Riu Palace Tikida,Agadir,5,524,38,58,346972
2016,5,Riu Palace Tikida,Agadir,5,524,40,58,346972
2016,6,Riu Palace Tikida,Agadir,5,524,42,58,303600
2016,7,Riu Palace Tikida,Agadir,5,524,61,58,520458
2016,8,Riu Palace Tikida,Agadir,5,524,73,58,607201
2016,9,Riu Palace Tikida,Agadir,5,524,51,58,433715
2016,10,Riu Palace Tikida,Agadir,5,524,43,58,390343
2016,11,Riu Palace Tikida,Agadir,5,524,32,58,303600
2016,12,Riu Palace Tikida,Agadir,5,524,38,58,303600
2016,1,Iberostar Founty,Agadir,5,380,27,48,151964
2016,2,Iberostar Founty,Agadir,5,380,29,48,126637
2016,3,Iberostar Founty,Agadir,5,380,41,48,177291
2016,4,Iberostar Founty,Agadir,5,380,42,48,202619
2016,5,Iberostar Founty,Agadir,5,380,41,48,202619
2016,6,Iberostar Founty,Agadir,5,380,35,48,177291
2016,7,Iberostar Founty,Agadir,5,380,67,48,303928
2016,8,Iberostar Founty,Agadir,5,380,64,48,354583
2016,9,Iberostar Founty,Agadir,5,380,55,48,253273
2016,10,Iberostar Founty,Agadir,5,380,47,48,227946
2016,11,Iberostar Founty,Agadir,5,380,40,48,177291
2016,12,Iberostar Founty,Agadir,5,380,38,48,177291
2016,1,Kasbah Tamadot,Asni,5,28,34,326,111542
2016,2,Kasbah Tamadot,Asni,5,28,34,326,92952
2016,3,Kasbah Tamadot,Asni,5,28,48,326,130133
2016,4,Kasbah Tamadot,Asni,5,28,45,326,148723
2016,5,Kasbah Tamadot,Asni,5,28,48,326,148723
2016,6,Kasbah Tamadot,Asni,5,28,46,326,130133
2016,7,Kasbah Tamadot,Asni,5,28,88,326,223085
2016,8,Kasbah Tamadot,Asni,5,28,78,326,260265
2016,9,Kasbah Tamadot,Asni,5,28,66,326,185904
2016,10,Kasbah Tamadot,Asni,5,28,52,326,167313
2016,11,Kasbah Tamadot,Asni,5,28,44,326,130133
2016,12,Kasbah Tamadot,Asni,5,28,42,326,130133
2016,1,Scarabeo Camp,Agafay,4,14,36,226,26586
2016,2,Scarabeo Camp,Agafay,4,14,28,226,22155
2016,3,Scarabeo Camp,Agafay,4,14,36,226,31017
2016,4,Scarabeo Camp,Agafay,4,14,44,226,35448
2016,5,Scarabeo Camp,Agafay,4,14,43,226,35448
2016,6,Scarabeo Camp,Agafay,4,14,32,226,31017
2016,7,Scarabeo Camp,Agafay,4,14,69,226,53173
2016,8,Scarabeo Camp,Agafay,4,14,73,226,62035
2016,9,Scarabeo Camp,Agafay,4,14,54,226,44311
2016,10,Scarabeo Camp,Agafay,4,14,53,226,39879
2016,11,Scarabeo Camp,Agafay,4,14,38,226,31017
2016,12,Scarabeo Camp,Agafay,4,14,40,226,31017
2016,1,Kam Kam Dunes,Merzouga,3,20,40,128,26553
2016,2,Kam Kam Dunes,Merzouga,3,20,30,128,22127
2016,3,Kam Kam Dunes,Merzouga,3,20,36,128,30978
2016,4,Kam Kam Dunes,Merzouga,3,20,46,128,35404
2016,5,Kam Kam Dunes,Merzouga,3,20,53,128,35404
2016,6,Kam Kam Dunes,Merzouga,3,20,36,128,30978
2016,7,Kam Kam Dunes,Merzouga,3,20,67,128,53105
2016,8,Kam Kam Dunes,Merzouga,3,20,81,128,61956
2016,9,Kam Kam Dunes,Merzouga,3,20,58,128,44254
2016,10,Kam Kam Dunes,Merzouga,3,20,45,128,39829
2016,11,Kam Kam Dunes,Merzouga,3,20,40,128,30978
2016,12,Kam Kam Dunes,Merzouga,3,20,37,128,30978
2016,1,Riad Kniza,Marrakech,5,11,36,274,30302
2016,2,Riad Kniza,Marrakech,5,11,31,274,25252
2016,3,Riad Kniza,Marrakech,5,11,43,274,35352
2016,4,Riad Kniza,Marrakech,5,11,48,274,40402
2016,5,Riad Kniza,Marrakech,5,11,40,274,40402
2016,6,Riad Kniza,Marrakech,5,11,40,274,35352
2016,7,Riad Kniza,Marrakech,5,11,67,274,60604
2016,8,Riad Kniza,Marrakech,5,11,92,274,70704
2016,9,Riad Kniza,Marrakech,5,11,57,274,50503
2016,10,Riad Kniza,Marrakech,5,11,46,274,45453
2016,11,Riad Kniza,Marrakech,5,11,34,274,35352
2016,12,Riad Kniza,Marrakech,5,11,37,274,35352
2016,1,Dar Ahlam,Skoura,5,14,42,373,63960
2016,2,Dar Ahlam,Skoura,5,14,35,373,53300
2016,3,Dar Ahlam,Skoura,5,14,46,373,74619
2016,4,Dar Ahlam,Skoura,5,14,53,373,85279
2016,5,Dar Ahlam,Skoura,5,14,52,373,85279
2016,6,Dar Ahlam,Skoura,5,14,41,373,74619
2016,7,Dar Ahlam,Skoura,5,14,82,373,127919
2016,8,Dar Ahlam,Skoura,5,14,86,373,149239
2016,9,Dar Ahlam,Skoura,5,14,59,373,106599
2016,10,Dar Ahlam,Skoura,5,14,51,373,95939
2016,11,Dar Ahlam,Skoura,5,14,40,373,74619
2016,12,Dar Ahlam,Skoura,5,14,47,373,74619
2017,1,La Mamounia,Marrakech,5,209,39,228,478497
2017,2,La Mamounia,Marrakech,5,209,31,228,398747
2017,3,La Mamounia,Marrakech,5,209,47,228,558246
2017,4,La Mamounia,Marrakech,5,209,53,228,637996
2017,5,La Mamounia,Marrakech,5,209,45,228,637996
2017,6,La Mamounia,Marrakech,5,209,43,228,558246
2017,7,La Mamounia,Marrakech,5,209,76,228,956993
2017,8,La Mamounia,Marrakech,5,209,78,228,1116492
2017,9,La Mamounia,Marrakech,5,209,67,228,797494
2017,10,La Mamounia,Marrakech,5,209,50,228,717745
2017,11,La Mamounia,Marrakech,5,209,38,228,558246
2017,12,La Mamounia,Marrakech,5,209,43,228,558246
2017,1,Royal Mansour,Marrakech,5,53,36,348,216714
2017,2,Royal Mansour,Marrakech,5,53,35,348,180595
2017,3,Royal Mansour,Marrakech,5,53,50,348,252834
2017,4,Royal Mansour,Marrakech,5,53,54,348,288953
2017,5,Royal Mansour,Marrakech,5,53,54,348,288953
2017,6,Royal Mansour,Marrakech,5,53,43,348,252834
2017,7,Royal Mansour,Marrakech,5,53,71,348,433429
2017,8,Royal Mansour,Marrakech,5,53,98,348,505667
2017,9,Royal Mansour,Marrakech,5,53,72,348,361191
2017,10,Royal Mansour,Marrakech,5,53,53,348,325072
2017,11,Royal Mansour,Marrakech,5,53,43,348,252834
2017,12,Royal Mansour,Marrakech,5,53,50,348,252834
2017,1,Four Seasons Resort,Marrakech,5,139,38,209,319639
2017,2,Four Seasons Resort,Marrakech,5,139,30,209,266366
2017,3,Four Seasons Resort,Marrakech,5,139,43,209,372912
2017,4,Four Seasons Resort,Marrakech,5,139,54,209,426185
2017,5,Four Seasons Resort,Marrakech,5,139,55,209,426185
2017,6,Four Seasons Resort,Marrakech,5,139,42,209,372912
2017,7,Four Seasons Resort,Marrakech,5,139,68,209,639277
2017,8,Four Seasons Resort,Marrakech,5,139,98,209,745823
2017,9,Four Seasons Resort,Marrakech,5,139,56,209,532731
2017,10,Four Seasons Resort,Marrakech,5,139,56,209,479458
2017,11,Four Seasons Resort,Marrakech,5,139,39,209,372912
2017,12,Four Seasons Resort,Marrakech,5,139,42,209,372912
2017,1,Amanjena,Marrakech,5,32,34,302,121215
2017,2,Amanjena,Marrakech,5,32,37,302,101012
2017,3,Amanjena,Marrakech,5,32,50,302,141417
2017,4,Amanjena,Marrakech,5,32,46,302,161620
2017,5,Amanjena,Marrakech,5,32,54,302,161620
2017,6,Amanjena,Marrakech,5,32,43,302,141417
2017,7,Amanjena,Marrakech,5,32,88,302,242429
2017,8,Amanjena,Marrakech,5,32,87,302,282834
2017,9,Amanjena,Marrakech,5,32,61,302,202024
2017,10,Amanjena,Marrakech,5,32,53,302,181822
2017,11,Amanjena,Marrakech,5,32,41,302,141417
2017,12,Amanjena,Marrakech,5,32,53,302,141417
2017,1,Sofitel Marrakech,Marrakech,5,303,41,166,619725
2017,2,Sofitel Marrakech,Marrakech,5,303,30,166,516438
2017,3,Sofitel Marrakech,Marrakech,5,303,48,166,723013
2017,4,Sofitel Marrakech,Marrakech,5,303,51,166,826301
2017,5,Sofitel Marrakech,Marrakech,5,303,47,166,826301
2017,6,Sofitel Marrakech,Marrakech,5,303,44,166,723013
2017,7,Sofitel Marrakech,Marrakech,5,303,82,166,1239451
2017,8,Sofitel Marrakech,Marrakech,5,303,78,166,1446026
2017,9,Sofitel Marrakech,Marrakech,5,303,65,166,1032876
2017,10,Sofitel Marrakech,Marrakech,5,303,58,166,929588
2017,11,Sofitel Marrakech,Marrakech,5,303,50,166,723013
2017,12,Sofitel Marrakech,Marrakech,5,303,42,166,723013
2017,1,Riad Yasmine,Marrakech,4,7,40,62,4571
2017,2,Riad Yasmine,Marrakech,4,7,26,62,3809
2017,3,Riad Yasmine,Marrakech,4,7,46,62,5333
2017,4,Riad Yasmine,Marrakech,4,7,43,62,6095
2017,5,Riad Yasmine,Marrakech,4,7,42,62,6095
2017,6,Riad Yasmine,Marrakech,4,7,41,62,5333
2017,7,Riad Yasmine,Marrakech,4,7,70,62,9142
2017,8,Riad Yasmine,Marrakech,4,7,85,62,10666
2017,9,Riad Yasmine,Marrakech,4,7,59,62,7619
2017,10,Riad Yasmine,Marrakech,4,7,62,62,6857
2017,11,Riad Yasmine,Marrakech,4,7,45,62,5333
2017,12,Riad Yasmine,Marrakech,4,7,43,62,5333
2017,1,Kenzi Tower Hotel,Casablanca,5,240,36,135,323066
2017,2,Kenzi Tower Hotel,Casablanca,5,240,31,135,269222
2017,3,Kenzi Tower Hotel,Casablanca,5,240,37,135,376910
2017,4,Kenzi Tower Hotel,Casablanca,5,240,43,135,430755
2017,5,Kenzi Tower Hotel,Casablanca,5,240,51,135,430755
2017,6,Kenzi Tower Hotel,Casablanca,5,240,38,135,376910
2017,7,Kenzi Tower Hotel,Casablanca,5,240,72,135,646132
2017,8,Kenzi Tower Hotel,Casablanca,5,240,85,135,753821
2017,9,Kenzi Tower Hotel,Casablanca,5,240,59,135,538444
2017,10,Kenzi Tower Hotel,Casablanca,5,240,58,135,484599
2017,11,Kenzi Tower Hotel,Casablanca,5,240,45,135,376910
2017,12,Kenzi Tower Hotel,Casablanca,5,240,43,135,376910
2017,1,Four Seasons Casablanca,Casablanca,5,186,46,211,511411
2017,2,Four Seasons Casablanca,Casablanca,5,186,30,211,426176
2017,3,Four Seasons Casablanca,Casablanca,5,186,54,211,596647
2017,4,Four Seasons Casablanca,Casablanca,5,186,56,211,681882
2017,5,Four Seasons Casablanca,Casablanca,5,186,46,211,681882
2017,6,Four Seasons Casablanca,Casablanca,5,186,53,211,596647
2017,7,Four Seasons Casablanca,Casablanca,5,186,84,211,1022823
2017,8,Four Seasons Casablanca,Casablanca,5,186,98,211,1193293
2017,9,Four Seasons Casablanca,Casablanca,5,186,67,211,852352
2017,10,Four Seasons Casablanca,Casablanca,5,186,65,211,767117
2017,11,Four Seasons Casablanca,Casablanca,5,186,51,211,596647
2017,12,Four Seasons Casablanca,Casablanca,5,186,46,211,596647
2017,1,Hyatt Regency,Casablanca,5,252,45,144,481514
2017,2,Hyatt Regency,Casablanca,5,252,36,144,401261
2017,3,Hyatt Regency,Casablanca,5,252,48,144,561766
2017,4,Hyatt Regency,Casablanca,5,252,57,144,642018
2017,5,Hyatt Regency,Casablanca,5,252,55,144,642018
2017,6,Hyatt Regency,Casablanca,5,252,48,144,561766
2017,7,Hyatt Regency,Casablanca,5,252,87,144,963027
2017,8,Hyatt Regency,Casablanca,5,252,98,144,1123532
2017,9,Hyatt Regency,Casablanca,5,252,64,144,802523
2017,10,Hyatt Regency,Casablanca,5,252,55,144,722270
2017,11,Hyatt Regency,Casablanca,5,252,49,144,561766
2017,12,Hyatt Regency,Casablanca,5,252,41,144,561766
2017,1,Sofitel Casablanca,Casablanca,5,141,37,103,144438
2017,2,Sofitel Casablanca,Casablanca,5,141,33,103,120365
2017,3,Sofitel Casablanca,Casablanca,5,141,41,103,168511
2017,4,Sofitel Casablanca,Casablanca,5,141,51,103,192585
2017,5,Sofitel Casablanca,Casablanca,5,141,45,103,192585
2017,6,Sofitel Casablanca,Casablanca,5,141,45,103,168511
2017,7,Sofitel Casablanca,Casablanca,5,141,80,103,288877
2017,8,Sofitel Casablanca,Casablanca,5,141,80,103,337023
2017,9,Sofitel Casablanca,Casablanca,5,141,67,103,240731
2017,10,Sofitel Casablanca,Casablanca,5,141,60,103,216658
2017,11,Sofitel Casablanca,Casablanca,5,141,45,103,168511
2017,12,Sofitel Casablanca,Casablanca,5,141,39,103,168511
2017,1,Hilton Tanger City Center,Tanger,5,200,34,121,290753
2017,2,Hilton Tanger City Center,Tanger,5,200,32,121,242294
2017,3,Hilton Tanger City Center,Tanger,5,200,43,121,339212
2017,4,Hilton Tanger City Center,Tanger,5,200,53,121,387670
2017,5,Hilton Tanger City Center,Tanger,5,200,57,121,387670
2017,6,Hilton Tanger City Center,Tanger,5,200,40,121,339212
2017,7,Hilton Tanger City Center,Tanger,5,200,73,121,581506
2017,8,Hilton Tanger City Center,Tanger,5,200,90,121,678423
2017,9,Hilton Tanger City Center,Tanger,5,200,64,121,484588
2017,10,Hilton Tanger City Center,Tanger,5,200,64,121,436129
2017,11,Hilton Tanger City Center,Tanger,5,200,45,121,339212
2017,12,Hilton Tanger City Center,Tanger,5,200,44,121,339212
2017,1,Sofitel Tanger Bay,Tanger,5,103,35,106,142501
2017,2,Sofitel Tanger Bay,Tanger,5,103,30,106,118751
2017,3,Sofitel Tanger Bay,Tanger,5,103,44,106,166251
2017,4,Sofitel Tanger Bay,Tanger,5,103,54,106,190001
2017,5,Sofitel Tanger Bay,Tanger,5,103,54,106,190001
2017,6,Sofitel Tanger Bay,Tanger,5,103,53,106,166251
2017,7,Sofitel Tanger Bay,Tanger,5,103,92,106,285001
2017,8,Sofitel Tanger Bay,Tanger,5,103,90,106,332501
2017,9,Sofitel Tanger Bay,Tanger,5,103,63,106,237501
2017,10,Sofitel Tanger Bay,Tanger,5,103,61,106,213751
2017,11,Sofitel Tanger Bay,Tanger,5,103,50,106,166251
2017,12,Sofitel Tanger Bay,Tanger,5,103,42,106,166251
2017,1,Hotel & Spa La Folie,Tanger,4,44,38,73,37652
2017,2,Hotel & Spa La Folie,Tanger,4,44,34,73,31376
2017,3,Hotel & Spa La Folie,Tanger,4,44,46,73,43927
2017,4,Hotel & Spa La Folie,Tanger,4,44,56,73,50202
2017,5,Hotel & Spa La Folie,Tanger,4,44,58,73,50202
2017,6,Hotel & Spa La Folie,Tanger,4,44,49,73,43927
2017,7,Hotel & Spa La Folie,Tanger,4,44,82,73,75303
2017,8,Hotel & Spa La Folie,Tanger,4,44,94,73,87854
2017,9,Hotel & Spa La Folie,Tanger,4,44,68,73,62753
2017,10,Hotel & Spa La Folie,Tanger,4,44,53,73,56477
2017,11,Hotel & Spa La Folie,Tanger,4,44,49,73,43927
2017,12,Hotel & Spa La Folie,Tanger,4,44,41,73,43927
2017,1,Riad Laaroussa,Fès,5,28,35,134,45693
2017,2,Riad Laaroussa,Fès,5,28,35,134,38077
2017,3,Riad Laaroussa,Fès,5,28,42,134,53308
2017,4,Riad Laaroussa,Fès,5,28,56,134,60924
2017,5,Riad Laaroussa,Fès,5,28,56,134,60924
2017,6,Riad Laaroussa,Fès,5,28,42,134,53308
2017,7,Riad Laaroussa,Fès,5,28,70,134,91386
2017,8,Riad Laaroussa,Fès,5,28,81,134,106617
2017,9,Riad Laaroussa,Fès,5,28,61,134,76155
2017,10,Riad Laaroussa,Fès,5,28,62,134,68539
2017,11,Riad Laaroussa,Fès,5,28,42,134,53308
2017,12,Riad Laaroussa,Fès,5,28,43,134,53308
2017,1,Palais Amani,Fès,5,21,37,130,24206
2017,2,Palais Amani,Fès,5,21,27,130,20172
2017,3,Palais Amani,Fès,5,21,41,130,28241
2017,4,Palais Amani,Fès,5,21,42,130,32275
2017,5,Palais Amani,Fès,5,21,46,130,32275
2017,6,Palais Amani,Fès,5,21,35,130,28241
2017,7,Palais Amani,Fès,5,21,67,130,48413
2017,8,Palais Amani,Fès,5,21,82,130,56481
2017,9,Palais Amani,Fès,5,21,63,130,40344
2017,10,Palais Amani,Fès,5,21,43,130,36309
2017,11,Palais Amani,Fès,5,21,33,130,28241
2017,12,Palais Amani,Fès,5,21,43,130,28241
2017,1,Sofitel Palais Jamai,Fès,5,136,35,96,165804
2017,2,Sofitel Palais Jamai,Fès,5,136,34,96,138170
2017,3,Sofitel Palais Jamai,Fès,5,136,48,96,193438
2017,4,Sofitel Palais Jamai,Fès,5,136,59,96,221072
2017,5,Sofitel Palais Jamai,Fès,5,136,46,96,221072
2017,6,Sofitel Palais Jamai,Fès,5,136,53,96,193438
2017,7,Sofitel Palais Jamai,Fès,5,136,74,96,331608
2017,8,Sofitel Palais Jamai,Fès,5,136,98,96,386876
2017,9,Sofitel Palais Jamai,Fès,5,136,56,96,276340
2017,10,Sofitel Palais Jamai,Fès,5,136,64,96,248706
2017,11,Sofitel Palais Jamai,Fès,5,136,43,96,193438
2017,12,Sofitel Palais Jamai,Fès,5,136,52,96,193438
2017,1,Riad Fès,Fès,5,32,37,113,45909
2017,2,Riad Fès,Fès,5,32,35,113,38258
2017,3,Riad Fès,Fès,5,32,51,113,53561
2017,4,Riad Fès,Fès,5,32,57,113,61213
2017,5,Riad Fès,Fès,5,32,54,113,61213
2017,6,Riad Fès,Fès,5,32,41,113,53561
2017,7,Riad Fès,Fès,5,32,85,113,91819
2017,8,Riad Fès,Fès,5,32,90,113,107122
2017,9,Riad Fès,Fès,5,32,59,113,76516
2017,10,Riad Fès,Fès,5,32,68,113,68864
2017,11,Riad Fès,Fès,5,32,50,113,53561
2017,12,Riad Fès,Fès,5,32,44,113,53561
2017,1,Sofitel Agadir Royal Bay,Agadir,5,174,38,87,170165
2017,2,Sofitel Agadir Royal Bay,Agadir,5,174,30,87,141804
2017,3,Sofitel Agadir Royal Bay,Agadir,5,174,46,87,198525
2017,4,Sofitel Agadir Royal Bay,Agadir,5,174,48,87,226886
2017,5,Sofitel Agadir Royal Bay,Agadir,5,174,48,87,226886
2017,6,Sofitel Agadir Royal Bay,Agadir,5,174,47,87,198525
2017,7,Sofitel Agadir Royal Bay,Agadir,5,174,76,87,340329
2017,8,Sofitel Agadir Royal Bay,Agadir,5,174,80,87,397051
2017,9,Sofitel Agadir Royal Bay,Agadir,5,174,64,87,283608
2017,10,Sofitel Agadir Royal Bay,Agadir,5,174,60,87,255247
2017,11,Sofitel Agadir Royal Bay,Agadir,5,174,50,87,198525
2017,12,Sofitel Agadir Royal Bay,Agadir,5,174,42,87,198525
2017,1,Riu Palace Tikida,Agadir,5,524,34,64,329405
2017,2,Riu Palace Tikida,Agadir,5,524,28,64,274504
2017,3,Riu Palace Tikida,Agadir,5,524,38,64,384306
2017,4,Riu Palace Tikida,Agadir,5,524,46,64,439207
2017,5,Riu Palace Tikida,Agadir,5,524,46,64,439207
2017,6,Riu Palace Tikida,Agadir,5,524,36,64,384306
2017,7,Riu Palace Tikida,Agadir,5,524,66,64,658810
2017,8,Riu Palace Tikida,Agadir,5,524,94,64,768612
2017,9,Riu Palace Tikida,Agadir,5,524,55,64,549009
2017,10,Riu Palace Tikida,Agadir,5,524,57,64,494108
2017,11,Riu Palace Tikida,Agadir,5,524,44,64,384306
2017,12,Riu Palace Tikida,Agadir,5,524,36,64,384306
2017,1,Iberostar Founty,Agadir,5,380,45,61,300751
2017,2,Iberostar Founty,Agadir,5,380,39,61,250626
2017,3,Iberostar Founty,Agadir,5,380,41,61,350876
2017,4,Iberostar Founty,Agadir,5,380,53,61,401001
2017,5,Iberostar Founty,Agadir,5,380,53,61,401001
2017,6,Iberostar Founty,Agadir,5,380,51,61,350876
2017,7,Iberostar Founty,Agadir,5,380,84,61,601501
2017,8,Iberostar Founty,Agadir,5,380,92,61,701752
2017,9,Iberostar Founty,Agadir,5,380,73,61,501251
2017,10,Iberostar Founty,Agadir,5,380,51,61,451126
2017,11,Iberostar Founty,Agadir,5,380,54,61,350876
2017,12,Iberostar Founty,Agadir,5,380,45,61,350876
2017,1,Kasbah Tamadot,Asni,5,28,33,286,73261
2017,2,Kasbah Tamadot,Asni,5,28,28,286,61051
2017,3,Kasbah Tamadot,Asni,5,28,44,286,85471
2017,4,Kasbah Tamadot,Asni,5,28,46,286,97681
2017,5,Kasbah Tamadot,Asni,5,28,49,286,97681
2017,6,Kasbah Tamadot,Asni,5,28,40,286,85471
2017,7,Kasbah Tamadot,Asni,5,28,63,286,146522
2017,8,Kasbah Tamadot,Asni,5,28,83,286,170942
2017,9,Kasbah Tamadot,Asni,5,28,65,286,122102
2017,10,Kasbah Tamadot,Asni,5,28,56,286,109892
2017,11,Kasbah Tamadot,Asni,5,28,44,286,85471
2017,12,Kasbah Tamadot,Asni,5,28,45,286,85471
2017,1,Scarabeo Camp,Agafay,4,14,31,244,32838
2017,2,Scarabeo Camp,Agafay,4,14,28,244,27365
2017,3,Scarabeo Camp,Agafay,4,14,38,244,38311
2017,4,Scarabeo Camp,Agafay,4,14,45,244,43785
2017,5,Scarabeo Camp,Agafay,4,14,48,244,43785
2017,6,Scarabeo Camp,Agafay,4,14,38,244,38311
2017,7,Scarabeo Camp,Agafay,4,14,74,244,65677
2017,8,Scarabeo Camp,Agafay,4,14,89,244,76623
2017,9,Scarabeo Camp,Agafay,4,14,63,244,54731
2017,10,Scarabeo Camp,Agafay,4,14,58,244,49258
2017,11,Scarabeo Camp,Agafay,4,14,42,244,38311
2017,12,Scarabeo Camp,Agafay,4,14,34,244,38311
2017,1,Kam Kam Dunes,Merzouga,3,20,35,125,24010
2017,2,Kam Kam Dunes,Merzouga,3,20,27,125,20009
2017,3,Kam Kam Dunes,Merzouga,3,20,46,125,28012
2017,4,Kam Kam Dunes,Merzouga,3,20,43,125,32014
2017,5,Kam Kam Dunes,Merzouga,3,20,51,125,32014
2017,6,Kam Kam Dunes,Merzouga,3,20,40,125,28012
2017,7,Kam Kam Dunes,Merzouga,3,20,60,125,48021
2017,8,Kam Kam Dunes,Merzouga,3,20,87,125,56024
2017,9,Kam Kam Dunes,Merzouga,3,20,56,125,40017
2017,10,Kam Kam Dunes,Merzouga,3,20,54,125,36015
2017,11,Kam Kam Dunes,Merzouga,3,20,45,125,28012
2017,12,Kam Kam Dunes,Merzouga,3,20,36,125,28012
2017,1,Riad Kniza,Marrakech,5,11,37,283,32586
2017,2,Riad Kniza,Marrakech,5,11,34,283,27155
2017,3,Riad Kniza,Marrakech,5,11,43,283,38017
2017,4,Riad Kniza,Marrakech,5,11,47,283,43448
2017,5,Riad Kniza,Marrakech,5,11,52,283,43448
2017,6,Riad Kniza,Marrakech,5,11,43,283,38017
2017,7,Riad Kniza,Marrakech,5,11,74,283,65172
2017,8,Riad Kniza,Marrakech,5,11,87,283,76034
2017,9,Riad Kniza,Marrakech,5,11,69,283,54310
2017,10,Riad Kniza,Marrakech,5,11,57,283,48879
2017,11,Riad Kniza,Marrakech,5,11,42,283,38017
2017,12,Riad Kniza,Marrakech,5,11,43,283,38017
2017,1,Dar Ahlam,Skoura,5,14,41,364,57706
2017,2,Dar Ahlam,Skoura,5,14,35,364,48088
2017,3,Dar Ahlam,Skoura,5,14,43,364,67323
2017,4,Dar Ahlam,Skoura,5,14,49,364,76941
2017,5,Dar Ahlam,Skoura,5,14,52,364,76941
2017,6,Dar Ahlam,Skoura,5,14,42,364,67323
2017,7,Dar Ahlam,Skoura,5,14,72,364,115411
2017,8,Dar Ahlam,Skoura,5,14,91,364,134647
2017,9,Dar Ahlam,Skoura,5,14,65,364,96176
2017,10,Dar Ahlam,Skoura,5,14,60,364,86559
2017,11,Dar Ahlam,Skoura,5,14,38,364,67323
2017,12,Dar Ahlam,Skoura,5,14,39,364,67323
2018,1,La Mamounia,Marrakech,5,209,39,252,622597
2018,2,La Mamounia,Marrakech,5,209,35,252,518831
2018,3,La Mamounia,Marrakech,5,209,51,252,726363
2018,4,La Mamounia,Marrakech,5,209,45,252,830129
2018,5,La Mamounia,Marrakech,5,209,48,252,830129
2018,6,La Mamounia,Marrakech,5,209,45,252,726363
2018,7,La Mamounia,Marrakech,5,209,80,252,1245194
2018,8,La Mamounia,Marrakech,5,209,92,252,1452726
2018,9,La Mamounia,Marrakech,5,209,62,252,1037662
2018,10,La Mamounia,Marrakech,5,209,55,252,933896
2018,11,La Mamounia,Marrakech,5,209,50,252,726363
2018,12,La Mamounia,Marrakech,5,209,40,252,726363
2018,1,Royal Mansour,Marrakech,5,53,46,384,285562
2018,2,Royal Mansour,Marrakech,5,53,31,384,237968
2018,3,Royal Mansour,Marrakech,5,53,47,384,333155
2018,4,Royal Mansour,Marrakech,5,53,50,384,380749
2018,5,Royal Mansour,Marrakech,5,53,58,384,380749
2018,6,Royal Mansour,Marrakech,5,53,42,384,333155
2018,7,Royal Mansour,Marrakech,5,53,77,384,571123
2018,8,Royal Mansour,Marrakech,5,53,96,384,666310
2018,9,Royal Mansour,Marrakech,5,53,67,384,475936
2018,10,Royal Mansour,Marrakech,5,53,65,384,428342
2018,11,Royal Mansour,Marrakech,5,53,43,384,333155
2018,12,Royal Mansour,Marrakech,5,53,53,384,333155
2018,1,Four Seasons Resort,Marrakech,5,139,35,225,384691
2018,2,Four Seasons Resort,Marrakech,5,139,35,225,320576
2018,3,Four Seasons Resort,Marrakech,5,139,48,225,448806
2018,4,Four Seasons Resort,Marrakech,5,139,46,225,512921
2018,5,Four Seasons Resort,Marrakech,5,139,47,225,512921
2018,6,Four Seasons Resort,Marrakech,5,139,41,225,448806
2018,7,Four Seasons Resort,Marrakech,5,139,84,225,769381
2018,8,Four Seasons Resort,Marrakech,5,139,81,225,897612
2018,9,Four Seasons Resort,Marrakech,5,139,72,225,641151
2018,10,Four Seasons Resort,Marrakech,5,139,52,225,577036
2018,11,Four Seasons Resort,Marrakech,5,139,50,225,448806
2018,12,Four Seasons Resort,Marrakech,5,139,49,225,448806
2018,1,Amanjena,Marrakech,5,32,35,273,85762
2018,2,Amanjena,Marrakech,5,32,27,273,71468
2018,3,Amanjena,Marrakech,5,32,43,273,100056
2018,4,Amanjena,Marrakech,5,32,40,273,114349
2018,5,Amanjena,Marrakech,5,32,53,273,114349
2018,6,Amanjena,Marrakech,5,32,36,273,100056
2018,7,Amanjena,Marrakech,5,32,64,273,171524
2018,8,Amanjena,Marrakech,5,32,81,273,200111
2018,9,Amanjena,Marrakech,5,32,52,273,142937
2018,10,Amanjena,Marrakech,5,32,56,273,128643
2018,11,Amanjena,Marrakech,5,32,37,273,100056
2018,12,Amanjena,Marrakech,5,32,39,273,100056
2018,1,Sofitel Marrakech,Marrakech,5,303,34,162,559407
2018,2,Sofitel Marrakech,Marrakech,5,303,32,162,466172
2018,3,Sofitel Marrakech,Marrakech,5,303,49,162,652641
2018,4,Sofitel Marrakech,Marrakech,5,303,51,162,745876
2018,5,Sofitel Marrakech,Marrakech,5,303,57,162,745876
2018,6,Sofitel Marrakech,Marrakech,5,303,41,162,652641
2018,7,Sofitel Marrakech,Marrakech,5,303,66,162,1118814
2018,8,Sofitel Marrakech,Marrakech,5,303,97,162,1305283
2018,9,Sofitel Marrakech,Marrakech,5,303,57,162,932345
2018,10,Sofitel Marrakech,Marrakech,5,303,60,162,839110
2018,11,Sofitel Marrakech,Marrakech,5,303,43,162,652641
2018,12,Sofitel Marrakech,Marrakech,5,303,45,162,652641
2018,1,Riad Yasmine,Marrakech,4,7,40,69,6193
2018,2,Riad Yasmine,Marrakech,4,7,33,69,5161
2018,3,Riad Yasmine,Marrakech,4,7,50,69,7225
2018,4,Riad Yasmine,Marrakech,4,7,52,69,8257
2018,5,Riad Yasmine,Marrakech,4,7,61,69,8257
2018,6,Riad Yasmine,Marrakech,4,7,54,69,7225
2018,7,Riad Yasmine,Marrakech,4,7,83,69,12386
2018,8,Riad Yasmine,Marrakech,4,7,98,69,14450
2018,9,Riad Yasmine,Marrakech,4,7,65,69,10321
2018,10,Riad Yasmine,Marrakech,4,7,59,69,9289
2018,11,Riad Yasmine,Marrakech,4,7,43,69,7225
2018,12,Riad Yasmine,Marrakech,4,7,42,69,7225
2018,1,Kenzi Tower Hotel,Casablanca,5,240,40,139,341151
2018,2,Kenzi Tower Hotel,Casablanca,5,240,28,139,284293
2018,3,Kenzi Tower Hotel,Casablanca,5,240,46,139,398010
2018,4,Kenzi Tower Hotel,Casablanca,5,240,47,139,454868
2018,5,Kenzi Tower Hotel,Casablanca,5,240,45,139,454868
2018,6,Kenzi Tower Hotel,Casablanca,5,240,44,139,398010
2018,7,Kenzi Tower Hotel,Casablanca,5,240,76,139,682302
2018,8,Kenzi Tower Hotel,Casablanca,5,240,72,139,796019
2018,9,Kenzi Tower Hotel,Casablanca,5,240,69,139,568585
2018,10,Kenzi Tower Hotel,Casablanca,5,240,59,139,511727
2018,11,Kenzi Tower Hotel,Casablanca,5,240,40,139,398010
2018,12,Kenzi Tower Hotel,Casablanca,5,240,45,139,398010
2018,1,Four Seasons Casablanca,Casablanca,5,186,38,185,335596
2018,2,Four Seasons Casablanca,Casablanca,5,186,30,185,279663
2018,3,Four Seasons Casablanca,Casablanca,5,186,42,185,391529
2018,4,Four Seasons Casablanca,Casablanca,5,186,47,185,447461
2018,5,Four Seasons Casablanca,Casablanca,5,186,43,185,447461
2018,6,Four Seasons Casablanca,Casablanca,5,186,42,185,391529
2018,7,Four Seasons Casablanca,Casablanca,5,186,79,185,671192
2018,8,Four Seasons Casablanca,Casablanca,5,186,73,185,783057
2018,9,Four Seasons Casablanca,Casablanca,5,186,67,185,559327
2018,10,Four Seasons Casablanca,Casablanca,5,186,60,185,503394
2018,11,Four Seasons Casablanca,Casablanca,5,186,39,185,391529
2018,12,Four Seasons Casablanca,Casablanca,5,186,46,185,391529
2018,1,Hyatt Regency,Casablanca,5,252,39,129,342002
2018,2,Hyatt Regency,Casablanca,5,252,28,129,285002
2018,3,Hyatt Regency,Casablanca,5,252,38,129,399002
2018,4,Hyatt Regency,Casablanca,5,252,52,129,456003
2018,5,Hyatt Regency,Casablanca,5,252,56,129,456003
2018,6,Hyatt Regency,Casablanca,5,252,37,129,399002
2018,7,Hyatt Regency,Casablanca,5,252,72,129,684004
2018,8,Hyatt Regency,Casablanca,5,252,85,129,798005
2018,9,Hyatt Regency,Casablanca,5,252,68,129,570003
2018,10,Hyatt Regency,Casablanca,5,252,50,129,513003
2018,11,Hyatt Regency,Casablanca,5,252,39,129,399002
2018,12,Hyatt Regency,Casablanca,5,252,48,129,399002
2018,1,Sofitel Casablanca,Casablanca,5,141,36,118,210952
2018,2,Sofitel Casablanca,Casablanca,5,141,32,118,175793
2018,3,Sofitel Casablanca,Casablanca,5,141,44,118,246110
2018,4,Sofitel Casablanca,Casablanca,5,141,49,118,281269
2018,5,Sofitel Casablanca,Casablanca,5,141,61,118,281269
2018,6,Sofitel Casablanca,Casablanca,5,141,45,118,246110
2018,7,Sofitel Casablanca,Casablanca,5,141,69,118,421904
2018,8,Sofitel Casablanca,Casablanca,5,141,98,118,492221
2018,9,Sofitel Casablanca,Casablanca,5,141,69,118,351586
2018,10,Sofitel Casablanca,Casablanca,5,141,57,118,316428
2018,11,Sofitel Casablanca,Casablanca,5,141,40,118,246110
2018,12,Sofitel Casablanca,Casablanca,5,141,54,118,246110
2018,1,Hilton Tanger City Center,Tanger,5,200,34,116,244787
2018,2,Hilton Tanger City Center,Tanger,5,200,27,116,203989
2018,3,Hilton Tanger City Center,Tanger,5,200,45,116,285584
2018,4,Hilton Tanger City Center,Tanger,5,200,42,116,326382
2018,5,Hilton Tanger City Center,Tanger,5,200,53,116,326382
2018,6,Hilton Tanger City Center,Tanger,5,200,42,116,285584
2018,7,Hilton Tanger City Center,Tanger,5,200,81,116,489573
2018,8,Hilton Tanger City Center,Tanger,5,200,78,116,571169
2018,9,Hilton Tanger City Center,Tanger,5,200,56,116,407978
2018,10,Hilton Tanger City Center,Tanger,5,200,50,116,367180
2018,11,Hilton Tanger City Center,Tanger,5,200,47,116,285584
2018,12,Hilton Tanger City Center,Tanger,5,200,46,116,285584
2018,1,Sofitel Tanger Bay,Tanger,5,103,30,90,85446
2018,2,Sofitel Tanger Bay,Tanger,5,103,29,90,71205
2018,3,Sofitel Tanger Bay,Tanger,5,103,45,90,99687
2018,4,Sofitel Tanger Bay,Tanger,5,103,49,90,113929
2018,5,Sofitel Tanger Bay,Tanger,5,103,47,90,113929
2018,6,Sofitel Tanger Bay,Tanger,5,103,43,90,99687
2018,7,Sofitel Tanger Bay,Tanger,5,103,59,90,170893
2018,8,Sofitel Tanger Bay,Tanger,5,103,83,90,199375
2018,9,Sofitel Tanger Bay,Tanger,5,103,53,90,142411
2018,10,Sofitel Tanger Bay,Tanger,5,103,57,90,128170
2018,11,Sofitel Tanger Bay,Tanger,5,103,35,90,99687
2018,12,Sofitel Tanger Bay,Tanger,5,103,46,90,99687
2018,1,Hotel & Spa La Folie,Tanger,4,44,44,76,41074
2018,2,Hotel & Spa La Folie,Tanger,4,44,29,76,34228
2018,3,Hotel & Spa La Folie,Tanger,4,44,43,76,47920
2018,4,Hotel & Spa La Folie,Tanger,4,44,47,76,54766
2018,5,Hotel & Spa La Folie,Tanger,4,44,54,76,54766
2018,6,Hotel & Spa La Folie,Tanger,4,44,51,76,47920
2018,7,Hotel & Spa La Folie,Tanger,4,44,88,76,82148
2018,8,Hotel & Spa La Folie,Tanger,4,44,98,76,95840
2018,9,Hotel & Spa La Folie,Tanger,4,44,68,76,68457
2018,10,Hotel & Spa La Folie,Tanger,4,44,63,76,61611
2018,11,Hotel & Spa La Folie,Tanger,4,44,52,76,47920
2018,12,Hotel & Spa La Folie,Tanger,4,44,43,76,47920
2018,1,Riad Laaroussa,Fès,5,28,35,134,44318
2018,2,Riad Laaroussa,Fès,5,28,35,134,36932
2018,3,Riad Laaroussa,Fès,5,28,42,134,51704
2018,4,Riad Laaroussa,Fès,5,28,52,134,59091
2018,5,Riad Laaroussa,Fès,5,28,48,134,59091
2018,6,Riad Laaroussa,Fès,5,28,43,134,51704
2018,7,Riad Laaroussa,Fès,5,28,77,134,88636
2018,8,Riad Laaroussa,Fès,5,28,84,134,103409
2018,9,Riad Laaroussa,Fès,5,28,72,134,73863
2018,10,Riad Laaroussa,Fès,5,28,59,134,66477
2018,11,Riad Laaroussa,Fès,5,28,42,134,51704
2018,12,Riad Laaroussa,Fès,5,28,51,134,51704
2018,1,Palais Amani,Fès,5,21,38,152,37306
2018,2,Palais Amani,Fès,5,21,36,152,31089
2018,3,Palais Amani,Fès,5,21,40,152,43524
2018,4,Palais Amani,Fès,5,21,49,152,49742
2018,5,Palais Amani,Fès,5,21,54,152,49742
2018,6,Palais Amani,Fès,5,21,39,152,43524
2018,7,Palais Amani,Fès,5,21,67,152,74613
2018,8,Palais Amani,Fès,5,21,84,152,87048
2018,9,Palais Amani,Fès,5,21,73,152,62177
2018,10,Palais Amani,Fès,5,21,51,152,55960
2018,11,Palais Amani,Fès,5,21,46,152,43524
2018,12,Palais Amani,Fès,5,21,51,152,43524
2018,1,Sofitel Palais Jamai,Fès,5,136,37,95,156569
2018,2,Sofitel Palais Jamai,Fès,5,136,36,95,130474
2018,3,Sofitel Palais Jamai,Fès,5,136,52,95,182664
2018,4,Sofitel Palais Jamai,Fès,5,136,49,95,208759
2018,5,Sofitel Palais Jamai,Fès,5,136,54,95,208759
2018,6,Sofitel Palais Jamai,Fès,5,136,52,95,182664
2018,7,Sofitel Palais Jamai,Fès,5,136,75,95,313139
2018,8,Sofitel Palais Jamai,Fès,5,136,98,95,365329
2018,9,Sofitel Palais Jamai,Fès,5,136,59,95,260949
2018,10,Sofitel Palais Jamai,Fès,5,136,55,95,234854
2018,11,Sofitel Palais Jamai,Fès,5,136,47,95,182664
2018,12,Sofitel Palais Jamai,Fès,5,136,40,95,182664
2018,1,Riad Fès,Fès,5,32,49,122,56468
2018,2,Riad Fès,Fès,5,32,34,122,47057
2018,3,Riad Fès,Fès,5,32,54,122,65879
2018,4,Riad Fès,Fès,5,32,65,122,75290
2018,5,Riad Fès,Fès,5,32,64,122,75290
2018,6,Riad Fès,Fès,5,32,44,122,65879
2018,7,Riad Fès,Fès,5,32,90,122,112936
2018,8,Riad Fès,Fès,5,32,98,122,131758
2018,9,Riad Fès,Fès,5,32,65,122,94113
2018,10,Riad Fès,Fès,5,32,55,122,84702
2018,11,Riad Fès,Fès,5,32,54,122,65879
2018,12,Riad Fès,Fès,5,32,45,122,65879
2018,1,Sofitel Agadir Royal Bay,Agadir,5,174,45,97,228571
2018,2,Sofitel Agadir Royal Bay,Agadir,5,174,30,97,190476
2018,3,Sofitel Agadir Royal Bay,Agadir,5,174,43,97,266666
2018,4,Sofitel Agadir Royal Bay,Agadir,5,174,63,97,304761
2018,5,Sofitel Agadir Royal Bay,Agadir,5,174,57,97,304761
2018,6,Sofitel Agadir Royal Bay,Agadir,5,174,55,97,266666
2018,7,Sofitel Agadir Royal Bay,Agadir,5,174,91,97,457142
2018,8,Sofitel Agadir Royal Bay,Agadir,5,174,98,97,533332
2018,9,Sofitel Agadir Royal Bay,Agadir,5,174,72,97,380951
2018,10,Sofitel Agadir Royal Bay,Agadir,5,174,54,97,342856
2018,11,Sofitel Agadir Royal Bay,Agadir,5,174,50,97,266666
2018,12,Sofitel Agadir Royal Bay,Agadir,5,174,49,97,266666
2018,1,Riu Palace Tikida,Agadir,5,524,43,72,469486
2018,2,Riu Palace Tikida,Agadir,5,524,34,72,391239
2018,3,Riu Palace Tikida,Agadir,5,524,50,72,547734
2018,4,Riu Palace Tikida,Agadir,5,524,56,72,625982
2018,5,Riu Palace Tikida,Agadir,5,524,47,72,625982
2018,6,Riu Palace Tikida,Agadir,5,524,47,72,547734
2018,7,Riu Palace Tikida,Agadir,5,524,86,72,938973
2018,8,Riu Palace Tikida,Agadir,5,524,84,72,1095468
2018,9,Riu Palace Tikida,Agadir,5,524,74,72,782477
2018,10,Riu Palace Tikida,Agadir,5,524,66,72,704229
2018,11,Riu Palace Tikida,Agadir,5,524,39,72,547734
2018,12,Riu Palace Tikida,Agadir,5,524,41,72,547734
2018,1,Iberostar Founty,Agadir,5,380,37,56,227275
2018,2,Iberostar Founty,Agadir,5,380,30,56,189396
2018,3,Iberostar Founty,Agadir,5,380,40,56,265155
2018,4,Iberostar Founty,Agadir,5,380,42,56,303034
2018,5,Iberostar Founty,Agadir,5,380,47,56,303034
2018,6,Iberostar Founty,Agadir,5,380,38,56,265155
2018,7,Iberostar Founty,Agadir,5,380,71,56,454551
2018,8,Iberostar Founty,Agadir,5,380,77,56,530309
2018,9,Iberostar Founty,Agadir,5,380,53,56,378792
2018,10,Iberostar Founty,Agadir,5,380,56,56,340913
2018,11,Iberostar Founty,Agadir,5,380,45,56,265155
2018,12,Iberostar Founty,Agadir,5,380,45,56,265155
2018,1,Kasbah Tamadot,Asni,5,28,36,347,127385
2018,2,Kasbah Tamadot,Asni,5,28,38,347,106155
2018,3,Kasbah Tamadot,Asni,5,28,52,347,148616
2018,4,Kasbah Tamadot,Asni,5,28,58,347,169847
2018,5,Kasbah Tamadot,Asni,5,28,58,347,169847
2018,6,Kasbah Tamadot,Asni,5,28,42,347,148616
2018,7,Kasbah Tamadot,Asni,5,28,74,347,254771
2018,8,Kasbah Tamadot,Asni,5,28,97,347,297233
2018,9,Kasbah Tamadot,Asni,5,28,68,347,212309
2018,10,Kasbah Tamadot,Asni,5,28,71,347,191078
2018,11,Kasbah Tamadot,Asni,5,28,52,347,148616
2018,12,Kasbah Tamadot,Asni,5,28,49,347,148616
2018,1,Scarabeo Camp,Agafay,4,14,36,260,38440
2018,2,Scarabeo Camp,Agafay,4,14,28,260,32034
2018,3,Scarabeo Camp,Agafay,4,14,42,260,44847
2018,4,Scarabeo Camp,Agafay,4,14,52,260,51254
2018,5,Scarabeo Camp,Agafay,4,14,46,260,51254
2018,6,Scarabeo Camp,Agafay,4,14,38,260,44847
2018,7,Scarabeo Camp,Agafay,4,14,83,260,76880
2018,8,Scarabeo Camp,Agafay,4,14,93,260,89694
2018,9,Scarabeo Camp,Agafay,4,14,62,260,64067
2018,10,Scarabeo Camp,Agafay,4,14,59,260,57660
2018,11,Scarabeo Camp,Agafay,4,14,45,260,44847
2018,12,Scarabeo Camp,Agafay,4,14,39,260,44847
2018,1,Kam Kam Dunes,Merzouga,3,20,42,143,34944
2018,2,Kam Kam Dunes,Merzouga,3,20,29,143,29120
2018,3,Kam Kam Dunes,Merzouga,3,20,45,143,40768
2018,4,Kam Kam Dunes,Merzouga,3,20,45,143,46592
2018,5,Kam Kam Dunes,Merzouga,3,20,49,143,46592
2018,6,Kam Kam Dunes,Merzouga,3,20,40,143,40768
2018,7,Kam Kam Dunes,Merzouga,3,20,70,143,69888
2018,8,Kam Kam Dunes,Merzouga,3,20,90,143,81536
2018,9,Kam Kam Dunes,Merzouga,3,20,57,143,58240
2018,10,Kam Kam Dunes,Merzouga,3,20,66,143,52416
2018,11,Kam Kam Dunes,Merzouga,3,20,48,143,40768
2018,12,Kam Kam Dunes,Merzouga,3,20,43,143,40768
2018,1,Riad Kniza,Marrakech,5,11,37,308,40122
2018,2,Riad Kniza,Marrakech,5,11,33,308,33435
2018,3,Riad Kniza,Marrakech,5,11,52,308,46809
2018,4,Riad Kniza,Marrakech,5,11,50,308,53496
2018,5,Riad Kniza,Marrakech,5,11,48,308,53496
2018,6,Riad Kniza,Marrakech,5,11,46,308,46809
2018,7,Riad Kniza,Marrakech,5,11,73,308,80244
2018,8,Riad Kniza,Marrakech,5,11,98,308,93618
2018,9,Riad Kniza,Marrakech,5,11,59,308,66870
2018,10,Riad Kniza,Marrakech,5,11,62,308,60183
2018,11,Riad Kniza,Marrakech,5,11,45,308,46809
2018,12,Riad Kniza,Marrakech,5,11,49,308,46809
2018,1,Dar Ahlam,Skoura,5,14,35,395,72236
2018,2,Dar Ahlam,Skoura,5,14,34,395,60197
2018,3,Dar Ahlam,Skoura,5,14,43,395,84275
2018,4,Dar Ahlam,Skoura,5,14,63,395,96314
2018,5,Dar Ahlam,Skoura,5,14,48,395,96314
2018,6,Dar Ahlam,Skoura,5,14,46,395,84275
2018,7,Dar Ahlam,Skoura,5,14,93,395,144472
2018,8,Dar Ahlam,Skoura,5,14,84,395,168550
2018,9,Dar Ahlam,Skoura,5,14,65,395,120393
2018,10,Dar Ahlam,Skoura,5,14,52,395,108354
2018,11,Dar Ahlam,Skoura,5,14,41,395,84275
2018,12,Dar Ahlam,Skoura,5,14,44,395,84275
2019,1,La Mamounia,Marrakech,5,209,35,264,697792
2019,2,La Mamounia,Marrakech,5,209,34,264,581493
2019,3,La Mamounia,Marrakech,5,209,42,264,814090
2019,4,La Mamounia,Marrakech,5,209,53,264,930389
2019,5,La Mamounia,Marrakech,5,209,60,264,930389
2019,6,La Mamounia,Marrakech,5,209,46,264,814090
2019,7,La Mamounia,Marrakech,5,209,79,264,1395584
2019,8,La Mamounia,Marrakech,5,209,92,264,1628181
2019,9,La Mamounia,Marrakech,5,209,78,264,1162986
2019,10,La Mamounia,Marrakech,5,209,63,264,1046688
2019,11,La Mamounia,Marrakech,5,209,46,264,814090
2019,12,La Mamounia,Marrakech,5,209,50,264,814090
2019,1,Royal Mansour,Marrakech,5,53,41,375,255357
2019,2,Royal Mansour,Marrakech,5,53,33,375,212797
2019,3,Royal Mansour,Marrakech,5,53,50,375,297916
2019,4,Royal Mansour,Marrakech,5,53,53,375,340476
2019,5,Royal Mansour,Marrakech,5,53,53,375,340476
2019,6,Royal Mansour,Marrakech,5,53,53,375,297916
2019,7,Royal Mansour,Marrakech,5,53,93,375,510714
2019,8,Royal Mansour,Marrakech,5,53,93,375,595833
2019,9,Royal Mansour,Marrakech,5,53,75,375,425595
2019,10,Royal Mansour,Marrakech,5,53,68,375,383035
2019,11,Royal Mansour,Marrakech,5,53,44,375,297916
2019,12,Royal Mansour,Marrakech,5,53,47,375,297916
2019,1,Four Seasons Resort,Marrakech,5,139,50,245,482863
2019,2,Four Seasons Resort,Marrakech,5,139,41,245,402386
2019,3,Four Seasons Resort,Marrakech,5,139,53,245,563340
2019,4,Four Seasons Resort,Marrakech,5,139,55,245,643817
2019,5,Four Seasons Resort,Marrakech,5,139,56,245,643817
2019,6,Four Seasons Resort,Marrakech,5,139,51,245,563340
2019,7,Four Seasons Resort,Marrakech,5,139,76,245,965726
2019,8,Four Seasons Resort,Marrakech,5,139,98,245,1126681
2019,9,Four Seasons Resort,Marrakech,5,139,72,245,804772
2019,10,Four Seasons Resort,Marrakech,5,139,71,245,724295
2019,11,Four Seasons Resort,Marrakech,5,139,51,245,563340
2019,12,Four Seasons Resort,Marrakech,5,139,43,245,563340
2019,1,Amanjena,Marrakech,5,32,38,323,137243
2019,2,Amanjena,Marrakech,5,32,33,323,114369
2019,3,Amanjena,Marrakech,5,32,50,323,160117
2019,4,Amanjena,Marrakech,5,32,63,323,182991
2019,5,Amanjena,Marrakech,5,32,55,323,182991
2019,6,Amanjena,Marrakech,5,32,47,323,160117
2019,7,Amanjena,Marrakech,5,32,85,323,274487
2019,8,Amanjena,Marrakech,5,32,86,323,320234
2019,9,Amanjena,Marrakech,5,32,76,323,228739
2019,10,Amanjena,Marrakech,5,32,58,323,205865
2019,11,Amanjena,Marrakech,5,32,49,323,160117
2019,12,Amanjena,Marrakech,5,32,47,323,160117
2019,1,Sofitel Marrakech,Marrakech,5,303,31,154,462613
2019,2,Sofitel Marrakech,Marrakech,5,303,29,154,385511
2019,3,Sofitel Marrakech,Marrakech,5,303,40,154,539715
2019,4,Sofitel Marrakech,Marrakech,5,303,42,154,616817
2019,5,Sofitel Marrakech,Marrakech,5,303,52,154,616817
2019,6,Sofitel Marrakech,Marrakech,5,303,47,154,539715
2019,7,Sofitel Marrakech,Marrakech,5,303,63,154,925226
2019,8,Sofitel Marrakech,Marrakech,5,303,96,154,1079430
2019,9,Sofitel Marrakech,Marrakech,5,303,62,154,771022
2019,10,Sofitel Marrakech,Marrakech,5,303,49,154,693919
2019,11,Sofitel Marrakech,Marrakech,5,303,48,154,539715
2019,12,Sofitel Marrakech,Marrakech,5,303,39,154,539715
2019,1,Riad Yasmine,Marrakech,4,7,48,73,6946
2019,2,Riad Yasmine,Marrakech,4,7,35,73,5788
2019,3,Riad Yasmine,Marrakech,4,7,51,73,8104
2019,4,Riad Yasmine,Marrakech,4,7,56,73,9261
2019,5,Riad Yasmine,Marrakech,4,7,55,73,9261
2019,6,Riad Yasmine,Marrakech,4,7,54,73,8104
2019,7,Riad Yasmine,Marrakech,4,7,92,73,13892
2019,8,Riad Yasmine,Marrakech,4,7,98,73,16207
2019,9,Riad Yasmine,Marrakech,4,7,66,73,11577
2019,10,Riad Yasmine,Marrakech,4,7,59,73,10419
2019,11,Riad Yasmine,Marrakech,4,7,49,73,8104
2019,12,Riad Yasmine,Marrakech,4,7,52,73,8104
2019,1,Kenzi Tower Hotel,Casablanca,5,240,45,167,569721
2019,2,Kenzi Tower Hotel,Casablanca,5,240,35,167,474767
2019,3,Kenzi Tower Hotel,Casablanca,5,240,58,167,664674
2019,4,Kenzi Tower Hotel,Casablanca,5,240,50,167,759628
2019,5,Kenzi Tower Hotel,Casablanca,5,240,60,167,759628
2019,6,Kenzi Tower Hotel,Casablanca,5,240,55,167,664674
2019,7,Kenzi Tower Hotel,Casablanca,5,240,81,167,1139442
2019,8,Kenzi Tower Hotel,Casablanca,5,240,98,167,1329349
2019,9,Kenzi Tower Hotel,Casablanca,5,240,73,167,949535
2019,10,Kenzi Tower Hotel,Casablanca,5,240,62,167,854581
2019,11,Kenzi Tower Hotel,Casablanca,5,240,47,167,664674
2019,12,Kenzi Tower Hotel,Casablanca,5,240,55,167,664674
2019,1,Four Seasons Casablanca,Casablanca,5,186,35,198,394450
2019,2,Four Seasons Casablanca,Casablanca,5,186,34,198,328708
2019,3,Four Seasons Casablanca,Casablanca,5,186,50,198,460192
2019,4,Four Seasons Casablanca,Casablanca,5,186,51,198,525933
2019,5,Four Seasons Casablanca,Casablanca,5,186,47,198,525933
2019,6,Four Seasons Casablanca,Casablanca,5,186,48,198,460192
2019,7,Four Seasons Casablanca,Casablanca,5,186,65,198,788900
2019,8,Four Seasons Casablanca,Casablanca,5,186,97,198,920383
2019,9,Four Seasons Casablanca,Casablanca,5,186,60,198,657417
2019,10,Four Seasons Casablanca,Casablanca,5,186,63,198,591675
2019,11,Four Seasons Casablanca,Casablanca,5,186,50,198,460192
2019,12,Four Seasons Casablanca,Casablanca,5,186,49,198,460192
2019,1,Hyatt Regency,Casablanca,5,252,37,153,548039
2019,2,Hyatt Regency,Casablanca,5,252,39,153,456699
2019,3,Hyatt Regency,Casablanca,5,252,50,153,639379
2019,4,Hyatt Regency,Casablanca,5,252,62,153,730719
2019,5,Hyatt Regency,Casablanca,5,252,51,153,730719
2019,6,Hyatt Regency,Casablanca,5,252,51,153,639379
2019,7,Hyatt Regency,Casablanca,5,252,95,153,1096078
2019,8,Hyatt Regency,Casablanca,5,252,98,153,1278758
2019,9,Hyatt Regency,Casablanca,5,252,69,153,913398
2019,10,Hyatt Regency,Casablanca,5,252,65,153,822059
2019,11,Hyatt Regency,Casablanca,5,252,50,153,639379
2019,12,Hyatt Regency,Casablanca,5,252,57,153,639379
2019,1,Sofitel Casablanca,Casablanca,5,141,43,121,218410
2019,2,Sofitel Casablanca,Casablanca,5,141,32,121,182008
2019,3,Sofitel Casablanca,Casablanca,5,141,52,121,254812
2019,4,Sofitel Casablanca,Casablanca,5,141,50,121,291213
2019,5,Sofitel Casablanca,Casablanca,5,141,55,121,291213
2019,6,Sofitel Casablanca,Casablanca,5,141,44,121,254812
2019,7,Sofitel Casablanca,Casablanca,5,141,74,121,436820
2019,8,Sofitel Casablanca,Casablanca,5,141,98,121,509623
2019,9,Sofitel Casablanca,Casablanca,5,141,72,121,364017
2019,10,Sofitel Casablanca,Casablanca,5,141,55,121,327615
2019,11,Sofitel Casablanca,Casablanca,5,141,44,121,254812
2019,12,Sofitel Casablanca,Casablanca,5,141,51,121,254812
2019,1,Hilton Tanger City Center,Tanger,5,200,43,128,326111
2019,2,Hilton Tanger City Center,Tanger,5,200,37,128,271759
2019,3,Hilton Tanger City Center,Tanger,5,200,46,128,380462
2019,4,Hilton Tanger City Center,Tanger,5,200,49,128,434814
2019,5,Hilton Tanger City Center,Tanger,5,200,57,128,434814
2019,6,Hilton Tanger City Center,Tanger,5,200,52,128,380462
2019,7,Hilton Tanger City Center,Tanger,5,200,84,128,652221
2019,8,Hilton Tanger City Center,Tanger,5,200,98,128,760925
2019,9,Hilton Tanger City Center,Tanger,5,200,72,128,543518
2019,10,Hilton Tanger City Center,Tanger,5,200,54,128,489166
2019,11,Hilton Tanger City Center,Tanger,5,200,43,128,380462
2019,12,Hilton Tanger City Center,Tanger,5,200,44,128,380462
2019,1,Sofitel Tanger Bay,Tanger,5,103,36,107,139874
2019,2,Sofitel Tanger Bay,Tanger,5,103,37,107,116562
2019,3,Sofitel Tanger Bay,Tanger,5,103,49,107,163186
2019,4,Sofitel Tanger Bay,Tanger,5,103,47,107,186499
2019,5,Sofitel Tanger Bay,Tanger,5,103,50,107,186499
2019,6,Sofitel Tanger Bay,Tanger,5,103,53,107,163186
2019,7,Sofitel Tanger Bay,Tanger,5,103,85,107,279748
2019,8,Sofitel Tanger Bay,Tanger,5,103,98,107,326373
2019,9,Sofitel Tanger Bay,Tanger,5,103,68,107,233123
2019,10,Sofitel Tanger Bay,Tanger,5,103,55,107,209811
2019,11,Sofitel Tanger Bay,Tanger,5,103,44,107,163186
2019,12,Sofitel Tanger Bay,Tanger,5,103,47,107,163186
2019,1,Hotel & Spa La Folie,Tanger,4,44,37,74,37190
2019,2,Hotel & Spa La Folie,Tanger,4,44,36,74,30992
2019,3,Hotel & Spa La Folie,Tanger,4,44,48,74,43389
2019,4,Hotel & Spa La Folie,Tanger,4,44,45,74,49587
2019,5,Hotel & Spa La Folie,Tanger,4,44,45,74,49587
2019,6,Hotel & Spa La Folie,Tanger,4,44,46,74,43389
2019,7,Hotel & Spa La Folie,Tanger,4,44,84,74,74381
2019,8,Hotel & Spa La Folie,Tanger,4,44,80,74,86778
2019,9,Hotel & Spa La Folie,Tanger,4,44,59,74,61984
2019,10,Hotel & Spa La Folie,Tanger,4,44,58,74,55786
2019,11,Hotel & Spa La Folie,Tanger,4,44,45,74,43389
2019,12,Hotel & Spa La Folie,Tanger,4,44,42,74,43389
2019,1,Riad Laaroussa,Fès,5,28,37,129,38564
2019,2,Riad Laaroussa,Fès,5,28,33,129,32136
2019,3,Riad Laaroussa,Fès,5,28,48,129,44991
2019,4,Riad Laaroussa,Fès,5,28,46,129,51418
2019,5,Riad Laaroussa,Fès,5,28,57,129,51418
2019,6,Riad Laaroussa,Fès,5,28,37,129,44991
2019,7,Riad Laaroussa,Fès,5,28,79,129,77127
2019,8,Riad Laaroussa,Fès,5,28,84,129,89982
2019,9,Riad Laaroussa,Fès,5,28,58,129,64273
2019,10,Riad Laaroussa,Fès,5,28,48,129,57845
2019,11,Riad Laaroussa,Fès,5,28,45,129,44991
2019,12,Riad Laaroussa,Fès,5,28,49,129,44991
2019,1,Palais Amani,Fès,5,21,38,159,41208
2019,2,Palais Amani,Fès,5,21,29,159,34340
2019,3,Palais Amani,Fès,5,21,51,159,48076
2019,4,Palais Amani,Fès,5,21,52,159,54944
2019,5,Palais Amani,Fès,5,21,61,159,54944
2019,6,Palais Amani,Fès,5,21,49,159,48076
2019,7,Palais Amani,Fès,5,21,85,159,82416
2019,8,Palais Amani,Fès,5,21,98,159,96152
2019,9,Palais Amani,Fès,5,21,77,159,68680
2019,10,Palais Amani,Fès,5,21,64,159,61812
2019,11,Palais Amani,Fès,5,21,46,159,48076
2019,12,Palais Amani,Fès,5,21,46,159,48076
2019,1,Sofitel Palais Jamai,Fès,5,136,49,107,212473
2019,2,Sofitel Palais Jamai,Fès,5,136,41,107,177061
2019,3,Sofitel Palais Jamai,Fès,5,136,52,107,247886
2019,4,Sofitel Palais Jamai,Fès,5,136,59,107,283298
2019,5,Sofitel Palais Jamai,Fès,5,136,66,107,283298
2019,6,Sofitel Palais Jamai,Fès,5,136,54,107,247886
2019,7,Sofitel Palais Jamai,Fès,5,136,78,107,424947
2019,8,Sofitel Palais Jamai,Fès,5,136,98,107,495771
2019,9,Sofitel Palais Jamai,Fès,5,136,63,107,354122
2019,10,Sofitel Palais Jamai,Fès,5,136,64,107,318710
2019,11,Sofitel Palais Jamai,Fès,5,136,52,107,247886
2019,12,Sofitel Palais Jamai,Fès,5,136,52,107,247886
2019,1,Riad Fès,Fès,5,32,41,123,57108
2019,2,Riad Fès,Fès,5,32,36,123,47590
2019,3,Riad Fès,Fès,5,32,58,123,66626
2019,4,Riad Fès,Fès,5,32,62,123,76145
2019,5,Riad Fès,Fès,5,32,64,123,76145
2019,6,Riad Fès,Fès,5,32,57,123,66626
2019,7,Riad Fès,Fès,5,32,95,123,114217
2019,8,Riad Fès,Fès,5,32,98,123,133253
2019,9,Riad Fès,Fès,5,32,83,123,95181
2019,10,Riad Fès,Fès,5,32,63,123,85663
2019,11,Riad Fès,Fès,5,32,58,123,66626
2019,12,Riad Fès,Fès,5,32,49,123,66626
2019,1,Sofitel Agadir Royal Bay,Agadir,5,174,46,93,197585
2019,2,Sofitel Agadir Royal Bay,Agadir,5,174,36,93,164654
2019,3,Sofitel Agadir Royal Bay,Agadir,5,174,43,93,230516
2019,4,Sofitel Agadir Royal Bay,Agadir,5,174,49,93,263447
2019,5,Sofitel Agadir Royal Bay,Agadir,5,174,47,93,263447
2019,6,Sofitel Agadir Royal Bay,Agadir,5,174,41,93,230516
2019,7,Sofitel Agadir Royal Bay,Agadir,5,174,75,93,395170
2019,8,Sofitel Agadir Royal Bay,Agadir,5,174,89,93,461032
2019,9,Sofitel Agadir Royal Bay,Agadir,5,174,65,93,329309
2019,10,Sofitel Agadir Royal Bay,Agadir,5,174,54,93,296378
2019,11,Sofitel Agadir Royal Bay,Agadir,5,174,45,93,230516
2019,12,Sofitel Agadir Royal Bay,Agadir,5,174,49,93,230516
2019,1,Riu Palace Tikida,Agadir,5,524,40,76,522759
2019,2,Riu Palace Tikida,Agadir,5,524,32,76,435632
2019,3,Riu Palace Tikida,Agadir,5,524,43,76,609885
2019,4,Riu Palace Tikida,Agadir,5,524,51,76,697012
2019,5,Riu Palace Tikida,Agadir,5,524,57,76,697012
2019,6,Riu Palace Tikida,Agadir,5,524,45,76,609885
2019,7,Riu Palace Tikida,Agadir,5,524,92,76,1045518
2019,8,Riu Palace Tikida,Agadir,5,524,94,76,1219771
2019,9,Riu Palace Tikida,Agadir,5,524,78,76,871265
2019,10,Riu Palace Tikida,Agadir,5,524,69,76,784138
2019,11,Riu Palace Tikida,Agadir,5,524,55,76,609885
2019,12,Riu Palace Tikida,Agadir,5,524,46,76,609885
2019,1,Iberostar Founty,Agadir,5,380,44,60,272033
2019,2,Iberostar Founty,Agadir,5,380,31,60,226694
2019,3,Iberostar Founty,Agadir,5,380,52,60,317371
2019,4,Iberostar Founty,Agadir,5,380,48,60,362710
2019,5,Iberostar Founty,Agadir,5,380,48,60,362710
2019,6,Iberostar Founty,Agadir,5,380,52,60,317371
2019,7,Iberostar Founty,Agadir,5,380,68,60,544065
2019,8,Iberostar Founty,Agadir,5,380,94,60,634743
2019,9,Iberostar Founty,Agadir,5,380,57,60,453388
2019,10,Iberostar Founty,Agadir,5,380,62,60,408049
2019,11,Iberostar Founty,Agadir,5,380,47,60,317371
2019,12,Iberostar Founty,Agadir,5,380,44,60,317371
2019,1,Kasbah Tamadot,Asni,5,28,34,320,95689
2019,2,Kasbah Tamadot,Asni,5,28,35,320,79741
2019,3,Kasbah Tamadot,Asni,5,28,45,320,111637
2019,4,Kasbah Tamadot,Asni,5,28,43,320,127586
2019,5,Kasbah Tamadot,Asni,5,28,53,320,127586
2019,6,Kasbah Tamadot,Asni,5,28,43,320,111637
2019,7,Kasbah Tamadot,Asni,5,28,77,320,191378
2019,8,Kasbah Tamadot,Asni,5,28,92,320,223275
2019,9,Kasbah Tamadot,Asni,5,28,65,320,159482
2019,10,Kasbah Tamadot,Asni,5,28,52,320,143534
2019,11,Kasbah Tamadot,Asni,5,28,49,320,111637
2019,12,Kasbah Tamadot,Asni,5,28,48,320,111637
2019,1,Scarabeo Camp,Agafay,4,14,37,307,60985
2019,2,Scarabeo Camp,Agafay,4,14,36,307,50821
2019,3,Scarabeo Camp,Agafay,4,14,53,307,71149
2019,4,Scarabeo Camp,Agafay,4,14,54,307,81313
2019,5,Scarabeo Camp,Agafay,4,14,59,307,81313
2019,6,Scarabeo Camp,Agafay,4,14,51,307,71149
2019,7,Scarabeo Camp,Agafay,4,14,91,307,121970
2019,8,Scarabeo Camp,Agafay,4,14,98,307,142298
2019,9,Scarabeo Camp,Agafay,4,14,70,307,101642
2019,10,Scarabeo Camp,Agafay,4,14,62,307,91477
2019,11,Scarabeo Camp,Agafay,4,14,51,307,71149
2019,12,Scarabeo Camp,Agafay,4,14,46,307,71149
2019,1,Kam Kam Dunes,Merzouga,3,20,39,134,27258
2019,2,Kam Kam Dunes,Merzouga,3,20,33,134,22715
2019,3,Kam Kam Dunes,Merzouga,3,20,46,134,31801
2019,4,Kam Kam Dunes,Merzouga,3,20,42,134,36344
2019,5,Kam Kam Dunes,Merzouga,3,20,54,134,36344
2019,6,Kam Kam Dunes,Merzouga,3,20,43,134,31801
2019,7,Kam Kam Dunes,Merzouga,3,20,64,134,54516
2019,8,Kam Kam Dunes,Merzouga,3,20,97,134,63602
2019,9,Kam Kam Dunes,Merzouga,3,20,53,134,45430
2019,10,Kam Kam Dunes,Merzouga,3,20,48,134,40887
2019,11,Kam Kam Dunes,Merzouga,3,20,45,134,31801
2019,12,Kam Kam Dunes,Merzouga,3,20,38,134,31801
2019,1,Riad Kniza,Marrakech,5,11,38,309,40042
2019,2,Riad Kniza,Marrakech,5,11,36,309,33368
2019,3,Riad Kniza,Marrakech,5,11,46,309,46716
2019,4,Riad Kniza,Marrakech,5,11,57,309,53389
2019,5,Riad Kniza,Marrakech,5,11,53,309,53389
2019,6,Riad Kniza,Marrakech,5,11,46,309,46716
2019,7,Riad Kniza,Marrakech,5,11,87,309,80084
2019,8,Riad Kniza,Marrakech,5,11,98,309,93431
2019,9,Riad Kniza,Marrakech,5,11,75,309,66737
2019,10,Riad Kniza,Marrakech,5,11,55,309,60063
2019,11,Riad Kniza,Marrakech,5,11,52,309,46716
2019,12,Riad Kniza,Marrakech,5,11,42,309,46716
2019,1,Dar Ahlam,Skoura,5,14,43,382,63231
2019,2,Dar Ahlam,Skoura,5,14,30,382,52692
2019,3,Dar Ahlam,Skoura,5,14,41,382,73769
2019,4,Dar Ahlam,Skoura,5,14,55,382,84308
2019,5,Dar Ahlam,Skoura,5,14,59,382,84308
2019,6,Dar Ahlam,Skoura,5,14,49,382,73769
2019,7,Dar Ahlam,Skoura,5,14,69,382,126461
2019,8,Dar Ahlam,Skoura,5,14,89,382,147538
2019,9,Dar Ahlam,Skoura,5,14,57,382,105384
2019,10,Dar Ahlam,Skoura,5,14,51,382,94846
2019,11,Dar Ahlam,Skoura,5,14,47,382,73769
2019,12,Dar Ahlam,Skoura,5,14,49,382,73769
2020,1,La Mamounia,Marrakech,5,209,8,264,130966
2020,2,La Mamounia,Marrakech,5,209,6,264,109138
2020,3,La Mamounia,Marrakech,5,209,10,264,152794
2020,4,La Mamounia,Marrakech,5,209,9,264,174621
2020,5,La Mamounia,Marrakech,5,209,11,264,174621
2020,6,La Mamounia,Marrakech,5,209,8,264,152794
2020,7,La Mamounia,Marrakech,5,209,13,264,261932
2020,8,La Mamounia,Marrakech,5,209,18,264,305587
2020,9,La Mamounia,Marrakech,5,209,12,264,218277
2020,10,La Mamounia,Marrakech,5,209,10,264,196449
2020,11,La Mamounia,Marrakech,5,209,9,264,152794
2020,12,La Mamounia,Marrakech,5,209,9,264,152794
2020,1,Royal Mansour,Marrakech,5,53,9,391,56785
2020,2,Royal Mansour,Marrakech,5,53,7,391,47321
2020,3,Royal Mansour,Marrakech,5,53,10,391,66250
2020,4,Royal Mansour,Marrakech,5,53,12,391,75714
2020,5,Royal Mansour,Marrakech,5,53,13,391,75714
2020,6,Royal Mansour,Marrakech,5,53,11,391,66250
2020,7,Royal Mansour,Marrakech,5,53,15,391,113571
2020,8,Royal Mansour,Marrakech,5,53,22,391,132499
2020,9,Royal Mansour,Marrakech,5,53,15,391,94642
2020,10,Royal Mansour,Marrakech,5,53,13,391,85178
2020,11,Royal Mansour,Marrakech,5,53,11,391,66250
2020,12,Royal Mansour,Marrakech,5,53,9,391,66250
2020,1,Four Seasons Resort,Marrakech,5,139,8,226,73423
2020,2,Four Seasons Resort,Marrakech,5,139,7,226,61186
2020,3,Four Seasons Resort,Marrakech,5,139,11,226,85660
2020,4,Four Seasons Resort,Marrakech,5,139,11,226,97897
2020,5,Four Seasons Resort,Marrakech,5,139,10,226,97897
2020,6,Four Seasons Resort,Marrakech,5,139,9,226,85660
2020,7,Four Seasons Resort,Marrakech,5,139,16,226,146846
2020,8,Four Seasons Resort,Marrakech,5,139,20,226,171320
2020,9,Four Seasons Resort,Marrakech,5,139,12,226,122371
2020,10,Four Seasons Resort,Marrakech,5,139,11,226,110134
2020,11,Four Seasons Resort,Marrakech,5,139,8,226,85660
2020,12,Four Seasons Resort,Marrakech,5,139,10,226,85660
2020,1,Amanjena,Marrakech,5,32,9,338,30615
2020,2,Amanjena,Marrakech,5,32,7,338,25513
2020,3,Amanjena,Marrakech,5,32,11,338,35718
2020,4,Amanjena,Marrakech,5,32,12,338,40820
2020,5,Amanjena,Marrakech,5,32,11,338,40820
2020,6,Amanjena,Marrakech,5,32,11,338,35718
2020,7,Amanjena,Marrakech,5,32,16,338,61230
2020,8,Amanjena,Marrakech,5,32,19,338,71435
2020,9,Amanjena,Marrakech,5,32,16,338,51025
2020,10,Amanjena,Marrakech,5,32,13,338,45923
2020,11,Amanjena,Marrakech,5,32,9,338,35718
2020,12,Amanjena,Marrakech,5,32,10,338,35718
2020,1,Sofitel Marrakech,Marrakech,5,303,9,169,121593
2020,2,Sofitel Marrakech,Marrakech,5,303,6,169,101327
2020,3,Sofitel Marrakech,Marrakech,5,303,10,169,141858
2020,4,Sofitel Marrakech,Marrakech,5,303,11,169,162124
2020,5,Sofitel Marrakech,Marrakech,5,303,12,169,162124
2020,6,Sofitel Marrakech,Marrakech,5,303,9,169,141858
2020,7,Sofitel Marrakech,Marrakech,5,303,18,169,243186
2020,8,Sofitel Marrakech,Marrakech,5,303,16,169,283717
2020,9,Sofitel Marrakech,Marrakech,5,303,12,169,202655
2020,10,Sofitel Marrakech,Marrakech,5,303,10,169,182389
2020,11,Sofitel Marrakech,Marrakech,5,303,10,169,141858
2020,12,Sofitel Marrakech,Marrakech,5,303,10,169,141858
2020,1,Riad Yasmine,Marrakech,4,7,7,63,819
2020,2,Riad Yasmine,Marrakech,4,7,7,63,682
2020,3,Riad Yasmine,Marrakech,4,7,9,63,955
2020,4,Riad Yasmine,Marrakech,4,7,8,63,1092
2020,5,Riad Yasmine,Marrakech,4,7,11,63,1092
2020,6,Riad Yasmine,Marrakech,4,7,8,63,955
2020,7,Riad Yasmine,Marrakech,4,7,15,63,1638
2020,8,Riad Yasmine,Marrakech,4,7,16,63,1911
2020,9,Riad Yasmine,Marrakech,4,7,12,63,1365
2020,10,Riad Yasmine,Marrakech,4,7,10,63,1228
2020,11,Riad Yasmine,Marrakech,4,7,8,63,955
2020,12,Riad Yasmine,Marrakech,4,7,8,63,955
2020,1,Kenzi Tower Hotel,Casablanca,5,240,8,148,78610
2020,2,Kenzi Tower Hotel,Casablanca,5,240,7,148,65508
2020,3,Kenzi Tower Hotel,Casablanca,5,240,10,148,91712
2020,4,Kenzi Tower Hotel,Casablanca,5,240,11,148,104813
2020,5,Kenzi Tower Hotel,Casablanca,5,240,12,148,104813
2020,6,Kenzi Tower Hotel,Casablanca,5,240,10,148,91712
2020,7,Kenzi Tower Hotel,Casablanca,5,240,14,148,157220
2020,8,Kenzi Tower Hotel,Casablanca,5,240,17,148,183423
2020,9,Kenzi Tower Hotel,Casablanca,5,240,11,148,131017
2020,10,Kenzi Tower Hotel,Casablanca,5,240,11,148,117915
2020,11,Kenzi Tower Hotel,Casablanca,5,240,9,148,91712
2020,12,Kenzi Tower Hotel,Casablanca,5,240,8,148,91712
2020,1,Four Seasons Casablanca,Casablanca,5,186,8,199,82094
2020,2,Four Seasons Casablanca,Casablanca,5,186,7,199,68412
2020,3,Four Seasons Casablanca,Casablanca,5,186,10,199,95777
2020,4,Four Seasons Casablanca,Casablanca,5,186,11,199,109459
2020,5,Four Seasons Casablanca,Casablanca,5,186,9,199,109459
2020,6,Four Seasons Casablanca,Casablanca,5,186,10,199,95777
2020,7,Four Seasons Casablanca,Casablanca,5,186,16,199,164189
2020,8,Four Seasons Casablanca,Casablanca,5,186,21,199,191554
2020,9,Four Seasons Casablanca,Casablanca,5,186,15,199,136824
2020,10,Four Seasons Casablanca,Casablanca,5,186,12,199,123142
2020,11,Four Seasons Casablanca,Casablanca,5,186,10,199,95777
2020,12,Four Seasons Casablanca,Casablanca,5,186,10,199,95777
2020,1,Hyatt Regency,Casablanca,5,252,7,135,76620
2020,2,Hyatt Regency,Casablanca,5,252,6,135,63850
2020,3,Hyatt Regency,Casablanca,5,252,8,135,89390
2020,4,Hyatt Regency,Casablanca,5,252,11,135,102160
2020,5,Hyatt Regency,Casablanca,5,252,10,135,102160
2020,6,Hyatt Regency,Casablanca,5,252,9,135,89390
2020,7,Hyatt Regency,Casablanca,5,252,15,135,153240
2020,8,Hyatt Regency,Casablanca,5,252,16,135,178780
2020,9,Hyatt Regency,Casablanca,5,252,12,135,127700
2020,10,Hyatt Regency,Casablanca,5,252,13,135,114930
2020,11,Hyatt Regency,Casablanca,5,252,10,135,89390
2020,12,Hyatt Regency,Casablanca,5,252,10,135,89390
2020,1,Sofitel Casablanca,Casablanca,5,141,9,119,39570
2020,2,Sofitel Casablanca,Casablanca,5,141,6,119,32975
2020,3,Sofitel Casablanca,Casablanca,5,141,10,119,46165
2020,4,Sofitel Casablanca,Casablanca,5,141,10,119,52760
2020,5,Sofitel Casablanca,Casablanca,5,141,10,119,52760
2020,6,Sofitel Casablanca,Casablanca,5,141,10,119,46165
2020,7,Sofitel Casablanca,Casablanca,5,141,17,119,79141
2020,8,Sofitel Casablanca,Casablanca,5,141,18,119,92331
2020,9,Sofitel Casablanca,Casablanca,5,141,15,119,65951
2020,10,Sofitel Casablanca,Casablanca,5,141,11,119,59355
2020,11,Sofitel Casablanca,Casablanca,5,141,9,119,46165
2020,12,Sofitel Casablanca,Casablanca,5,141,10,119,46165
2020,1,Hilton Tanger City Center,Tanger,5,200,9,122,53792
2020,2,Hilton Tanger City Center,Tanger,5,200,7,122,44827
2020,3,Hilton Tanger City Center,Tanger,5,200,10,122,62757
2020,4,Hilton Tanger City Center,Tanger,5,200,10,122,71723
2020,5,Hilton Tanger City Center,Tanger,5,200,10,122,71723
2020,6,Hilton Tanger City Center,Tanger,5,200,10,122,62757
2020,7,Hilton Tanger City Center,Tanger,5,200,17,122,107584
2020,8,Hilton Tanger City Center,Tanger,5,200,16,122,125514
2020,9,Hilton Tanger City Center,Tanger,5,200,15,122,89653
2020,10,Hilton Tanger City Center,Tanger,5,200,13,122,80688
2020,11,Hilton Tanger City Center,Tanger,5,200,8,122,62757
2020,12,Hilton Tanger City Center,Tanger,5,200,10,122,62757
2020,1,Sofitel Tanger Bay,Tanger,5,103,8,120,39754
2020,2,Sofitel Tanger Bay,Tanger,5,103,9,120,33128
2020,3,Sofitel Tanger Bay,Tanger,5,103,11,120,46379
2020,4,Sofitel Tanger Bay,Tanger,5,103,11,120,53005
2020,5,Sofitel Tanger Bay,Tanger,5,103,13,120,53005
2020,6,Sofitel Tanger Bay,Tanger,5,103,10,120,46379
2020,7,Sofitel Tanger Bay,Tanger,5,103,18,120,79507
2020,8,Sofitel Tanger Bay,Tanger,5,103,20,120,92758
2020,9,Sofitel Tanger Bay,Tanger,5,103,15,120,66256
2020,10,Sofitel Tanger Bay,Tanger,5,103,13,120,59630
2020,11,Sofitel Tanger Bay,Tanger,5,103,11,120,46379
2020,12,Sofitel Tanger Bay,Tanger,5,103,12,120,46379
2020,1,Hotel & Spa La Folie,Tanger,4,44,7,76,7361
2020,2,Hotel & Spa La Folie,Tanger,4,44,7,76,6134
2020,3,Hotel & Spa La Folie,Tanger,4,44,9,76,8588
2020,4,Hotel & Spa La Folie,Tanger,4,44,10,76,9814
2020,5,Hotel & Spa La Folie,Tanger,4,44,11,76,9814
2020,6,Hotel & Spa La Folie,Tanger,4,44,9,76,8588
2020,7,Hotel & Spa La Folie,Tanger,4,44,14,76,14722
2020,8,Hotel & Spa La Folie,Tanger,4,44,18,76,17175
2020,9,Hotel & Spa La Folie,Tanger,4,44,13,76,12268
2020,10,Hotel & Spa La Folie,Tanger,4,44,12,76,11041
2020,11,Hotel & Spa La Folie,Tanger,4,44,8,76,8588
2020,12,Hotel & Spa La Folie,Tanger,4,44,11,76,8588
2020,1,Riad Laaroussa,Fès,5,28,8,143,10528
2020,2,Riad Laaroussa,Fès,5,28,7,143,8773
2020,3,Riad Laaroussa,Fès,5,28,12,143,12283
2020,4,Riad Laaroussa,Fès,5,28,13,143,14038
2020,5,Riad Laaroussa,Fès,5,28,11,143,14038
2020,6,Riad Laaroussa,Fès,5,28,9,143,12283
2020,7,Riad Laaroussa,Fès,5,28,17,143,21056
2020,8,Riad Laaroussa,Fès,5,28,23,143,24566
2020,9,Riad Laaroussa,Fès,5,28,13,143,17547
2020,10,Riad Laaroussa,Fès,5,28,15,143,15792
2020,11,Riad Laaroussa,Fès,5,28,10,143,12283
2020,12,Riad Laaroussa,Fès,5,28,9,143,12283
2020,1,Palais Amani,Fès,5,21,7,146,6185
2020,2,Palais Amani,Fès,5,21,7,146,5154
2020,3,Palais Amani,Fès,5,21,10,146,7216
2020,4,Palais Amani,Fès,5,21,10,146,8246
2020,5,Palais Amani,Fès,5,21,8,146,8246
2020,6,Palais Amani,Fès,5,21,9,146,7216
2020,7,Palais Amani,Fès,5,21,13,146,12370
2020,8,Palais Amani,Fès,5,21,18,146,14431
2020,9,Palais Amani,Fès,5,21,11,146,10308
2020,10,Palais Amani,Fès,5,21,10,146,9277
2020,11,Palais Amani,Fès,5,21,9,146,7216
2020,12,Palais Amani,Fès,5,21,10,146,7216
2020,1,Sofitel Palais Jamai,Fès,5,136,7,90,24125
2020,2,Sofitel Palais Jamai,Fès,5,136,6,90,20104
2020,3,Sofitel Palais Jamai,Fès,5,136,9,90,28146
2020,4,Sofitel Palais Jamai,Fès,5,136,11,90,32167
2020,5,Sofitel Palais Jamai,Fès,5,136,11,90,32167
2020,6,Sofitel Palais Jamai,Fès,5,136,7,90,28146
2020,7,Sofitel Palais Jamai,Fès,5,136,13,90,48250
2020,8,Sofitel Palais Jamai,Fès,5,136,19,90,56292
2020,9,Sofitel Palais Jamai,Fès,5,136,12,90,40208
2020,10,Sofitel Palais Jamai,Fès,5,136,11,90,36188
2020,11,Sofitel Palais Jamai,Fès,5,136,9,90,28146
2020,12,Sofitel Palais Jamai,Fès,5,136,8,90,28146
2020,1,Riad Fès,Fès,5,32,8,125,11209
2020,2,Riad Fès,Fès,5,32,7,125,9341
2020,3,Riad Fès,Fès,5,32,9,125,13078
2020,4,Riad Fès,Fès,5,32,12,125,14946
2020,5,Riad Fès,Fès,5,32,11,125,14946
2020,6,Riad Fès,Fès,5,32,10,125,13078
2020,7,Riad Fès,Fès,5,32,16,125,22419
2020,8,Riad Fès,Fès,5,32,22,125,26155
2020,9,Riad Fès,Fès,5,32,14,125,18682
2020,10,Riad Fès,Fès,5,32,11,125,16814
2020,11,Riad Fès,Fès,5,32,10,125,13078
2020,12,Riad Fès,Fès,5,32,9,125,13078
2020,1,Sofitel Agadir Royal Bay,Agadir,5,174,10,105,58173
2020,2,Sofitel Agadir Royal Bay,Agadir,5,174,9,105,48478
2020,3,Sofitel Agadir Royal Bay,Agadir,5,174,12,105,67869
2020,4,Sofitel Agadir Royal Bay,Agadir,5,174,13,105,77564
2020,5,Sofitel Agadir Royal Bay,Agadir,5,174,13,105,77564
2020,6,Sofitel Agadir Royal Bay,Agadir,5,174,10,105,67869
2020,7,Sofitel Agadir Royal Bay,Agadir,5,174,19,105,116346
2020,8,Sofitel Agadir Royal Bay,Agadir,5,174,22,105,135737
2020,9,Sofitel Agadir Royal Bay,Agadir,5,174,15,105,96955
2020,10,Sofitel Agadir Royal Bay,Agadir,5,174,15,105,87260
2020,11,Sofitel Agadir Royal Bay,Agadir,5,174,12,105,67869
2020,12,Sofitel Agadir Royal Bay,Agadir,5,174,10,105,67869
2020,1,Riu Palace Tikida,Agadir,5,524,9,73,89410
2020,2,Riu Palace Tikida,Agadir,5,524,6,73,74508
2020,3,Riu Palace Tikida,Agadir,5,524,10,73,104311
2020,4,Riu Palace Tikida,Agadir,5,524,10,73,119213
2020,5,Riu Palace Tikida,Agadir,5,524,10,73,119213
2020,6,Riu Palace Tikida,Agadir,5,524,8,73,104311
2020,7,Riu Palace Tikida,Agadir,5,524,14,73,178819
2020,8,Riu Palace Tikida,Agadir,5,524,17,73,208622
2020,9,Riu Palace Tikida,Agadir,5,524,14,73,149016
2020,10,Riu Palace Tikida,Agadir,5,524,11,73,134114
2020,11,Riu Palace Tikida,Agadir,5,524,10,73,104311
2020,12,Riu Palace Tikida,Agadir,5,524,10,73,104311
2020,1,Iberostar Founty,Agadir,5,380,9,65,68561
2020,2,Iberostar Founty,Agadir,5,380,7,65,57134
2020,3,Iberostar Founty,Agadir,5,380,10,65,79988
2020,4,Iberostar Founty,Agadir,5,380,13,65,91414
2020,5,Iberostar Founty,Agadir,5,380,12,65,91414
2020,6,Iberostar Founty,Agadir,5,380,9,65,79988
2020,7,Iberostar Founty,Agadir,5,380,19,65,137122
2020,8,Iberostar Founty,Agadir,5,380,19,65,159975
2020,9,Iberostar Founty,Agadir,5,380,15,65,114268
2020,10,Iberostar Founty,Agadir,5,380,14,65,102841
2020,11,Iberostar Founty,Agadir,5,380,10,65,79988
2020,12,Iberostar Founty,Agadir,5,380,11,65,79988
2020,1,Kasbah Tamadot,Asni,5,28,7,315,17629
2020,2,Kasbah Tamadot,Asni,5,28,5,315,14691
2020,3,Kasbah Tamadot,Asni,5,28,8,315,20567
2020,4,Kasbah Tamadot,Asni,5,28,9,315,23505
2020,5,Kasbah Tamadot,Asni,5,28,11,315,23505
2020,6,Kasbah Tamadot,Asni,5,28,9,315,20567
2020,7,Kasbah Tamadot,Asni,5,28,13,315,35258
2020,8,Kasbah Tamadot,Asni,5,28,17,315,41134
2020,9,Kasbah Tamadot,Asni,5,28,13,315,29382
2020,10,Kasbah Tamadot,Asni,5,28,10,315,26444
2020,11,Kasbah Tamadot,Asni,5,28,8,315,20567
2020,12,Kasbah Tamadot,Asni,5,28,8,315,20567
2020,1,Scarabeo Camp,Agafay,4,14,8,277,8727
2020,2,Scarabeo Camp,Agafay,4,14,7,277,7273
2020,3,Scarabeo Camp,Agafay,4,14,11,277,10182
2020,4,Scarabeo Camp,Agafay,4,14,10,277,11636
2020,5,Scarabeo Camp,Agafay,4,14,9,277,11636
2020,6,Scarabeo Camp,Agafay,4,14,9,277,10182
2020,7,Scarabeo Camp,Agafay,4,14,14,277,17454
2020,8,Scarabeo Camp,Agafay,4,14,18,277,20364
2020,9,Scarabeo Camp,Agafay,4,14,12,277,14545
2020,10,Scarabeo Camp,Agafay,4,14,10,277,13091
2020,11,Scarabeo Camp,Agafay,4,14,9,277,10182
2020,12,Scarabeo Camp,Agafay,4,14,8,277,10182
2020,1,Kam Kam Dunes,Merzouga,3,20,8,145,6750
2020,2,Kam Kam Dunes,Merzouga,3,20,7,145,5625
2020,3,Kam Kam Dunes,Merzouga,3,20,9,145,7875
2020,4,Kam Kam Dunes,Merzouga,3,20,10,145,9000
2020,5,Kam Kam Dunes,Merzouga,3,20,10,145,9000
2020,6,Kam Kam Dunes,Merzouga,3,20,8,145,7875
2020,7,Kam Kam Dunes,Merzouga,3,20,18,145,13499
2020,8,Kam Kam Dunes,Merzouga,3,20,20,145,15749
2020,9,Kam Kam Dunes,Merzouga,3,20,15,145,11250
2020,10,Kam Kam Dunes,Merzouga,3,20,12,145,10125
2020,11,Kam Kam Dunes,Merzouga,3,20,8,145,7875
2020,12,Kam Kam Dunes,Merzouga,3,20,9,145,7875
2020,1,Riad Kniza,Marrakech,5,11,9,322,8320
2020,2,Riad Kniza,Marrakech,5,11,6,322,6934
2020,3,Riad Kniza,Marrakech,5,11,10,322,9707
2020,4,Riad Kniza,Marrakech,5,11,12,322,11094
2020,5,Riad Kniza,Marrakech,5,11,9,322,11094
2020,6,Riad Kniza,Marrakech,5,11,11,322,9707
2020,7,Riad Kniza,Marrakech,5,11,18,322,16640
2020,8,Riad Kniza,Marrakech,5,11,16,322,19414
2020,9,Riad Kniza,Marrakech,5,11,14,322,13867
2020,10,Riad Kniza,Marrakech,5,11,12,322,12480
2020,11,Riad Kniza,Marrakech,5,11,9,322,9707
2020,12,Riad Kniza,Marrakech,5,11,10,322,9707
2020,1,Dar Ahlam,Skoura,5,14,9,440,19189
2020,2,Dar Ahlam,Skoura,5,14,7,440,15991
2020,3,Dar Ahlam,Skoura,5,14,11,440,22387
2020,4,Dar Ahlam,Skoura,5,14,12,440,25585
2020,5,Dar Ahlam,Skoura,5,14,13,440,25585
2020,6,Dar Ahlam,Skoura,5,14,12,440,22387
2020,7,Dar Ahlam,Skoura,5,14,19,440,38377
2020,8,Dar Ahlam,Skoura,5,14,20,440,44773
2020,9,Dar Ahlam,Skoura,5,14,17,440,31981
2020,10,Dar Ahlam,Skoura,5,14,14,440,28783
2020,11,Dar Ahlam,Skoura,5,14,10,440,22387
2020,12,Dar Ahlam,Skoura,5,14,12,440,22387
2021,1,La Mamounia,Marrakech,5,209,17,280,354046
2021,2,La Mamounia,Marrakech,5,209,16,280,295038
2021,3,La Mamounia,Marrakech,5,209,24,280,413054
2021,4,La Mamounia,Marrakech,5,209,30,280,472061
2021,5,La Mamounia,Marrakech,5,209,28,280,472061
2021,6,La Mamounia,Marrakech,5,209,21,280,413054
2021,7,La Mamounia,Marrakech,5,209,34,280,708092
2021,8,La Mamounia,Marrakech,5,209,42,280,826107
2021,9,La Mamounia,Marrakech,5,209,33,280,590077
2021,10,La Mamounia,Marrakech,5,209,33,280,531069
2021,11,La Mamounia,Marrakech,5,209,24,280,413054
2021,12,La Mamounia,Marrakech,5,209,22,280,413054
2021,1,Royal Mansour,Marrakech,5,53,21,401,134792
2021,2,Royal Mansour,Marrakech,5,53,15,401,112326
2021,3,Royal Mansour,Marrakech,5,53,26,401,157257
2021,4,Royal Mansour,Marrakech,5,53,30,401,179722
2021,5,Royal Mansour,Marrakech,5,53,28,401,179722
2021,6,Royal Mansour,Marrakech,5,53,22,401,157257
2021,7,Royal Mansour,Marrakech,5,53,35,401,269583
2021,8,Royal Mansour,Marrakech,5,53,54,401,314514
2021,9,Royal Mansour,Marrakech,5,53,36,401,224653
2021,10,Royal Mansour,Marrakech,5,53,33,401,202188
2021,11,Royal Mansour,Marrakech,5,53,24,401,157257
2021,12,Royal Mansour,Marrakech,5,53,21,401,157257
2021,1,Four Seasons Resort,Marrakech,5,139,18,213,137249
2021,2,Four Seasons Resort,Marrakech,5,139,15,213,114374
2021,3,Four Seasons Resort,Marrakech,5,139,17,213,160124
2021,4,Four Seasons Resort,Marrakech,5,139,20,213,182999
2021,5,Four Seasons Resort,Marrakech,5,139,25,213,182999
2021,6,Four Seasons Resort,Marrakech,5,139,22,213,160124
2021,7,Four Seasons Resort,Marrakech,5,139,31,213,274498
2021,8,Four Seasons Resort,Marrakech,5,139,42,213,320248
2021,9,Four Seasons Resort,Marrakech,5,139,26,213,228748
2021,10,Four Seasons Resort,Marrakech,5,139,22,213,205874
2021,11,Four Seasons Resort,Marrakech,5,139,23,213,160124
2021,12,Four Seasons Resort,Marrakech,5,139,18,213,160124
2021,1,Amanjena,Marrakech,5,32,19,331,63210
2021,2,Amanjena,Marrakech,5,32,17,331,52675
2021,3,Amanjena,Marrakech,5,32,20,331,73744
2021,4,Amanjena,Marrakech,5,32,29,331,84279
2021,5,Amanjena,Marrakech,5,32,28,331,84279
2021,6,Amanjena,Marrakech,5,32,24,331,73744
2021,7,Amanjena,Marrakech,5,32,37,331,126419
2021,8,Amanjena,Marrakech,5,32,46,331,147489
2021,9,Amanjena,Marrakech,5,32,28,331,105349
2021,10,Amanjena,Marrakech,5,32,27,331,94814
2021,11,Amanjena,Marrakech,5,32,21,331,73744
2021,12,Amanjena,Marrakech,5,32,24,331,73744
2021,1,Sofitel Marrakech,Marrakech,5,303,19,161,231466
2021,2,Sofitel Marrakech,Marrakech,5,303,16,161,192888
2021,3,Sofitel Marrakech,Marrakech,5,303,20,161,270044
2021,4,Sofitel Marrakech,Marrakech,5,303,20,161,308621
2021,5,Sofitel Marrakech,Marrakech,5,303,21,161,308621
2021,6,Sofitel Marrakech,Marrakech,5,303,18,161,270044
2021,7,Sofitel Marrakech,Marrakech,5,303,33,161,462932
2021,8,Sofitel Marrakech,Marrakech,5,303,43,161,540087
2021,9,Sofitel Marrakech,Marrakech,5,303,27,161,385776
2021,10,Sofitel Marrakech,Marrakech,5,303,25,161,347199
2021,11,Sofitel Marrakech,Marrakech,5,303,21,161,270044
2021,12,Sofitel Marrakech,Marrakech,5,303,19,161,270044
2021,1,Riad Yasmine,Marrakech,4,7,17,66,2226
2021,2,Riad Yasmine,Marrakech,4,7,14,66,1855
2021,3,Riad Yasmine,Marrakech,4,7,20,66,2597
2021,4,Riad Yasmine,Marrakech,4,7,20,66,2968
2021,5,Riad Yasmine,Marrakech,4,7,20,66,2968
2021,6,Riad Yasmine,Marrakech,4,7,19,66,2597
2021,7,Riad Yasmine,Marrakech,4,7,34,66,4452
2021,8,Riad Yasmine,Marrakech,4,7,41,66,5194
2021,9,Riad Yasmine,Marrakech,4,7,33,66,3710
2021,10,Riad Yasmine,Marrakech,4,7,23,66,3339
2021,11,Riad Yasmine,Marrakech,4,7,21,66,2597
2021,12,Riad Yasmine,Marrakech,4,7,17,66,2597
2021,1,Kenzi Tower Hotel,Casablanca,5,240,18,152,185347
2021,2,Kenzi Tower Hotel,Casablanca,5,240,15,152,154456
2021,3,Kenzi Tower Hotel,Casablanca,5,240,23,152,216238
2021,4,Kenzi Tower Hotel,Casablanca,5,240,28,152,247129
2021,5,Kenzi Tower Hotel,Casablanca,5,240,23,152,247129
2021,6,Kenzi Tower Hotel,Casablanca,5,240,23,152,216238
2021,7,Kenzi Tower Hotel,Casablanca,5,240,32,152,370694
2021,8,Kenzi Tower Hotel,Casablanca,5,240,37,152,432476
2021,9,Kenzi Tower Hotel,Casablanca,5,240,30,152,308912
2021,10,Kenzi Tower Hotel,Casablanca,5,240,23,152,278020
2021,11,Kenzi Tower Hotel,Casablanca,5,240,23,152,216238
2021,12,Kenzi Tower Hotel,Casablanca,5,240,21,152,216238
2021,1,Four Seasons Casablanca,Casablanca,5,186,18,208,196936
2021,2,Four Seasons Casablanca,Casablanca,5,186,16,208,164113
2021,3,Four Seasons Casablanca,Casablanca,5,186,24,208,229759
2021,4,Four Seasons Casablanca,Casablanca,5,186,22,208,262581
2021,5,Four Seasons Casablanca,Casablanca,5,186,27,208,262581
2021,6,Four Seasons Casablanca,Casablanca,5,186,21,208,229759
2021,7,Four Seasons Casablanca,Casablanca,5,186,40,208,393872
2021,8,Four Seasons Casablanca,Casablanca,5,186,47,208,459518
2021,9,Four Seasons Casablanca,Casablanca,5,186,34,208,328227
2021,10,Four Seasons Casablanca,Casablanca,5,186,24,208,295404
2021,11,Four Seasons Casablanca,Casablanca,5,186,24,208,229759
2021,12,Four Seasons Casablanca,Casablanca,5,186,21,208,229759
2021,1,Hyatt Regency,Casablanca,5,252,19,165,291355
2021,2,Hyatt Regency,Casablanca,5,252,17,165,242796
2021,3,Hyatt Regency,Casablanca,5,252,25,165,339915
2021,4,Hyatt Regency,Casablanca,5,252,28,165,388474
2021,5,Hyatt Regency,Casablanca,5,252,32,165,388474
2021,6,Hyatt Regency,Casablanca,5,252,26,165,339915
2021,7,Hyatt Regency,Casablanca,5,252,45,165,582711
2021,8,Hyatt Regency,Casablanca,5,252,48,165,679829
2021,9,Hyatt Regency,Casablanca,5,252,32,165,485592
2021,10,Hyatt Regency,Casablanca,5,252,29,165,437033
2021,11,Hyatt Regency,Casablanca,5,252,22,165,339915
2021,12,Hyatt Regency,Casablanca,5,252,21,165,339915
2021,1,Sofitel Casablanca,Casablanca,5,141,16,112,74913
2021,2,Sofitel Casablanca,Casablanca,5,141,16,112,62427
2021,3,Sofitel Casablanca,Casablanca,5,141,18,112,87398
2021,4,Sofitel Casablanca,Casablanca,5,141,22,112,99883
2021,5,Sofitel Casablanca,Casablanca,5,141,21,112,99883
2021,6,Sofitel Casablanca,Casablanca,5,141,19,112,87398
2021,7,Sofitel Casablanca,Casablanca,5,141,38,112,149825
2021,8,Sofitel Casablanca,Casablanca,5,141,43,112,174796
2021,9,Sofitel Casablanca,Casablanca,5,141,25,112,124854
2021,10,Sofitel Casablanca,Casablanca,5,141,23,112,112369
2021,11,Sofitel Casablanca,Casablanca,5,141,21,112,87398
2021,12,Sofitel Casablanca,Casablanca,5,141,21,112,87398
2021,1,Hilton Tanger City Center,Tanger,5,200,21,146,201699
2021,2,Hilton Tanger City Center,Tanger,5,200,19,146,168083
2021,3,Hilton Tanger City Center,Tanger,5,200,22,146,235316
2021,4,Hilton Tanger City Center,Tanger,5,200,28,146,268933
2021,5,Hilton Tanger City Center,Tanger,5,200,32,146,268933
2021,6,Hilton Tanger City Center,Tanger,5,200,24,146,235316
2021,7,Hilton Tanger City Center,Tanger,5,200,36,146,403399
2021,8,Hilton Tanger City Center,Tanger,5,200,48,146,470632
2021,9,Hilton Tanger City Center,Tanger,5,200,30,146,336166
2021,10,Hilton Tanger City Center,Tanger,5,200,30,146,302549
2021,11,Hilton Tanger City Center,Tanger,5,200,28,146,235316
2021,12,Hilton Tanger City Center,Tanger,5,200,22,146,235316
2021,1,Sofitel Tanger Bay,Tanger,5,103,18,117,77966
2021,2,Sofitel Tanger Bay,Tanger,5,103,18,117,64972
2021,3,Sofitel Tanger Bay,Tanger,5,103,26,117,90960
2021,4,Sofitel Tanger Bay,Tanger,5,103,27,117,103954
2021,5,Sofitel Tanger Bay,Tanger,5,103,25,117,103954
2021,6,Sofitel Tanger Bay,Tanger,5,103,23,117,90960
2021,7,Sofitel Tanger Bay,Tanger,5,103,42,117,155932
2021,8,Sofitel Tanger Bay,Tanger,5,103,47,117,181920
2021,9,Sofitel Tanger Bay,Tanger,5,103,34,117,129943
2021,10,Sofitel Tanger Bay,Tanger,5,103,31,117,116949
2021,11,Sofitel Tanger Bay,Tanger,5,103,24,117,90960
2021,12,Sofitel Tanger Bay,Tanger,5,103,27,117,90960
2021,1,Hotel & Spa La Folie,Tanger,4,44,22,87,24653
2021,2,Hotel & Spa La Folie,Tanger,4,44,17,87,20544
2021,3,Hotel & Spa La Folie,Tanger,4,44,26,87,28761
2021,4,Hotel & Spa La Folie,Tanger,4,44,28,87,32870
2021,5,Hotel & Spa La Folie,Tanger,4,44,25,87,32870
2021,6,Hotel & Spa La Folie,Tanger,4,44,24,87,28761
2021,7,Hotel & Spa La Folie,Tanger,4,44,41,87,49305
2021,8,Hotel & Spa La Folie,Tanger,4,44,45,87,57523
2021,9,Hotel & Spa La Folie,Tanger,4,44,34,87,41088
2021,10,Hotel & Spa La Folie,Tanger,4,44,30,87,36979
2021,11,Hotel & Spa La Folie,Tanger,4,44,22,87,28761
2021,12,Hotel & Spa La Folie,Tanger,4,44,22,87,28761
2021,1,Riad Laaroussa,Fès,5,28,16,141,21921
2021,2,Riad Laaroussa,Fès,5,28,14,141,18268
2021,3,Riad Laaroussa,Fès,5,28,20,141,25575
2021,4,Riad Laaroussa,Fès,5,28,25,141,29229
2021,5,Riad Laaroussa,Fès,5,28,28,141,29229
2021,6,Riad Laaroussa,Fès,5,28,22,141,25575
2021,7,Riad Laaroussa,Fès,5,28,40,141,43843
2021,8,Riad Laaroussa,Fès,5,28,47,141,51150
2021,9,Riad Laaroussa,Fès,5,28,36,141,36536
2021,10,Riad Laaroussa,Fès,5,28,28,141,32882
2021,11,Riad Laaroussa,Fès,5,28,24,141,25575
2021,12,Riad Laaroussa,Fès,5,28,23,141,25575
2021,1,Palais Amani,Fès,5,21,23,183,26555
2021,2,Palais Amani,Fès,5,21,19,183,22129
2021,3,Palais Amani,Fès,5,21,25,183,30981
2021,4,Palais Amani,Fès,5,21,25,183,35407
2021,5,Palais Amani,Fès,5,21,31,183,35407
2021,6,Palais Amani,Fès,5,21,26,183,30981
2021,7,Palais Amani,Fès,5,21,38,183,53110
2021,8,Palais Amani,Fès,5,21,43,183,61962
2021,9,Palais Amani,Fès,5,21,36,183,44258
2021,10,Palais Amani,Fès,5,21,29,183,39833
2021,11,Palais Amani,Fès,5,21,23,183,30981
2021,12,Palais Amani,Fès,5,21,26,183,30981
2021,1,Sofitel Palais Jamai,Fès,5,136,20,109,97110
2021,2,Sofitel Palais Jamai,Fès,5,136,19,109,80925
2021,3,Sofitel Palais Jamai,Fès,5,136,26,109,113295
2021,4,Sofitel Palais Jamai,Fès,5,136,28,109,129480
2021,5,Sofitel Palais Jamai,Fès,5,136,25,109,129480
2021,6,Sofitel Palais Jamai,Fès,5,136,23,109,113295
2021,7,Sofitel Palais Jamai,Fès,5,136,39,109,194220
2021,8,Sofitel Palais Jamai,Fès,5,136,48,109,226590
2021,9,Sofitel Palais Jamai,Fès,5,136,34,109,161850
2021,10,Sofitel Palais Jamai,Fès,5,136,30,109,145665
2021,11,Sofitel Palais Jamai,Fès,5,136,24,109,113295
2021,12,Sofitel Palais Jamai,Fès,5,136,27,109,113295
2021,1,Riad Fès,Fès,5,32,16,106,14813
2021,2,Riad Fès,Fès,5,32,14,106,12345
2021,3,Riad Fès,Fès,5,32,22,106,17282
2021,4,Riad Fès,Fès,5,32,20,106,19751
2021,5,Riad Fès,Fès,5,32,25,106,19751
2021,6,Riad Fès,Fès,5,32,22,106,17282
2021,7,Riad Fès,Fès,5,32,29,106,29627
2021,8,Riad Fès,Fès,5,32,37,106,34565
2021,9,Riad Fès,Fès,5,32,28,106,24689
2021,10,Riad Fès,Fès,5,32,24,106,22220
2021,11,Riad Fès,Fès,5,32,20,106,17282
2021,12,Riad Fès,Fès,5,32,18,106,17282
2021,1,Sofitel Agadir Royal Bay,Agadir,5,174,18,105,116933
2021,2,Sofitel Agadir Royal Bay,Agadir,5,174,15,105,97444
2021,3,Sofitel Agadir Royal Bay,Agadir,5,174,26,105,136421
2021,4,Sofitel Agadir Royal Bay,Agadir,5,174,29,105,155910
2021,5,Sofitel Agadir Royal Bay,Agadir,5,174,29,105,155910
2021,6,Sofitel Agadir Royal Bay,Agadir,5,174,21,105,136421
2021,7,Sofitel Agadir Royal Bay,Agadir,5,174,42,105,233865
2021,8,Sofitel Agadir Royal Bay,Agadir,5,174,54,105,272843
2021,9,Sofitel Agadir Royal Bay,Agadir,5,174,30,105,194888
2021,10,Sofitel Agadir Royal Bay,Agadir,5,174,27,105,175399
2021,11,Sofitel Agadir Royal Bay,Agadir,5,174,23,105,136421
2021,12,Sofitel Agadir Royal Bay,Agadir,5,174,22,105,136421
2021,1,Riu Palace Tikida,Agadir,5,524,17,79,246350
2021,2,Riu Palace Tikida,Agadir,5,524,14,79,205292
2021,3,Riu Palace Tikida,Agadir,5,524,21,79,287409
2021,4,Riu Palace Tikida,Agadir,5,524,25,79,328467
2021,5,Riu Palace Tikida,Agadir,5,524,23,79,328467
2021,6,Riu Palace Tikida,Agadir,5,524,26,79,287409
2021,7,Riu Palace Tikida,Agadir,5,524,36,79,492700
2021,8,Riu Palace Tikida,Agadir,5,524,42,79,574817
2021,9,Riu Palace Tikida,Agadir,5,524,33,79,410584
2021,10,Riu Palace Tikida,Agadir,5,524,30,79,369525
2021,11,Riu Palace Tikida,Agadir,5,524,22,79,287409
2021,12,Riu Palace Tikida,Agadir,5,524,24,79,287409
2021,1,Iberostar Founty,Agadir,5,380,19,61,118047
2021,2,Iberostar Founty,Agadir,5,380,17,61,98373
2021,3,Iberostar Founty,Agadir,5,380,23,61,137722
2021,4,Iberostar Founty,Agadir,5,380,24,61,157396
2021,5,Iberostar Founty,Agadir,5,380,27,61,157396
2021,6,Iberostar Founty,Agadir,5,380,18,61,137722
2021,7,Iberostar Founty,Agadir,5,380,33,61,236094
2021,8,Iberostar Founty,Agadir,5,380,38,61,275444
2021,9,Iberostar Founty,Agadir,5,380,26,61,196745
2021,10,Iberostar Founty,Agadir,5,380,24,61,177071
2021,11,Iberostar Founty,Agadir,5,380,20,61,137722
2021,12,Iberostar Founty,Agadir,5,380,20,61,137722
2021,1,Kasbah Tamadot,Asni,5,28,20,367,61617
2021,2,Kasbah Tamadot,Asni,5,28,15,367,51347
2021,3,Kasbah Tamadot,Asni,5,28,23,367,71886
2021,4,Kasbah Tamadot,Asni,5,28,27,367,82156
2021,5,Kasbah Tamadot,Asni,5,28,29,367,82156
2021,6,Kasbah Tamadot,Asni,5,28,25,367,71886
2021,7,Kasbah Tamadot,Asni,5,28,38,367,123233
2021,8,Kasbah Tamadot,Asni,5,28,39,367,143772
2021,9,Kasbah Tamadot,Asni,5,28,31,367,102695
2021,10,Kasbah Tamadot,Asni,5,28,31,367,92425
2021,11,Kasbah Tamadot,Asni,5,28,26,367,71886
2021,12,Kasbah Tamadot,Asni,5,28,26,367,71886
2021,1,Scarabeo Camp,Agafay,4,14,19,282,20399
2021,2,Scarabeo Camp,Agafay,4,14,14,282,16999
2021,3,Scarabeo Camp,Agafay,4,14,24,282,23799
2021,4,Scarabeo Camp,Agafay,4,14,20,282,27199
2021,5,Scarabeo Camp,Agafay,4,14,27,282,27199
2021,6,Scarabeo Camp,Agafay,4,14,21,282,23799
2021,7,Scarabeo Camp,Agafay,4,14,41,282,40799
2021,8,Scarabeo Camp,Agafay,4,14,47,282,47598
2021,9,Scarabeo Camp,Agafay,4,14,34,282,33999
2021,10,Scarabeo Camp,Agafay,4,14,30,282,30599
2021,11,Scarabeo Camp,Agafay,4,14,22,282,23799
2021,12,Scarabeo Camp,Agafay,4,14,24,282,23799
2021,1,Kam Kam Dunes,Merzouga,3,20,15,148,15517
2021,2,Kam Kam Dunes,Merzouga,3,20,16,148,12931
2021,3,Kam Kam Dunes,Merzouga,3,20,20,148,18103
2021,4,Kam Kam Dunes,Merzouga,3,20,22,148,20689
2021,5,Kam Kam Dunes,Merzouga,3,20,23,148,20689
2021,6,Kam Kam Dunes,Merzouga,3,20,20,148,18103
2021,7,Kam Kam Dunes,Merzouga,3,20,36,148,31034
2021,8,Kam Kam Dunes,Merzouga,3,20,39,148,36206
2021,9,Kam Kam Dunes,Merzouga,3,20,32,148,25861
2021,10,Kam Kam Dunes,Merzouga,3,20,30,148,23275
2021,11,Kam Kam Dunes,Merzouga,3,20,23,148,18103
2021,12,Kam Kam Dunes,Merzouga,3,20,19,148,18103
2021,1,Riad Kniza,Marrakech,5,11,16,334,20871
2021,2,Riad Kniza,Marrakech,5,11,14,334,17392
2021,3,Riad Kniza,Marrakech,5,11,24,334,24349
2021,4,Riad Kniza,Marrakech,5,11,28,334,27828
2021,5,Riad Kniza,Marrakech,5,11,29,334,27828
2021,6,Riad Kniza,Marrakech,5,11,25,334,24349
2021,7,Riad Kniza,Marrakech,5,11,33,334,41741
2021,8,Riad Kniza,Marrakech,5,11,43,334,48698
2021,9,Riad Kniza,Marrakech,5,11,32,334,34785
2021,10,Riad Kniza,Marrakech,5,11,28,334,31306
2021,11,Riad Kniza,Marrakech,5,11,23,334,24349
2021,12,Riad Kniza,Marrakech,5,11,19,334,24349
2021,1,Dar Ahlam,Skoura,5,14,18,376,25113
2021,2,Dar Ahlam,Skoura,5,14,16,376,20928
2021,3,Dar Ahlam,Skoura,5,14,19,376,29299
2021,4,Dar Ahlam,Skoura,5,14,20,376,33484
2021,5,Dar Ahlam,Skoura,5,14,22,376,33484
2021,6,Dar Ahlam,Skoura,5,14,21,376,29299
2021,7,Dar Ahlam,Skoura,5,14,39,376,50227
2021,8,Dar Ahlam,Skoura,5,14,35,376,58598
2021,9,Dar Ahlam,Skoura,5,14,32,376,41855
2021,10,Dar Ahlam,Skoura,5,14,23,376,37670
2021,11,Dar Ahlam,Skoura,5,14,22,376,29299
2021,12,Dar Ahlam,Skoura,5,14,20,376,29299
2022,1,La Mamounia,Marrakech,5,209,44,291,861935
2022,2,La Mamounia,Marrakech,5,209,43,291,718279
2022,3,La Mamounia,Marrakech,5,209,57,291,1005591
2022,4,La Mamounia,Marrakech,5,209,56,291,1149247
2022,5,La Mamounia,Marrakech,5,209,59,291,1149247
2022,6,La Mamounia,Marrakech,5,209,56,291,1005591
2022,7,La Mamounia,Marrakech,5,209,94,291,1723871
2022,8,La Mamounia,Marrakech,5,209,98,291,2011183
2022,9,La Mamounia,Marrakech,5,209,80,291,1436559
2022,10,La Mamounia,Marrakech,5,209,62,291,1292903
2022,11,La Mamounia,Marrakech,5,209,53,291,1005591
2022,12,La Mamounia,Marrakech,5,209,46,291,1005591
2022,1,Royal Mansour,Marrakech,5,53,45,396,279868
2022,2,Royal Mansour,Marrakech,5,53,40,396,233223
2022,3,Royal Mansour,Marrakech,5,53,59,396,326513
2022,4,Royal Mansour,Marrakech,5,53,67,396,373158
2022,5,Royal Mansour,Marrakech,5,53,56,396,373158
2022,6,Royal Mansour,Marrakech,5,53,58,396,326513
2022,7,Royal Mansour,Marrakech,5,53,95,396,559736
2022,8,Royal Mansour,Marrakech,5,53,98,396,653026
2022,9,Royal Mansour,Marrakech,5,53,75,396,466447
2022,10,Royal Mansour,Marrakech,5,53,75,396,419802
2022,11,Royal Mansour,Marrakech,5,53,54,396,326513
2022,12,Royal Mansour,Marrakech,5,53,46,396,326513
2022,1,Four Seasons Resort,Marrakech,5,139,39,254,489801
2022,2,Four Seasons Resort,Marrakech,5,139,40,254,408167
2022,3,Four Seasons Resort,Marrakech,5,139,52,254,571434
2022,4,Four Seasons Resort,Marrakech,5,139,64,254,653068
2022,5,Four Seasons Resort,Marrakech,5,139,51,254,653068
2022,6,Four Seasons Resort,Marrakech,5,139,44,254,571434
2022,7,Four Seasons Resort,Marrakech,5,139,88,254,979601
2022,8,Four Seasons Resort,Marrakech,5,139,98,254,1142868
2022,9,Four Seasons Resort,Marrakech,5,139,80,254,816335
2022,10,Four Seasons Resort,Marrakech,5,139,68,254,734701
2022,11,Four Seasons Resort,Marrakech,5,139,60,254,571434
2022,12,Four Seasons Resort,Marrakech,5,139,50,254,571434
2022,1,Amanjena,Marrakech,5,32,43,305,106961
2022,2,Amanjena,Marrakech,5,32,31,305,89134
2022,3,Amanjena,Marrakech,5,32,41,305,124788
2022,4,Amanjena,Marrakech,5,32,46,305,142615
2022,5,Amanjena,Marrakech,5,32,47,305,142615
2022,6,Amanjena,Marrakech,5,32,46,305,124788
2022,7,Amanjena,Marrakech,5,32,78,305,213922
2022,8,Amanjena,Marrakech,5,32,96,305,249576
2022,9,Amanjena,Marrakech,5,32,61,305,178268
2022,10,Amanjena,Marrakech,5,32,53,305,160442
2022,11,Amanjena,Marrakech,5,32,47,305,124788
2022,12,Amanjena,Marrakech,5,32,41,305,124788
2022,1,Sofitel Marrakech,Marrakech,5,303,41,179,679649
2022,2,Sofitel Marrakech,Marrakech,5,303,33,179,566375
2022,3,Sofitel Marrakech,Marrakech,5,303,55,179,792924
2022,4,Sofitel Marrakech,Marrakech,5,303,65,179,906199
2022,5,Sofitel Marrakech,Marrakech,5,303,48,179,906199
2022,6,Sofitel Marrakech,Marrakech,5,303,52,179,792924
2022,7,Sofitel Marrakech,Marrakech,5,303,92,179,1359299
2022,8,Sofitel Marrakech,Marrakech,5,303,86,179,1585849
2022,9,Sofitel Marrakech,Marrakech,5,303,79,179,1132749
2022,10,Sofitel Marrakech,Marrakech,5,303,70,179,1019474
2022,11,Sofitel Marrakech,Marrakech,5,303,47,179,792924
2022,12,Sofitel Marrakech,Marrakech,5,303,51,179,792924
2022,1,Riad Yasmine,Marrakech,4,7,40,80,8285
2022,2,Riad Yasmine,Marrakech,4,7,39,80,6904
2022,3,Riad Yasmine,Marrakech,4,7,51,80,9666
2022,4,Riad Yasmine,Marrakech,4,7,66,80,11047
2022,5,Riad Yasmine,Marrakech,4,7,53,80,11047
2022,6,Riad Yasmine,Marrakech,4,7,54,80,9666
2022,7,Riad Yasmine,Marrakech,4,7,91,80,16570
2022,8,Riad Yasmine,Marrakech,4,7,98,80,19332
2022,9,Riad Yasmine,Marrakech,4,7,69,80,13808
2022,10,Riad Yasmine,Marrakech,4,7,59,80,12427
2022,11,Riad Yasmine,Marrakech,4,7,47,80,9666
2022,12,Riad Yasmine,Marrakech,4,7,58,80,9666
2022,1,Kenzi Tower Hotel,Casablanca,5,240,51,184,708010
2022,2,Kenzi Tower Hotel,Casablanca,5,240,44,184,590009
2022,3,Kenzi Tower Hotel,Casablanca,5,240,60,184,826012
2022,4,Kenzi Tower Hotel,Casablanca,5,240,73,184,944014
2022,5,Kenzi Tower Hotel,Casablanca,5,240,65,184,944014
2022,6,Kenzi Tower Hotel,Casablanca,5,240,55,184,826012
2022,7,Kenzi Tower Hotel,Casablanca,5,240,91,184,1416021
2022,8,Kenzi Tower Hotel,Casablanca,5,240,98,184,1652024
2022,9,Kenzi Tower Hotel,Casablanca,5,240,80,184,1180017
2022,10,Kenzi Tower Hotel,Casablanca,5,240,76,184,1062016
2022,11,Kenzi Tower Hotel,Casablanca,5,240,52,184,826012
2022,12,Kenzi Tower Hotel,Casablanca,5,240,64,184,826012
2022,1,Four Seasons Casablanca,Casablanca,5,186,40,209,425497
2022,2,Four Seasons Casablanca,Casablanca,5,186,36,209,354581
2022,3,Four Seasons Casablanca,Casablanca,5,186,40,209,496413
2022,4,Four Seasons Casablanca,Casablanca,5,186,60,209,567329
2022,5,Four Seasons Casablanca,Casablanca,5,186,46,209,567329
2022,6,Four Seasons Casablanca,Casablanca,5,186,53,209,496413
2022,7,Four Seasons Casablanca,Casablanca,5,186,74,209,850993
2022,8,Four Seasons Casablanca,Casablanca,5,186,87,209,992826
2022,9,Four Seasons Casablanca,Casablanca,5,186,67,209,709161
2022,10,Four Seasons Casablanca,Casablanca,5,186,62,209,638245
2022,11,Four Seasons Casablanca,Casablanca,5,186,41,209,496413
2022,12,Four Seasons Casablanca,Casablanca,5,186,53,209,496413
2022,1,Hyatt Regency,Casablanca,5,252,39,160,575326
2022,2,Hyatt Regency,Casablanca,5,252,41,160,479438
2022,3,Hyatt Regency,Casablanca,5,252,53,160,671214
2022,4,Hyatt Regency,Casablanca,5,252,58,160,767101
2022,5,Hyatt Regency,Casablanca,5,252,57,160,767101
2022,6,Hyatt Regency,Casablanca,5,252,58,160,671214
2022,7,Hyatt Regency,Casablanca,5,252,85,160,1150652
2022,8,Hyatt Regency,Casablanca,5,252,98,160,1342428
2022,9,Hyatt Regency,Casablanca,5,252,66,160,958877
2022,10,Hyatt Regency,Casablanca,5,252,76,160,862989
2022,11,Hyatt Regency,Casablanca,5,252,56,160,671214
2022,12,Hyatt Regency,Casablanca,5,252,57,160,671214
2022,1,Sofitel Casablanca,Casablanca,5,141,43,114,169660
2022,2,Sofitel Casablanca,Casablanca,5,141,34,114,141383
2022,3,Sofitel Casablanca,Casablanca,5,141,39,114,197937
2022,4,Sofitel Casablanca,Casablanca,5,141,51,114,226214
2022,5,Sofitel Casablanca,Casablanca,5,141,53,114,226214
2022,6,Sofitel Casablanca,Casablanca,5,141,51,114,197937
2022,7,Sofitel Casablanca,Casablanca,5,141,68,114,339320
2022,8,Sofitel Casablanca,Casablanca,5,141,78,114,395874
2022,9,Sofitel Casablanca,Casablanca,5,141,64,114,282767
2022,10,Sofitel Casablanca,Casablanca,5,141,52,114,254490
2022,11,Sofitel Casablanca,Casablanca,5,141,41,114,197937
2022,12,Sofitel Casablanca,Casablanca,5,141,42,114,197937
2022,1,Hilton Tanger City Center,Tanger,5,200,39,131,317908
2022,2,Hilton Tanger City Center,Tanger,5,200,30,131,264923
2022,3,Hilton Tanger City Center,Tanger,5,200,42,131,370893
2022,4,Hilton Tanger City Center,Tanger,5,200,63,131,423877
2022,5,Hilton Tanger City Center,Tanger,5,200,51,131,423877
2022,6,Hilton Tanger City Center,Tanger,5,200,53,131,370893
2022,7,Hilton Tanger City Center,Tanger,5,200,94,131,635816
2022,8,Hilton Tanger City Center,Tanger,5,200,87,131,741785
2022,9,Hilton Tanger City Center,Tanger,5,200,61,131,529847
2022,10,Hilton Tanger City Center,Tanger,5,200,64,131,476862
2022,11,Hilton Tanger City Center,Tanger,5,200,48,131,370893
2022,12,Hilton Tanger City Center,Tanger,5,200,44,131,370893
2022,1,Sofitel Tanger Bay,Tanger,5,103,48,110,138130
2022,2,Sofitel Tanger Bay,Tanger,5,103,38,110,115109
2022,3,Sofitel Tanger Bay,Tanger,5,103,48,110,161152
2022,4,Sofitel Tanger Bay,Tanger,5,103,58,110,184174
2022,5,Sofitel Tanger Bay,Tanger,5,103,55,110,184174
2022,6,Sofitel Tanger Bay,Tanger,5,103,53,110,161152
2022,7,Sofitel Tanger Bay,Tanger,5,103,96,110,276261
2022,8,Sofitel Tanger Bay,Tanger,5,103,98,110,322304
2022,9,Sofitel Tanger Bay,Tanger,5,103,61,110,230217
2022,10,Sofitel Tanger Bay,Tanger,5,103,66,110,207195
2022,11,Sofitel Tanger Bay,Tanger,5,103,54,110,161152
2022,12,Sofitel Tanger Bay,Tanger,5,103,46,110,161152
2022,1,Hotel & Spa La Folie,Tanger,4,44,45,84,49184
2022,2,Hotel & Spa La Folie,Tanger,4,44,36,84,40986
2022,3,Hotel & Spa La Folie,Tanger,4,44,45,84,57381
2022,4,Hotel & Spa La Folie,Tanger,4,44,51,84,65578
2022,5,Hotel & Spa La Folie,Tanger,4,44,66,84,65578
2022,6,Hotel & Spa La Folie,Tanger,4,44,55,84,57381
2022,7,Hotel & Spa La Folie,Tanger,4,44,97,84,98367
2022,8,Hotel & Spa La Folie,Tanger,4,44,98,84,114762
2022,9,Hotel & Spa La Folie,Tanger,4,44,79,84,81973
2022,10,Hotel & Spa La Folie,Tanger,4,44,65,84,73776
2022,11,Hotel & Spa La Folie,Tanger,4,44,54,84,57381
2022,12,Hotel & Spa La Folie,Tanger,4,44,55,84,57381
2022,1,Riad Laaroussa,Fès,5,28,47,148,53825
2022,2,Riad Laaroussa,Fès,5,28,36,148,44854
2022,3,Riad Laaroussa,Fès,5,28,44,148,62795
2022,4,Riad Laaroussa,Fès,5,28,51,148,71766
2022,5,Riad Laaroussa,Fès,5,28,65,148,71766
2022,6,Riad Laaroussa,Fès,5,28,46,148,62795
2022,7,Riad Laaroussa,Fès,5,28,91,148,107649
2022,8,Riad Laaroussa,Fès,5,28,88,148,125591
2022,9,Riad Laaroussa,Fès,5,28,79,148,89708
2022,10,Riad Laaroussa,Fès,5,28,72,148,80737
2022,11,Riad Laaroussa,Fès,5,28,54,148,62795
2022,12,Riad Laaroussa,Fès,5,28,56,148,62795
2022,1,Palais Amani,Fès,5,21,41,169,44999
2022,2,Palais Amani,Fès,5,21,32,169,37500
2022,3,Palais Amani,Fès,5,21,57,169,52499
2022,4,Palais Amani,Fès,5,21,56,169,59999
2022,5,Palais Amani,Fès,5,21,51,169,59999
2022,6,Palais Amani,Fès,5,21,44,169,52499
2022,7,Palais Amani,Fès,5,21,90,169,89999
2022,8,Palais Amani,Fès,5,21,87,169,104999
2022,9,Palais Amani,Fès,5,21,72,169,74999
2022,10,Palais Amani,Fès,5,21,67,169,67499
2022,11,Palais Amani,Fès,5,21,53,169,52499
2022,12,Palais Amani,Fès,5,21,45,169,52499
2022,1,Sofitel Palais Jamai,Fès,5,136,36,98,151717
2022,2,Sofitel Palais Jamai,Fès,5,136,32,98,126431
2022,3,Sofitel Palais Jamai,Fès,5,136,52,98,177003
2022,4,Sofitel Palais Jamai,Fès,5,136,59,98,202289
2022,5,Sofitel Palais Jamai,Fès,5,136,59,98,202289
2022,6,Sofitel Palais Jamai,Fès,5,136,46,98,177003
2022,7,Sofitel Palais Jamai,Fès,5,136,79,98,303434
2022,8,Sofitel Palais Jamai,Fès,5,136,98,98,354006
2022,9,Sofitel Palais Jamai,Fès,5,136,63,98,252862
2022,10,Sofitel Palais Jamai,Fès,5,136,53,98,227575
2022,11,Sofitel Palais Jamai,Fès,5,136,46,98,177003
2022,12,Sofitel Palais Jamai,Fès,5,136,54,98,177003
2022,1,Riad Fès,Fès,5,32,52,135,67912
2022,2,Riad Fès,Fès,5,32,41,135,56593
2022,3,Riad Fès,Fès,5,32,61,135,79230
2022,4,Riad Fès,Fès,5,32,68,135,90549
2022,5,Riad Fès,Fès,5,32,66,135,90549
2022,6,Riad Fès,Fès,5,32,56,135,79230
2022,7,Riad Fès,Fès,5,32,89,135,135823
2022,8,Riad Fès,Fès,5,32,98,135,158460
2022,9,Riad Fès,Fès,5,32,74,135,113186
2022,10,Riad Fès,Fès,5,32,75,135,101867
2022,11,Riad Fès,Fès,5,32,50,135,79230
2022,12,Riad Fès,Fès,5,32,50,135,79230
2022,1,Sofitel Agadir Royal Bay,Agadir,5,174,41,96,197175
2022,2,Sofitel Agadir Royal Bay,Agadir,5,174,31,96,164312
2022,3,Sofitel Agadir Royal Bay,Agadir,5,174,44,96,230037
2022,4,Sofitel Agadir Royal Bay,Agadir,5,174,59,96,262900
2022,5,Sofitel Agadir Royal Bay,Agadir,5,174,59,96,262900
2022,6,Sofitel Agadir Royal Bay,Agadir,5,174,50,96,230037
2022,7,Sofitel Agadir Royal Bay,Agadir,5,174,87,96,394349
2022,8,Sofitel Agadir Royal Bay,Agadir,5,174,91,96,460074
2022,9,Sofitel Agadir Royal Bay,Agadir,5,174,64,96,328624
2022,10,Sofitel Agadir Royal Bay,Agadir,5,174,67,96,295762
2022,11,Sofitel Agadir Royal Bay,Agadir,5,174,41,96,230037
2022,12,Sofitel Agadir Royal Bay,Agadir,5,174,53,96,230037
2022,1,Riu Palace Tikida,Agadir,5,524,50,80,562587
2022,2,Riu Palace Tikida,Agadir,5,524,37,80,468823
2022,3,Riu Palace Tikida,Agadir,5,524,46,80,656352
2022,4,Riu Palace Tikida,Agadir,5,524,55,80,750117
2022,5,Riu Palace Tikida,Agadir,5,524,56,80,750117
2022,6,Riu Palace Tikida,Agadir,5,524,58,80,656352
2022,7,Riu Palace Tikida,Agadir,5,524,94,80,1125175
2022,8,Riu Palace Tikida,Agadir,5,524,98,80,1312704
2022,9,Riu Palace Tikida,Agadir,5,524,72,80,937646
2022,10,Riu Palace Tikida,Agadir,5,524,71,80,843881
2022,11,Riu Palace Tikida,Agadir,5,524,53,80,656352
2022,12,Riu Palace Tikida,Agadir,5,524,46,80,656352
2022,1,Iberostar Founty,Agadir,5,380,48,67,343905
2022,2,Iberostar Founty,Agadir,5,380,37,67,286588
2022,3,Iberostar Founty,Agadir,5,380,49,67,401223
2022,4,Iberostar Founty,Agadir,5,380,65,67,458540
2022,5,Iberostar Founty,Agadir,5,380,67,67,458540
2022,6,Iberostar Founty,Agadir,5,380,54,67,401223
2022,7,Iberostar Founty,Agadir,5,380,83,67,687810
2022,8,Iberostar Founty,Agadir,5,380,98,67,802445
2022,9,Iberostar Founty,Agadir,5,380,71,67,573175
2022,10,Iberostar Founty,Agadir,5,380,63,67,515858
2022,11,Iberostar Founty,Agadir,5,380,54,67,401223
2022,12,Iberostar Founty,Agadir,5,380,53,67,401223
2022,1,Kasbah Tamadot,Asni,5,28,50,404,177974
2022,2,Kasbah Tamadot,Asni,5,28,44,404,148312
2022,3,Kasbah Tamadot,Asni,5,28,55,404,207636
2022,4,Kasbah Tamadot,Asni,5,28,72,404,237298
2022,5,Kasbah Tamadot,Asni,5,28,67,404,237298
2022,6,Kasbah Tamadot,Asni,5,28,61,404,207636
2022,7,Kasbah Tamadot,Asni,5,28,89,404,355948
2022,8,Kasbah Tamadot,Asni,5,28,98,404,415272
2022,9,Kasbah Tamadot,Asni,5,28,91,404,296623
2022,10,Kasbah Tamadot,Asni,5,28,62,404,266961
2022,11,Kasbah Tamadot,Asni,5,28,61,404,207636
2022,12,Kasbah Tamadot,Asni,5,28,49,404,207636
2022,1,Scarabeo Camp,Agafay,4,14,46,336,73863
2022,2,Scarabeo Camp,Agafay,4,14,39,336,61553
2022,3,Scarabeo Camp,Agafay,4,14,63,336,86174
2022,4,Scarabeo Camp,Agafay,4,14,60,336,98484
2022,5,Scarabeo Camp,Agafay,4,14,57,336,98484
2022,6,Scarabeo Camp,Agafay,4,14,49,336,86174
2022,7,Scarabeo Camp,Agafay,4,14,83,336,147726
2022,8,Scarabeo Camp,Agafay,4,14,98,336,172348
2022,9,Scarabeo Camp,Agafay,4,14,80,336,123105
2022,10,Scarabeo Camp,Agafay,4,14,65,336,110795
2022,11,Scarabeo Camp,Agafay,4,14,55,336,86174
2022,12,Scarabeo Camp,Agafay,4,14,64,336,86174
2022,1,Kam Kam Dunes,Merzouga,3,20,40,143,31044
2022,2,Kam Kam Dunes,Merzouga,3,20,38,143,25870
2022,3,Kam Kam Dunes,Merzouga,3,20,48,143,36218
2022,4,Kam Kam Dunes,Merzouga,3,20,51,143,41392
2022,5,Kam Kam Dunes,Merzouga,3,20,47,143,41392
2022,6,Kam Kam Dunes,Merzouga,3,20,43,143,36218
2022,7,Kam Kam Dunes,Merzouga,3,20,84,143,62088
2022,8,Kam Kam Dunes,Merzouga,3,20,98,143,72437
2022,9,Kam Kam Dunes,Merzouga,3,20,57,143,51740
2022,10,Kam Kam Dunes,Merzouga,3,20,51,143,46566
2022,11,Kam Kam Dunes,Merzouga,3,20,44,143,36218
2022,12,Kam Kam Dunes,Merzouga,3,20,40,143,36218
2022,1,Riad Kniza,Marrakech,5,11,43,300,33344
2022,2,Riad Kniza,Marrakech,5,11,27,300,27787
2022,3,Riad Kniza,Marrakech,5,11,47,300,38901
2022,4,Riad Kniza,Marrakech,5,11,48,300,44459
2022,5,Riad Kniza,Marrakech,5,11,52,300,44459
2022,6,Riad Kniza,Marrakech,5,11,48,300,38901
2022,7,Riad Kniza,Marrakech,5,11,76,300,66688
2022,8,Riad Kniza,Marrakech,5,11,98,300,77803
2022,9,Riad Kniza,Marrakech,5,11,72,300,55573
2022,10,Riad Kniza,Marrakech,5,11,62,300,50016
2022,11,Riad Kniza,Marrakech,5,11,41,300,38901
2022,12,Riad Kniza,Marrakech,5,11,39,300,38901
2022,1,Dar Ahlam,Skoura,5,14,41,404,68368
2022,2,Dar Ahlam,Skoura,5,14,39,404,56973
2022,3,Dar Ahlam,Skoura,5,14,50,404,79762
2022,4,Dar Ahlam,Skoura,5,14,63,404,91157
2022,5,Dar Ahlam,Skoura,5,14,57,404,91157
2022,6,Dar Ahlam,Skoura,5,14,45,404,79762
2022,7,Dar Ahlam,Skoura,5,14,86,404,136735
2022,8,Dar Ahlam,Skoura,5,14,98,404,159525
2022,9,Dar Ahlam,Skoura,5,14,65,404,113946
2022,10,Dar Ahlam,Skoura,5,14,56,404,102552
2022,11,Dar Ahlam,Skoura,5,14,49,404,79762
2022,12,Dar Ahlam,Skoura,5,14,42,404,79762
2023,1,La Mamounia,Marrakech,5,209,44,262,606540
2023,2,La Mamounia,Marrakech,5,209,30,262,505450
2023,3,La Mamounia,Marrakech,5,209,49,262,707630
2023,4,La Mamounia,Marrakech,5,209,59,262,808721
2023,5,La Mamounia,Marrakech,5,209,47,262,808721
2023,6,La Mamounia,Marrakech,5,209,54,262,707630
2023,7,La Mamounia,Marrakech,5,209,93,262,1213081
2023,8,La Mamounia,Marrakech,5,209,84,262,1415261
2023,9,La Mamounia,Marrakech,5,209,62,262,1010901
2023,10,La Mamounia,Marrakech,5,209,61,262,909811
2023,11,La Mamounia,Marrakech,5,209,46,262,707630
2023,12,La Mamounia,Marrakech,5,209,53,262,707630
2023,1,Royal Mansour,Marrakech,5,53,36,361,203800
2023,2,Royal Mansour,Marrakech,5,53,32,361,169833
2023,3,Royal Mansour,Marrakech,5,53,41,361,237766
2023,4,Royal Mansour,Marrakech,5,53,59,361,271733
2023,5,Royal Mansour,Marrakech,5,53,55,361,271733
2023,6,Royal Mansour,Marrakech,5,53,45,361,237766
2023,7,Royal Mansour,Marrakech,5,53,84,361,407599
2023,8,Royal Mansour,Marrakech,5,53,98,361,475532
2023,9,Royal Mansour,Marrakech,5,53,58,361,339666
2023,10,Royal Mansour,Marrakech,5,53,65,361,305699
2023,11,Royal Mansour,Marrakech,5,53,41,361,237766
2023,12,Royal Mansour,Marrakech,5,53,50,361,237766
2023,1,Four Seasons Resort,Marrakech,5,139,51,256,493095
2023,2,Four Seasons Resort,Marrakech,5,139,37,256,410913
2023,3,Four Seasons Resort,Marrakech,5,139,47,256,575278
2023,4,Four Seasons Resort,Marrakech,5,139,59,256,657460
2023,5,Four Seasons Resort,Marrakech,5,139,63,256,657460
2023,6,Four Seasons Resort,Marrakech,5,139,47,256,575278
2023,7,Four Seasons Resort,Marrakech,5,139,92,256,986190
2023,8,Four Seasons Resort,Marrakech,5,139,98,256,1150555
2023,9,Four Seasons Resort,Marrakech,5,139,77,256,821825
2023,10,Four Seasons Resort,Marrakech,5,139,72,256,739643
2023,11,Four Seasons Resort,Marrakech,5,139,53,256,575278
2023,12,Four Seasons Resort,Marrakech,5,139,57,256,575278
2023,1,Amanjena,Marrakech,5,32,45,327,127984
2023,2,Amanjena,Marrakech,5,32,34,327,106654
2023,3,Amanjena,Marrakech,5,32,54,327,149315
2023,4,Amanjena,Marrakech,5,32,55,327,170646
2023,5,Amanjena,Marrakech,5,32,50,327,170646
2023,6,Amanjena,Marrakech,5,32,43,327,149315
2023,7,Amanjena,Marrakech,5,32,84,327,255968
2023,8,Amanjena,Marrakech,5,32,85,327,298630
2023,9,Amanjena,Marrakech,5,32,80,327,213307
2023,10,Amanjena,Marrakech,5,32,68,327,191976
2023,11,Amanjena,Marrakech,5,32,49,327,149315
2023,12,Amanjena,Marrakech,5,32,47,327,149315
2023,1,Sofitel Marrakech,Marrakech,5,303,52,203,962282
2023,2,Sofitel Marrakech,Marrakech,5,303,37,203,801901
2023,3,Sofitel Marrakech,Marrakech,5,303,65,203,1122662
2023,4,Sofitel Marrakech,Marrakech,5,303,62,203,1283042
2023,5,Sofitel Marrakech,Marrakech,5,303,66,203,1283042
2023,6,Sofitel Marrakech,Marrakech,5,303,58,203,1122662
2023,7,Sofitel Marrakech,Marrakech,5,303,98,203,1924563
2023,8,Sofitel Marrakech,Marrakech,5,303,98,203,2245324
2023,9,Sofitel Marrakech,Marrakech,5,303,80,203,1603803
2023,10,Sofitel Marrakech,Marrakech,5,303,72,203,1443422
2023,11,Sofitel Marrakech,Marrakech,5,303,48,203,1122662
2023,12,Sofitel Marrakech,Marrakech,5,303,64,203,1122662
2023,1,Riad Yasmine,Marrakech,4,7,46,76,6908
2023,2,Riad Yasmine,Marrakech,4,7,40,76,5757
2023,3,Riad Yasmine,Marrakech,4,7,44,76,8060
2023,4,Riad Yasmine,Marrakech,4,7,57,76,9211
2023,5,Riad Yasmine,Marrakech,4,7,59,76,9211
2023,6,Riad Yasmine,Marrakech,4,7,45,76,8060
2023,7,Riad Yasmine,Marrakech,4,7,84,76,13817
2023,8,Riad Yasmine,Marrakech,4,7,95,76,16120
2023,9,Riad Yasmine,Marrakech,4,7,70,76,11514
2023,10,Riad Yasmine,Marrakech,4,7,73,76,10363
2023,11,Riad Yasmine,Marrakech,4,7,50,76,8060
2023,12,Riad Yasmine,Marrakech,4,7,49,76,8060
2023,1,Kenzi Tower Hotel,Casablanca,5,240,54,186,706558
2023,2,Kenzi Tower Hotel,Casablanca,5,240,43,186,588798
2023,3,Kenzi Tower Hotel,Casablanca,5,240,52,186,824318
2023,4,Kenzi Tower Hotel,Casablanca,5,240,57,186,942078
2023,5,Kenzi Tower Hotel,Casablanca,5,240,69,186,942078
2023,6,Kenzi Tower Hotel,Casablanca,5,240,64,186,824318
2023,7,Kenzi Tower Hotel,Casablanca,5,240,92,186,1413116
2023,8,Kenzi Tower Hotel,Casablanca,5,240,98,186,1648636
2023,9,Kenzi Tower Hotel,Casablanca,5,240,92,186,1177597
2023,10,Kenzi Tower Hotel,Casablanca,5,240,69,186,1059837
2023,11,Kenzi Tower Hotel,Casablanca,5,240,56,186,824318
2023,12,Kenzi Tower Hotel,Casablanca,5,240,59,186,824318
2023,1,Four Seasons Casablanca,Casablanca,5,186,41,228,538359
2023,2,Four Seasons Casablanca,Casablanca,5,186,41,228,448632
2023,3,Four Seasons Casablanca,Casablanca,5,186,54,228,628085
2023,4,Four Seasons Casablanca,Casablanca,5,186,51,228,717812
2023,5,Four Seasons Casablanca,Casablanca,5,186,49,228,717812
2023,6,Four Seasons Casablanca,Casablanca,5,186,57,228,628085
2023,7,Four Seasons Casablanca,Casablanca,5,186,97,228,1076718
2023,8,Four Seasons Casablanca,Casablanca,5,186,97,228,1256171
2023,9,Four Seasons Casablanca,Casablanca,5,186,70,228,897265
2023,10,Four Seasons Casablanca,Casablanca,5,186,66,228,807538
2023,11,Four Seasons Casablanca,Casablanca,5,186,51,228,628085
2023,12,Four Seasons Casablanca,Casablanca,5,186,47,228,628085
2023,1,Hyatt Regency,Casablanca,5,252,51,172,699784
2023,2,Hyatt Regency,Casablanca,5,252,35,172,583153
2023,3,Hyatt Regency,Casablanca,5,252,65,172,816414
2023,4,Hyatt Regency,Casablanca,5,252,58,172,933045
2023,5,Hyatt Regency,Casablanca,5,252,74,172,933045
2023,6,Hyatt Regency,Casablanca,5,252,56,172,816414
2023,7,Hyatt Regency,Casablanca,5,252,84,172,1399567
2023,8,Hyatt Regency,Casablanca,5,252,98,172,1632828
2023,9,Hyatt Regency,Casablanca,5,252,91,172,1166306
2023,10,Hyatt Regency,Casablanca,5,252,76,172,1049675
2023,11,Hyatt Regency,Casablanca,5,252,65,172,816414
2023,12,Hyatt Regency,Casablanca,5,252,64,172,816414
2023,1,Sofitel Casablanca,Casablanca,5,141,47,143,324727
2023,2,Sofitel Casablanca,Casablanca,5,141,45,143,270606
2023,3,Sofitel Casablanca,Casablanca,5,141,58,143,378848
2023,4,Sofitel Casablanca,Casablanca,5,141,67,143,432969
2023,5,Sofitel Casablanca,Casablanca,5,141,65,143,432969
2023,6,Sofitel Casablanca,Casablanca,5,141,64,143,378848
2023,7,Sofitel Casablanca,Casablanca,5,141,92,143,649454
2023,8,Sofitel Casablanca,Casablanca,5,141,98,143,757696
2023,9,Sofitel Casablanca,Casablanca,5,141,84,143,541211
2023,10,Sofitel Casablanca,Casablanca,5,141,66,143,487090
2023,11,Sofitel Casablanca,Casablanca,5,141,63,143,378848
2023,12,Sofitel Casablanca,Casablanca,5,141,58,143,378848
2023,1,Hilton Tanger City Center,Tanger,5,200,46,130,303112
2023,2,Hilton Tanger City Center,Tanger,5,200,31,130,252593
2023,3,Hilton Tanger City Center,Tanger,5,200,45,130,353630
2023,4,Hilton Tanger City Center,Tanger,5,200,59,130,404149
2023,5,Hilton Tanger City Center,Tanger,5,200,52,130,404149
2023,6,Hilton Tanger City Center,Tanger,5,200,47,130,353630
2023,7,Hilton Tanger City Center,Tanger,5,200,96,130,606223
2023,8,Hilton Tanger City Center,Tanger,5,200,88,130,707261
2023,9,Hilton Tanger City Center,Tanger,5,200,73,130,505186
2023,10,Hilton Tanger City Center,Tanger,5,200,72,130,454668
2023,11,Hilton Tanger City Center,Tanger,5,200,45,130,353630
2023,12,Hilton Tanger City Center,Tanger,5,200,52,130,353630
2023,1,Sofitel Tanger Bay,Tanger,5,103,50,114,147634
2023,2,Sofitel Tanger Bay,Tanger,5,103,36,114,123028
2023,3,Sofitel Tanger Bay,Tanger,5,103,47,114,172239
2023,4,Sofitel Tanger Bay,Tanger,5,103,57,114,196845
2023,5,Sofitel Tanger Bay,Tanger,5,103,60,114,196845
2023,6,Sofitel Tanger Bay,Tanger,5,103,51,114,172239
2023,7,Sofitel Tanger Bay,Tanger,5,103,89,114,295267
2023,8,Sofitel Tanger Bay,Tanger,5,103,98,114,344479
2023,9,Sofitel Tanger Bay,Tanger,5,103,74,114,246056
2023,10,Sofitel Tanger Bay,Tanger,5,103,70,114,221450
2023,11,Sofitel Tanger Bay,Tanger,5,103,48,114,172239
2023,12,Sofitel Tanger Bay,Tanger,5,103,47,114,172239
2023,1,Hotel & Spa La Folie,Tanger,4,44,41,87,53418
2023,2,Hotel & Spa La Folie,Tanger,4,44,35,87,44515
2023,3,Hotel & Spa La Folie,Tanger,4,44,51,87,62321
2023,4,Hotel & Spa La Folie,Tanger,4,44,55,87,71224
2023,5,Hotel & Spa La Folie,Tanger,4,44,56,87,71224
2023,6,Hotel & Spa La Folie,Tanger,4,44,57,87,62321
2023,7,Hotel & Spa La Folie,Tanger,4,44,78,87,106836
2023,8,Hotel & Spa La Folie,Tanger,4,44,98,87,124642
2023,9,Hotel & Spa La Folie,Tanger,4,44,74,87,89030
2023,10,Hotel & Spa La Folie,Tanger,4,44,66,87,80127
2023,11,Hotel & Spa La Folie,Tanger,4,44,46,87,62321
2023,12,Hotel & Spa La Folie,Tanger,4,44,55,87,62321
2023,1,Riad Laaroussa,Fès,5,28,54,170,79157
2023,2,Riad Laaroussa,Fès,5,28,45,170,65964
2023,3,Riad Laaroussa,Fès,5,28,62,170,92349
2023,4,Riad Laaroussa,Fès,5,28,68,170,105542
2023,5,Riad Laaroussa,Fès,5,28,58,170,105542
2023,6,Riad Laaroussa,Fès,5,28,51,170,92349
2023,7,Riad Laaroussa,Fès,5,28,92,170,158313
2023,8,Riad Laaroussa,Fès,5,28,98,170,184699
2023,9,Riad Laaroussa,Fès,5,28,75,170,131928
2023,10,Riad Laaroussa,Fès,5,28,68,170,118735
2023,11,Riad Laaroussa,Fès,5,28,52,170,92349
2023,12,Riad Laaroussa,Fès,5,28,55,170,92349
2023,1,Palais Amani,Fès,5,21,42,157,34967
2023,2,Palais Amani,Fès,5,21,33,157,29139
2023,3,Palais Amani,Fès,5,21,46,157,40795
2023,4,Palais Amani,Fès,5,21,54,157,46623
2023,5,Palais Amani,Fès,5,21,45,157,46623
2023,6,Palais Amani,Fès,5,21,42,157,40795
2023,7,Palais Amani,Fès,5,21,88,157,69934
2023,8,Palais Amani,Fès,5,21,97,157,81590
2023,9,Palais Amani,Fès,5,21,65,157,58278
2023,10,Palais Amani,Fès,5,21,52,157,52451
2023,11,Palais Amani,Fès,5,21,51,157,40795
2023,12,Palais Amani,Fès,5,21,46,157,40795
2023,1,Sofitel Palais Jamai,Fès,5,136,50,114,229917
2023,2,Sofitel Palais Jamai,Fès,5,136,40,114,191598
2023,3,Sofitel Palais Jamai,Fès,5,136,48,114,268237
2023,4,Sofitel Palais Jamai,Fès,5,136,66,114,306556
2023,5,Sofitel Palais Jamai,Fès,5,136,57,114,306556
2023,6,Sofitel Palais Jamai,Fès,5,136,58,114,268237
2023,7,Sofitel Palais Jamai,Fès,5,136,86,114,459834
2023,8,Sofitel Palais Jamai,Fès,5,136,97,114,536473
2023,9,Sofitel Palais Jamai,Fès,5,136,74,114,383195
2023,10,Sofitel Palais Jamai,Fès,5,136,78,114,344876
2023,11,Sofitel Palais Jamai,Fès,5,136,49,114,268237
2023,12,Sofitel Palais Jamai,Fès,5,136,49,114,268237
2023,1,Riad Fès,Fès,5,32,48,132,62673
2023,2,Riad Fès,Fès,5,32,44,132,52227
2023,3,Riad Fès,Fès,5,32,58,132,73118
2023,4,Riad Fès,Fès,5,32,60,132,83564
2023,5,Riad Fès,Fès,5,32,68,132,83564
2023,6,Riad Fès,Fès,5,32,55,132,73118
2023,7,Riad Fès,Fès,5,32,98,132,125346
2023,8,Riad Fès,Fès,5,32,98,132,146237
2023,9,Riad Fès,Fès,5,32,70,132,104455
2023,10,Riad Fès,Fès,5,32,74,132,94009
2023,11,Riad Fès,Fès,5,32,52,132,73118
2023,12,Riad Fès,Fès,5,32,55,132,73118
2023,1,Sofitel Agadir Royal Bay,Agadir,5,174,42,105,253442
2023,2,Sofitel Agadir Royal Bay,Agadir,5,174,33,105,211202
2023,3,Sofitel Agadir Royal Bay,Agadir,5,174,56,105,295682
2023,4,Sofitel Agadir Royal Bay,Agadir,5,174,53,105,337923
2023,5,Sofitel Agadir Royal Bay,Agadir,5,174,55,105,337923
2023,6,Sofitel Agadir Royal Bay,Agadir,5,174,46,105,295682
2023,7,Sofitel Agadir Royal Bay,Agadir,5,174,85,105,506884
2023,8,Sofitel Agadir Royal Bay,Agadir,5,174,98,105,591365
2023,9,Sofitel Agadir Royal Bay,Agadir,5,174,78,105,422403
2023,10,Sofitel Agadir Royal Bay,Agadir,5,174,73,105,380163
2023,11,Sofitel Agadir Royal Bay,Agadir,5,174,55,105,295682
2023,12,Sofitel Agadir Royal Bay,Agadir,5,174,49,105,295682
2023,1,Riu Palace Tikida,Agadir,5,524,38,74,423272
2023,2,Riu Palace Tikida,Agadir,5,524,34,74,352726
2023,3,Riu Palace Tikida,Agadir,5,524,53,74,493817
2023,4,Riu Palace Tikida,Agadir,5,524,51,74,564362
2023,5,Riu Palace Tikida,Agadir,5,524,51,74,564362
2023,6,Riu Palace Tikida,Agadir,5,524,54,74,493817
2023,7,Riu Palace Tikida,Agadir,5,524,73,74,846543
2023,8,Riu Palace Tikida,Agadir,5,524,91,74,987634
2023,9,Riu Palace Tikida,Agadir,5,524,59,74,705453
2023,10,Riu Palace Tikida,Agadir,5,524,63,74,634907
2023,11,Riu Palace Tikida,Agadir,5,524,42,74,493817
2023,12,Riu Palace Tikida,Agadir,5,524,51,74,493817
2023,1,Iberostar Founty,Agadir,5,380,35,60,240063
2023,2,Iberostar Founty,Agadir,5,380,30,60,200052
2023,3,Iberostar Founty,Agadir,5,380,43,60,280073
2023,4,Iberostar Founty,Agadir,5,380,53,60,320084
2023,5,Iberostar Founty,Agadir,5,380,51,60,320084
2023,6,Iberostar Founty,Agadir,5,380,48,60,280073
2023,7,Iberostar Founty,Agadir,5,380,91,60,480126
2023,8,Iberostar Founty,Agadir,5,380,83,60,560147
2023,9,Iberostar Founty,Agadir,5,380,71,60,400105
2023,10,Iberostar Founty,Agadir,5,380,60,60,360094
2023,11,Iberostar Founty,Agadir,5,380,51,60,280073
2023,12,Iberostar Founty,Agadir,5,380,44,60,280073
2023,1,Kasbah Tamadot,Asni,5,28,49,401,170939
2023,2,Kasbah Tamadot,Asni,5,28,38,401,142450
2023,3,Kasbah Tamadot,Asni,5,28,55,401,199429
2023,4,Kasbah Tamadot,Asni,5,28,71,401,227919
2023,5,Kasbah Tamadot,Asni,5,28,70,401,227919
2023,6,Kasbah Tamadot,Asni,5,28,56,401,199429
2023,7,Kasbah Tamadot,Asni,5,28,87,401,341879
2023,8,Kasbah Tamadot,Asni,5,28,98,401,398859
2023,9,Kasbah Tamadot,Asni,5,28,70,401,284899
2023,10,Kasbah Tamadot,Asni,5,28,70,401,256409
2023,11,Kasbah Tamadot,Asni,5,28,56,401,199429
2023,12,Kasbah Tamadot,Asni,5,28,55,401,199429
2023,1,Scarabeo Camp,Agafay,4,14,42,301,51666
2023,2,Scarabeo Camp,Agafay,4,14,40,301,43055
2023,3,Scarabeo Camp,Agafay,4,14,52,301,60277
2023,4,Scarabeo Camp,Agafay,4,14,63,301,68888
2023,5,Scarabeo Camp,Agafay,4,14,62,301,68888
2023,6,Scarabeo Camp,Agafay,4,14,51,301,60277
2023,7,Scarabeo Camp,Agafay,4,14,91,301,103332
2023,8,Scarabeo Camp,Agafay,4,14,93,301,120554
2023,9,Scarabeo Camp,Agafay,4,14,76,301,86110
2023,10,Scarabeo Camp,Agafay,4,14,61,301,77499
2023,11,Scarabeo Camp,Agafay,4,14,52,301,60277
2023,12,Scarabeo Camp,Agafay,4,14,51,301,60277
2023,1,Kam Kam Dunes,Merzouga,3,20,48,181,60476
2023,2,Kam Kam Dunes,Merzouga,3,20,47,181,50397
2023,3,Kam Kam Dunes,Merzouga,3,20,52,181,70556
2023,4,Kam Kam Dunes,Merzouga,3,20,75,181,80635
2023,5,Kam Kam Dunes,Merzouga,3,20,66,181,80635
2023,6,Kam Kam Dunes,Merzouga,3,20,56,181,70556
2023,7,Kam Kam Dunes,Merzouga,3,20,98,181,120952
2023,8,Kam Kam Dunes,Merzouga,3,20,98,181,141111
2023,9,Kam Kam Dunes,Merzouga,3,20,88,181,100794
2023,10,Kam Kam Dunes,Merzouga,3,20,85,181,90714
2023,11,Kam Kam Dunes,Merzouga,3,20,54,181,70556
2023,12,Kam Kam Dunes,Merzouga,3,20,50,181,70556
2023,1,Riad Kniza,Marrakech,5,11,39,334,44680
2023,2,Riad Kniza,Marrakech,5,11,35,334,37233
2023,3,Riad Kniza,Marrakech,5,11,56,334,52126
2023,4,Riad Kniza,Marrakech,5,11,56,334,59573
2023,5,Riad Kniza,Marrakech,5,11,58,334,59573
2023,6,Riad Kniza,Marrakech,5,11,51,334,52126
2023,7,Riad Kniza,Marrakech,5,11,90,334,89360
2023,8,Riad Kniza,Marrakech,5,11,98,334,104253
2023,9,Riad Kniza,Marrakech,5,11,73,334,74466
2023,10,Riad Kniza,Marrakech,5,11,69,334,67020
2023,11,Riad Kniza,Marrakech,5,11,46,334,52126
2023,12,Riad Kniza,Marrakech,5,11,45,334,52126
2023,1,Dar Ahlam,Skoura,5,14,48,480,111608
2023,2,Dar Ahlam,Skoura,5,14,45,480,93007
2023,3,Dar Ahlam,Skoura,5,14,52,480,130210
2023,4,Dar Ahlam,Skoura,5,14,73,480,148811
2023,5,Dar Ahlam,Skoura,5,14,67,480,148811
2023,6,Dar Ahlam,Skoura,5,14,58,480,130210
2023,7,Dar Ahlam,Skoura,5,14,98,480,223217
2023,8,Dar Ahlam,Skoura,5,14,98,480,260420
2023,9,Dar Ahlam,Skoura,5,14,92,480,186014
2023,10,Dar Ahlam,Skoura,5,14,68,480,167413
2023,11,Dar Ahlam,Skoura,5,14,65,480,130210
2023,12,Dar Ahlam,Skoura,5,14,55,480,130210
2024,1,La Mamounia,Marrakech,5,209,41,301,904669
2024,2,La Mamounia,Marrakech,5,209,35,301,753891
2024,3,La Mamounia,Marrakech,5,209,51,301,1055448
2024,4,La Mamounia,Marrakech,5,209,64,301,1206226
2024,5,La Mamounia,Marrakech,5,209,56,301,1206226
2024,6,La Mamounia,Marrakech,5,209,52,301,1055448
2024,7,La Mamounia,Marrakech,5,209,98,301,1809339
2024,8,La Mamounia,Marrakech,5,209,98,301,2110895
2024,9,La Mamounia,Marrakech,5,209,68,301,1507782
2024,10,La Mamounia,Marrakech,5,209,66,301,1357004
2024,11,La Mamounia,Marrakech,5,209,56,301,1055448
2024,12,La Mamounia,Marrakech,5,209,55,301,1055448
2024,1,Royal Mansour,Marrakech,5,53,55,429,336022
2024,2,Royal Mansour,Marrakech,5,53,41,429,280018
2024,3,Royal Mansour,Marrakech,5,53,61,429,392026
2024,4,Royal Mansour,Marrakech,5,53,67,429,448030
2024,5,Royal Mansour,Marrakech,5,53,71,429,448030
2024,6,Royal Mansour,Marrakech,5,53,52,429,392026
2024,7,Royal Mansour,Marrakech,5,53,98,429,672044
2024,8,Royal Mansour,Marrakech,5,53,98,429,784052
2024,9,Royal Mansour,Marrakech,5,53,71,429,560037
2024,10,Royal Mansour,Marrakech,5,53,68,429,504033
2024,11,Royal Mansour,Marrakech,5,53,59,429,392026
2024,12,Royal Mansour,Marrakech,5,53,56,429,392026
2024,1,Four Seasons Resort,Marrakech,5,139,51,281,634270
2024,2,Four Seasons Resort,Marrakech,5,139,43,281,528558
2024,3,Four Seasons Resort,Marrakech,5,139,52,281,739981
2024,4,Four Seasons Resort,Marrakech,5,139,68,281,845693
2024,5,Four Seasons Resort,Marrakech,5,139,75,281,845693
2024,6,Four Seasons Resort,Marrakech,5,139,62,281,739981
2024,7,Four Seasons Resort,Marrakech,5,139,98,281,1268539
2024,8,Four Seasons Resort,Marrakech,5,139,98,281,1479962
2024,9,Four Seasons Resort,Marrakech,5,139,73,281,1057116
2024,10,Four Seasons Resort,Marrakech,5,139,69,281,951404
2024,11,Four Seasons Resort,Marrakech,5,139,64,281,739981
2024,12,Four Seasons Resort,Marrakech,5,139,58,281,739981
2024,1,Amanjena,Marrakech,5,32,41,323,119476
2024,2,Amanjena,Marrakech,5,32,30,323,99563
2024,3,Amanjena,Marrakech,5,32,51,323,139388
2024,4,Amanjena,Marrakech,5,32,55,323,159301
2024,5,Amanjena,Marrakech,5,32,63,323,159301
2024,6,Amanjena,Marrakech,5,32,51,323,139388
2024,7,Amanjena,Marrakech,5,32,78,323,238951
2024,8,Amanjena,Marrakech,5,32,98,323,278777
2024,9,Amanjena,Marrakech,5,32,77,323,199126
2024,10,Amanjena,Marrakech,5,32,65,323,179214
2024,11,Amanjena,Marrakech,5,32,45,323,139388
2024,12,Amanjena,Marrakech,5,32,55,323,139388
2024,1,Sofitel Marrakech,Marrakech,5,303,41,204,947007
2024,2,Sofitel Marrakech,Marrakech,5,303,45,204,789172
2024,3,Sofitel Marrakech,Marrakech,5,303,61,204,1104841
2024,4,Sofitel Marrakech,Marrakech,5,303,73,204,1262676
2024,5,Sofitel Marrakech,Marrakech,5,303,72,204,1262676
2024,6,Sofitel Marrakech,Marrakech,5,303,61,204,1104841
2024,7,Sofitel Marrakech,Marrakech,5,303,98,204,1894013
2024,8,Sofitel Marrakech,Marrakech,5,303,96,204,2209682
2024,9,Sofitel Marrakech,Marrakech,5,303,85,204,1578344
2024,10,Sofitel Marrakech,Marrakech,5,303,83,204,1420510
2024,11,Sofitel Marrakech,Marrakech,5,303,53,204,1104841
2024,12,Sofitel Marrakech,Marrakech,5,303,56,204,1104841
2024,1,Riad Yasmine,Marrakech,4,7,38,72,5826
2024,2,Riad Yasmine,Marrakech,4,7,38,72,4855
2024,3,Riad Yasmine,Marrakech,4,7,54,72,6797
2024,4,Riad Yasmine,Marrakech,4,7,63,72,7768
2024,5,Riad Yasmine,Marrakech,4,7,48,72,7768
2024,6,Riad Yasmine,Marrakech,4,7,49,72,6797
2024,7,Riad Yasmine,Marrakech,4,7,89,72,11653
2024,8,Riad Yasmine,Marrakech,4,7,98,72,13595
2024,9,Riad Yasmine,Marrakech,4,7,65,72,9711
2024,10,Riad Yasmine,Marrakech,4,7,68,72,8740
2024,11,Riad Yasmine,Marrakech,4,7,53,72,6797
2024,12,Riad Yasmine,Marrakech,4,7,42,72,6797
2024,1,Kenzi Tower Hotel,Casablanca,5,240,48,183,655351
2024,2,Kenzi Tower Hotel,Casablanca,5,240,44,183,546126
2024,3,Kenzi Tower Hotel,Casablanca,5,240,58,183,764576
2024,4,Kenzi Tower Hotel,Casablanca,5,240,63,183,873801
2024,5,Kenzi Tower Hotel,Casablanca,5,240,54,183,873801
2024,6,Kenzi Tower Hotel,Casablanca,5,240,63,183,764576
2024,7,Kenzi Tower Hotel,Casablanca,5,240,95,183,1310702
2024,8,Kenzi Tower Hotel,Casablanca,5,240,98,183,1529152
2024,9,Kenzi Tower Hotel,Casablanca,5,240,84,183,1092252
2024,10,Kenzi Tower Hotel,Casablanca,5,240,79,183,983026
2024,11,Kenzi Tower Hotel,Casablanca,5,240,48,183,764576
2024,12,Kenzi Tower Hotel,Casablanca,5,240,55,183,764576
2024,1,Four Seasons Casablanca,Casablanca,5,186,48,252,714722
2024,2,Four Seasons Casablanca,Casablanca,5,186,42,252,595602
2024,3,Four Seasons Casablanca,Casablanca,5,186,57,252,833842
2024,4,Four Seasons Casablanca,Casablanca,5,186,74,252,952963
2024,5,Four Seasons Casablanca,Casablanca,5,186,62,252,952963
2024,6,Four Seasons Casablanca,Casablanca,5,186,61,252,833842
2024,7,Four Seasons Casablanca,Casablanca,5,186,90,252,1429444
2024,8,Four Seasons Casablanca,Casablanca,5,186,98,252,1667685
2024,9,Four Seasons Casablanca,Casablanca,5,186,74,252,1191203
2024,10,Four Seasons Casablanca,Casablanca,5,186,75,252,1072083
2024,11,Four Seasons Casablanca,Casablanca,5,186,61,252,833842
2024,12,Four Seasons Casablanca,Casablanca,5,186,56,252,833842
2024,1,Hyatt Regency,Casablanca,5,252,40,149,444504
2024,2,Hyatt Regency,Casablanca,5,252,34,149,370420
2024,3,Hyatt Regency,Casablanca,5,252,57,149,518589
2024,4,Hyatt Regency,Casablanca,5,252,61,149,592673
2024,5,Hyatt Regency,Casablanca,5,252,54,149,592673
2024,6,Hyatt Regency,Casablanca,5,252,49,149,518589
2024,7,Hyatt Regency,Casablanca,5,252,75,149,889009
2024,8,Hyatt Regency,Casablanca,5,252,98,149,1037177
2024,9,Hyatt Regency,Casablanca,5,252,78,149,740841
2024,10,Hyatt Regency,Casablanca,5,252,64,149,666757
2024,11,Hyatt Regency,Casablanca,5,252,50,149,518589
2024,12,Hyatt Regency,Casablanca,5,252,48,149,518589
2024,1,Sofitel Casablanca,Casablanca,5,141,45,123,199242
2024,2,Sofitel Casablanca,Casablanca,5,141,35,123,166035
2024,3,Sofitel Casablanca,Casablanca,5,141,48,123,232449
2024,4,Sofitel Casablanca,Casablanca,5,141,53,123,265656
2024,5,Sofitel Casablanca,Casablanca,5,141,48,123,265656
2024,6,Sofitel Casablanca,Casablanca,5,141,43,123,232449
2024,7,Sofitel Casablanca,Casablanca,5,141,92,123,398484
2024,8,Sofitel Casablanca,Casablanca,5,141,85,123,464898
2024,9,Sofitel Casablanca,Casablanca,5,141,79,123,332070
2024,10,Sofitel Casablanca,Casablanca,5,141,71,123,298863
2024,11,Sofitel Casablanca,Casablanca,5,141,45,123,232449
2024,12,Sofitel Casablanca,Casablanca,5,141,48,123,232449
2024,1,Hilton Tanger City Center,Tanger,5,200,50,143,389027
2024,2,Hilton Tanger City Center,Tanger,5,200,39,143,324189
2024,3,Hilton Tanger City Center,Tanger,5,200,60,143,453865
2024,4,Hilton Tanger City Center,Tanger,5,200,60,143,518703
2024,5,Hilton Tanger City Center,Tanger,5,200,66,143,518703
2024,6,Hilton Tanger City Center,Tanger,5,200,49,143,453865
2024,7,Hilton Tanger City Center,Tanger,5,200,95,143,778054
2024,8,Hilton Tanger City Center,Tanger,5,200,98,143,907730
2024,9,Hilton Tanger City Center,Tanger,5,200,83,143,648379
2024,10,Hilton Tanger City Center,Tanger,5,200,76,143,583541
2024,11,Hilton Tanger City Center,Tanger,5,200,53,143,453865
2024,12,Hilton Tanger City Center,Tanger,5,200,47,143,453865
2024,1,Sofitel Tanger Bay,Tanger,5,103,38,107,121522
2024,2,Sofitel Tanger Bay,Tanger,5,103,30,107,101268
2024,3,Sofitel Tanger Bay,Tanger,5,103,49,107,141776
2024,4,Sofitel Tanger Bay,Tanger,5,103,63,107,162029
2024,5,Sofitel Tanger Bay,Tanger,5,103,63,107,162029
2024,6,Sofitel Tanger Bay,Tanger,5,103,49,107,141776
2024,7,Sofitel Tanger Bay,Tanger,5,103,73,107,243044
2024,8,Sofitel Tanger Bay,Tanger,5,103,93,107,283551
2024,9,Sofitel Tanger Bay,Tanger,5,103,69,107,202537
2024,10,Sofitel Tanger Bay,Tanger,5,103,60,107,182283
2024,11,Sofitel Tanger Bay,Tanger,5,103,47,107,141776
2024,12,Sofitel Tanger Bay,Tanger,5,103,44,107,141776
2024,1,Hotel & Spa La Folie,Tanger,4,44,54,95,68198
2024,2,Hotel & Spa La Folie,Tanger,4,44,46,95,56831
2024,3,Hotel & Spa La Folie,Tanger,4,44,54,95,79564
2024,4,Hotel & Spa La Folie,Tanger,4,44,75,95,90930
2024,5,Hotel & Spa La Folie,Tanger,4,44,67,95,90930
2024,6,Hotel & Spa La Folie,Tanger,4,44,51,95,79564
2024,7,Hotel & Spa La Folie,Tanger,4,44,91,95,136395
2024,8,Hotel & Spa La Folie,Tanger,4,44,98,95,159128
2024,9,Hotel & Spa La Folie,Tanger,4,44,89,95,113663
2024,10,Hotel & Spa La Folie,Tanger,4,44,85,95,102296
2024,11,Hotel & Spa La Folie,Tanger,4,44,66,95,79564
2024,12,Hotel & Spa La Folie,Tanger,4,44,64,95,79564
2024,1,Riad Laaroussa,Fès,5,28,48,169,75211
2024,2,Riad Laaroussa,Fès,5,28,45,169,62676
2024,3,Riad Laaroussa,Fès,5,28,55,169,87746
2024,4,Riad Laaroussa,Fès,5,28,58,169,100281
2024,5,Riad Laaroussa,Fès,5,28,61,169,100281
2024,6,Riad Laaroussa,Fès,5,28,55,169,87746
2024,7,Riad Laaroussa,Fès,5,28,93,169,150422
2024,8,Riad Laaroussa,Fès,5,28,98,169,175492
2024,9,Riad Laaroussa,Fès,5,28,94,169,125352
2024,10,Riad Laaroussa,Fès,5,28,77,169,112817
2024,11,Riad Laaroussa,Fès,5,28,64,169,87746
2024,12,Riad Laaroussa,Fès,5,28,59,169,87746
2024,1,Palais Amani,Fès,5,21,45,183,54068
2024,2,Palais Amani,Fès,5,21,37,183,45057
2024,3,Palais Amani,Fès,5,21,46,183,63079
2024,4,Palais Amani,Fès,5,21,56,183,72091
2024,5,Palais Amani,Fès,5,21,70,183,72091
2024,6,Palais Amani,Fès,5,21,57,183,63079
2024,7,Palais Amani,Fès,5,21,96,183,108136
2024,8,Palais Amani,Fès,5,21,98,183,126159
2024,9,Palais Amani,Fès,5,21,86,183,90113
2024,10,Palais Amani,Fès,5,21,74,183,81102
2024,11,Palais Amani,Fès,5,21,60,183,63079
2024,12,Palais Amani,Fès,5,21,51,183,63079
2024,1,Sofitel Palais Jamai,Fès,5,136,50,124,289409
2024,2,Sofitel Palais Jamai,Fès,5,136,43,124,241174
2024,3,Sofitel Palais Jamai,Fès,5,136,65,124,337643
2024,4,Sofitel Palais Jamai,Fès,5,136,61,124,385878
2024,5,Sofitel Palais Jamai,Fès,5,136,75,124,385878
2024,6,Sofitel Palais Jamai,Fès,5,136,66,124,337643
2024,7,Sofitel Palais Jamai,Fès,5,136,98,124,578817
2024,8,Sofitel Palais Jamai,Fès,5,136,98,124,675287
2024,9,Sofitel Palais Jamai,Fès,5,136,96,124,482348
2024,10,Sofitel Palais Jamai,Fès,5,136,88,124,434113
2024,11,Sofitel Palais Jamai,Fès,5,136,51,124,337643
2024,12,Sofitel Palais Jamai,Fès,5,136,63,124,337643
2024,1,Riad Fès,Fès,5,32,48,130,57888
2024,2,Riad Fès,Fès,5,32,43,130,48240
2024,3,Riad Fès,Fès,5,32,56,130,67536
2024,4,Riad Fès,Fès,5,32,64,130,77184
2024,5,Riad Fès,Fès,5,32,54,130,77184
2024,6,Riad Fès,Fès,5,32,61,130,67536
2024,7,Riad Fès,Fès,5,32,82,130,115776
2024,8,Riad Fès,Fès,5,32,98,130,135072
2024,9,Riad Fès,Fès,5,32,75,130,96480
2024,10,Riad Fès,Fès,5,32,62,130,86832
2024,11,Riad Fès,Fès,5,32,47,130,67536
2024,12,Riad Fès,Fès,5,32,50,130,67536
2024,1,Sofitel Agadir Royal Bay,Agadir,5,174,49,103,234867
2024,2,Sofitel Agadir Royal Bay,Agadir,5,174,37,103,195723
2024,3,Sofitel Agadir Royal Bay,Agadir,5,174,53,103,274012
2024,4,Sofitel Agadir Royal Bay,Agadir,5,174,52,103,313157
2024,5,Sofitel Agadir Royal Bay,Agadir,5,174,60,103,313157
2024,6,Sofitel Agadir Royal Bay,Agadir,5,174,59,103,274012
2024,7,Sofitel Agadir Royal Bay,Agadir,5,174,81,103,469735
2024,8,Sofitel Agadir Royal Bay,Agadir,5,174,98,103,548024
2024,9,Sofitel Agadir Royal Bay,Agadir,5,174,82,103,391446
2024,10,Sofitel Agadir Royal Bay,Agadir,5,174,61,103,352301
2024,11,Sofitel Agadir Royal Bay,Agadir,5,174,46,103,274012
2024,12,Sofitel Agadir Royal Bay,Agadir,5,174,45,103,274012
2024,1,Riu Palace Tikida,Agadir,5,524,45,83,602664
2024,2,Riu Palace Tikida,Agadir,5,524,41,83,502220
2024,3,Riu Palace Tikida,Agadir,5,524,57,83,703107
2024,4,Riu Palace Tikida,Agadir,5,524,60,83,803551
2024,5,Riu Palace Tikida,Agadir,5,524,55,83,803551
2024,6,Riu Palace Tikida,Agadir,5,524,52,83,703107
2024,7,Riu Palace Tikida,Agadir,5,524,95,83,1205327
2024,8,Riu Palace Tikida,Agadir,5,524,98,83,1406215
2024,9,Riu Palace Tikida,Agadir,5,524,71,83,1004439
2024,10,Riu Palace Tikida,Agadir,5,524,68,83,903995
2024,11,Riu Palace Tikida,Agadir,5,524,50,83,703107
2024,12,Riu Palace Tikida,Agadir,5,524,46,83,703107
2024,1,Iberostar Founty,Agadir,5,380,44,68,349208
2024,2,Iberostar Founty,Agadir,5,380,43,68,291007
2024,3,Iberostar Founty,Agadir,5,380,49,68,407410
2024,4,Iberostar Founty,Agadir,5,380,60,68,465611
2024,5,Iberostar Founty,Agadir,5,380,68,68,465611
2024,6,Iberostar Founty,Agadir,5,380,49,68,407410
2024,7,Iberostar Founty,Agadir,5,380,96,68,698417
2024,8,Iberostar Founty,Agadir,5,380,98,68,814819
2024,9,Iberostar Founty,Agadir,5,380,85,68,582014
2024,10,Iberostar Founty,Agadir,5,380,65,68,523812
2024,11,Iberostar Founty,Agadir,5,380,47,68,407410
2024,12,Iberostar Founty,Agadir,5,380,53,68,407410
2024,1,Kasbah Tamadot,Asni,5,28,46,421,191053
2024,2,Kasbah Tamadot,Asni,5,28,42,421,159211
2024,3,Kasbah Tamadot,Asni,5,28,54,421,222896
2024,4,Kasbah Tamadot,Asni,5,28,66,421,254738
2024,5,Kasbah Tamadot,Asni,5,28,60,421,254738
2024,6,Kasbah Tamadot,Asni,5,28,60,421,222896
2024,7,Kasbah Tamadot,Asni,5,28,98,421,382107
2024,8,Kasbah Tamadot,Asni,5,28,98,421,445791
2024,9,Kasbah Tamadot,Asni,5,28,93,421,318422
2024,10,Kasbah Tamadot,Asni,5,28,85,421,286580
2024,11,Kasbah Tamadot,Asni,5,28,65,421,222896
2024,12,Kasbah Tamadot,Asni,5,28,66,421,222896
2024,1,Scarabeo Camp,Agafay,4,14,49,307,53131
2024,2,Scarabeo Camp,Agafay,4,14,39,307,44276
2024,3,Scarabeo Camp,Agafay,4,14,56,307,61986
2024,4,Scarabeo Camp,Agafay,4,14,64,307,70842
2024,5,Scarabeo Camp,Agafay,4,14,54,307,70842
2024,6,Scarabeo Camp,Agafay,4,14,49,307,61986
2024,7,Scarabeo Camp,Agafay,4,14,84,307,106262
2024,8,Scarabeo Camp,Agafay,4,14,98,307,123973
2024,9,Scarabeo Camp,Agafay,4,14,62,307,88552
2024,10,Scarabeo Camp,Agafay,4,14,63,307,79697
2024,11,Scarabeo Camp,Agafay,4,14,45,307,61986
2024,12,Scarabeo Camp,Agafay,4,14,52,307,61986
2024,1,Kam Kam Dunes,Merzouga,3,20,43,161,42129
2024,2,Kam Kam Dunes,Merzouga,3,20,39,161,35107
2024,3,Kam Kam Dunes,Merzouga,3,20,44,161,49150
2024,4,Kam Kam Dunes,Merzouga,3,20,66,161,56172
2024,5,Kam Kam Dunes,Merzouga,3,20,63,161,56172
2024,6,Kam Kam Dunes,Merzouga,3,20,47,161,49150
2024,7,Kam Kam Dunes,Merzouga,3,20,90,161,84258
2024,8,Kam Kam Dunes,Merzouga,3,20,98,161,98301
2024,9,Kam Kam Dunes,Merzouga,3,20,69,161,70215
2024,10,Kam Kam Dunes,Merzouga,3,20,66,161,63193
2024,11,Kam Kam Dunes,Merzouga,3,20,54,161,49150
2024,12,Kam Kam Dunes,Merzouga,3,20,56,161,49150
2024,1,Riad Kniza,Marrakech,5,11,46,385,66722
2024,2,Riad Kniza,Marrakech,5,11,43,385,55602
2024,3,Riad Kniza,Marrakech,5,11,53,385,77843
2024,4,Riad Kniza,Marrakech,5,11,70,385,88963
2024,5,Riad Kniza,Marrakech,5,11,60,385,88963
2024,6,Riad Kniza,Marrakech,5,11,60,385,77843
2024,7,Riad Kniza,Marrakech,5,11,83,385,133444
2024,8,Riad Kniza,Marrakech,5,11,98,385,155685
2024,9,Riad Kniza,Marrakech,5,11,89,385,111204
2024,10,Riad Kniza,Marrakech,5,11,83,385,100083
2024,11,Riad Kniza,Marrakech,5,11,58,385,77843
2024,12,Riad Kniza,Marrakech,5,11,51,385,77843
2024,1,Dar Ahlam,Skoura,5,14,43,428,76558
2024,2,Dar Ahlam,Skoura,5,14,39,428,63798
2024,3,Dar Ahlam,Skoura,5,14,54,428,89318
2024,4,Dar Ahlam,Skoura,5,14,64,428,102077
2024,5,Dar Ahlam,Skoura,5,14,57,428,102077
2024,6,Dar Ahlam,Skoura,5,14,52,428,89318
2024,7,Dar Ahlam,Skoura,5,14,79,428,153116
2024,8,Dar Ahlam,Skoura,5,14,98,428,178635
2024,9,Dar Ahlam,Skoura,5,14,79,428,127597
2024,10,Dar Ahlam,Skoura,5,14,62,428,114837
2024,11,Dar Ahlam,Skoura,5,14,54,428,89318
2024,12,Dar Ahlam,Skoura,5,14,48,428,89318
2025,1,La Mamounia,Marrakech,5,209,42,275,666873
2025,2,La Mamounia,Marrakech,5,209,41,275,555728
2025,3,La Mamounia,Marrakech,5,209,43,275,778019
2025,4,La Mamounia,Marrakech,5,209,64,275,889164
2025,5,La Mamounia,Marrakech,5,209,57,275,889164
2025,6,La Mamounia,Marrakech,5,209,44,275,778019
2025,7,La Mamounia,Marrakech,5,209,75,275,1333747
2025,8,La Mamounia,Marrakech,5,209,89,275,1556038
2025,9,La Mamounia,Marrakech,5,209,73,275,1111455
2025,10,La Mamounia,Marrakech,5,209,57,275,1000310
2025,11,La Mamounia,Marrakech,5,209,50,275,778019
2025,12,La Mamounia,Marrakech,5,209,54,275,778019
2025,1,Royal Mansour,Marrakech,5,53,40,384,235195
2025,2,Royal Mansour,Marrakech,5,53,38,384,195996
2025,3,Royal Mansour,Marrakech,5,53,44,384,274394
2025,4,Royal Mansour,Marrakech,5,53,49,384,313593
2025,5,Royal Mansour,Marrakech,5,53,48,384,313593
2025,6,Royal Mansour,Marrakech,5,53,51,384,274394
2025,7,Royal Mansour,Marrakech,5,53,93,384,470390
2025,8,Royal Mansour,Marrakech,5,53,98,384,548788
2025,9,Royal Mansour,Marrakech,5,53,69,384,391991
2025,10,Royal Mansour,Marrakech,5,53,60,384,352792
2025,11,Royal Mansour,Marrakech,5,53,52,384,274394
2025,12,Royal Mansour,Marrakech,5,53,44,384,274394
2025,1,Four Seasons Resort,Marrakech,5,139,52,283,637320
2025,2,Four Seasons Resort,Marrakech,5,139,43,283,531100
2025,3,Four Seasons Resort,Marrakech,5,139,52,283,743540
2025,4,Four Seasons Resort,Marrakech,5,139,58,283,849761
2025,5,Four Seasons Resort,Marrakech,5,139,68,283,849761
2025,6,Four Seasons Resort,Marrakech,5,139,63,283,743540
2025,7,Four Seasons Resort,Marrakech,5,139,98,283,1274641
2025,8,Four Seasons Resort,Marrakech,5,139,98,283,1487081
2025,9,Four Seasons Resort,Marrakech,5,139,73,283,1062201
2025,10,Four Seasons Resort,Marrakech,5,139,79,283,955981
2025,11,Four Seasons Resort,Marrakech,5,139,58,283,743540
2025,12,Four Seasons Resort,Marrakech,5,139,68,283,743540
2025,1,Amanjena,Marrakech,5,32,44,338,134028
2025,2,Amanjena,Marrakech,5,32,32,338,111690
2025,3,Amanjena,Marrakech,5,32,44,338,156366
2025,4,Amanjena,Marrakech,5,32,51,338,178705
2025,5,Amanjena,Marrakech,5,32,59,338,178705
2025,6,Amanjena,Marrakech,5,32,44,338,156366
2025,7,Amanjena,Marrakech,5,32,87,338,268057
2025,8,Amanjena,Marrakech,5,32,98,338,312733
2025,9,Amanjena,Marrakech,5,32,63,338,223381
2025,10,Amanjena,Marrakech,5,32,68,338,201043
2025,11,Amanjena,Marrakech,5,32,56,338,156366
2025,12,Amanjena,Marrakech,5,32,59,338,156366
2025,1,Sofitel Marrakech,Marrakech,5,303,44,178,605330
2025,2,Sofitel Marrakech,Marrakech,5,303,38,178,504442
2025,3,Sofitel Marrakech,Marrakech,5,303,44,178,706218
2025,4,Sofitel Marrakech,Marrakech,5,303,61,178,807107
2025,5,Sofitel Marrakech,Marrakech,5,303,61,178,807107
2025,6,Sofitel Marrakech,Marrakech,5,303,49,178,706218
2025,7,Sofitel Marrakech,Marrakech,5,303,88,178,1210660
2025,8,Sofitel Marrakech,Marrakech,5,303,98,178,1412437
2025,9,Sofitel Marrakech,Marrakech,5,303,72,178,1008883
2025,10,Sofitel Marrakech,Marrakech,5,303,60,178,907995
2025,11,Sofitel Marrakech,Marrakech,5,303,46,178,706218
2025,12,Sofitel Marrakech,Marrakech,5,303,44,178,706218
2025,1,Riad Yasmine,Marrakech,4,7,49,79,7559
2025,2,Riad Yasmine,Marrakech,4,7,40,79,6299
2025,3,Riad Yasmine,Marrakech,4,7,47,79,8819
2025,4,Riad Yasmine,Marrakech,4,7,64,79,10079
2025,5,Riad Yasmine,Marrakech,4,7,62,79,10079
2025,6,Riad Yasmine,Marrakech,4,7,48,79,8819
2025,7,Riad Yasmine,Marrakech,4,7,87,79,15118
2025,8,Riad Yasmine,Marrakech,4,7,98,79,17637
2025,9,Riad Yasmine,Marrakech,4,7,88,79,12598
2025,10,Riad Yasmine,Marrakech,4,7,69,79,11338
2025,11,Riad Yasmine,Marrakech,4,7,50,79,8819
2025,12,Riad Yasmine,Marrakech,4,7,49,79,8819
2025,1,Kenzi Tower Hotel,Casablanca,5,240,53,194,762075
2025,2,Kenzi Tower Hotel,Casablanca,5,240,47,194,635063
2025,3,Kenzi Tower Hotel,Casablanca,5,240,64,194,889088
2025,4,Kenzi Tower Hotel,Casablanca,5,240,71,194,1016100
2025,5,Kenzi Tower Hotel,Casablanca,5,240,57,194,1016100
2025,6,Kenzi Tower Hotel,Casablanca,5,240,62,194,889088
2025,7,Kenzi Tower Hotel,Casablanca,5,240,98,194,1524150
2025,8,Kenzi Tower Hotel,Casablanca,5,240,98,194,1778175
2025,9,Kenzi Tower Hotel,Casablanca,5,240,85,194,1270125
2025,10,Kenzi Tower Hotel,Casablanca,5,240,72,194,1143113
2025,11,Kenzi Tower Hotel,Casablanca,5,240,64,194,889088
2025,12,Kenzi Tower Hotel,Casablanca,5,240,60,194,889088
2025,1,Four Seasons Casablanca,Casablanca,5,186,47,254,708099
2025,2,Four Seasons Casablanca,Casablanca,5,186,39,254,590083
2025,3,Four Seasons Casablanca,Casablanca,5,186,51,254,826116
2025,4,Four Seasons Casablanca,Casablanca,5,186,62,254,944132
2025,5,Four Seasons Casablanca,Casablanca,5,186,64,254,944132
2025,6,Four Seasons Casablanca,Casablanca,5,186,62,254,826116
2025,7,Four Seasons Casablanca,Casablanca,5,186,95,254,1416199
2025,8,Four Seasons Casablanca,Casablanca,5,186,98,254,1652232
2025,9,Four Seasons Casablanca,Casablanca,5,186,73,254,1180165
2025,10,Four Seasons Casablanca,Casablanca,5,186,76,254,1062149
2025,11,Four Seasons Casablanca,Casablanca,5,186,64,254,826116
2025,12,Four Seasons Casablanca,Casablanca,5,186,49,254,826116
2025,1,Hyatt Regency,Casablanca,5,252,46,165,580927
2025,2,Hyatt Regency,Casablanca,5,252,35,165,484105
2025,3,Hyatt Regency,Casablanca,5,252,47,165,677748
2025,4,Hyatt Regency,Casablanca,5,252,55,165,774569
2025,5,Hyatt Regency,Casablanca,5,252,63,165,774569
2025,6,Hyatt Regency,Casablanca,5,252,60,165,677748
2025,7,Hyatt Regency,Casablanca,5,252,91,165,1161853
2025,8,Hyatt Regency,Casablanca,5,252,98,165,1355495
2025,9,Hyatt Regency,Casablanca,5,252,86,165,968211
2025,10,Hyatt Regency,Casablanca,5,252,60,165,871390
2025,11,Hyatt Regency,Casablanca,5,252,61,165,677748
2025,12,Hyatt Regency,Casablanca,5,252,61,165,677748
2025,1,Sofitel Casablanca,Casablanca,5,141,47,138,279877
2025,2,Sofitel Casablanca,Casablanca,5,141,36,138,233231
2025,3,Sofitel Casablanca,Casablanca,5,141,57,138,326523
2025,4,Sofitel Casablanca,Casablanca,5,141,61,138,373169
2025,5,Sofitel Casablanca,Casablanca,5,141,56,138,373169
2025,6,Sofitel Casablanca,Casablanca,5,141,48,138,326523
2025,7,Sofitel Casablanca,Casablanca,5,141,87,138,559754
2025,8,Sofitel Casablanca,Casablanca,5,141,98,138,653047
2025,9,Sofitel Casablanca,Casablanca,5,141,67,138,466462
2025,10,Sofitel Casablanca,Casablanca,5,141,76,138,419816
2025,11,Sofitel Casablanca,Casablanca,5,141,53,138,326523
2025,12,Sofitel Casablanca,Casablanca,5,141,50,138,326523
2025,1,Hilton Tanger City Center,Tanger,5,200,54,161,541241
2025,2,Hilton Tanger City Center,Tanger,5,200,38,161,451034
2025,3,Hilton Tanger City Center,Tanger,5,200,64,161,631447
2025,4,Hilton Tanger City Center,Tanger,5,200,61,161,721654
2025,5,Hilton Tanger City Center,Tanger,5,200,78,161,721654
2025,6,Hilton Tanger City Center,Tanger,5,200,66,161,631447
2025,7,Hilton Tanger City Center,Tanger,5,200,90,161,1082481
2025,8,Hilton Tanger City Center,Tanger,5,200,98,161,1262895
2025,9,Hilton Tanger City Center,Tanger,5,200,82,161,902068
2025,10,Hilton Tanger City Center,Tanger,5,200,67,161,811861
2025,11,Hilton Tanger City Center,Tanger,5,200,53,161,631447
2025,12,Hilton Tanger City Center,Tanger,5,200,60,161,631447
2025,1,Sofitel Tanger Bay,Tanger,5,103,43,111,130702
2025,2,Sofitel Tanger Bay,Tanger,5,103,40,111,108918
2025,3,Sofitel Tanger Bay,Tanger,5,103,51,111,152486
2025,4,Sofitel Tanger Bay,Tanger,5,103,50,111,174270
2025,5,Sofitel Tanger Bay,Tanger,5,103,49,111,174270
2025,6,Sofitel Tanger Bay,Tanger,5,103,54,111,152486
2025,7,Sofitel Tanger Bay,Tanger,5,103,94,111,261404
2025,8,Sofitel Tanger Bay,Tanger,5,103,98,111,304972
2025,9,Sofitel Tanger Bay,Tanger,5,103,76,111,217837
2025,10,Sofitel Tanger Bay,Tanger,5,103,56,111,196053
2025,11,Sofitel Tanger Bay,Tanger,5,103,48,111,152486
2025,12,Sofitel Tanger Bay,Tanger,5,103,53,111,152486
2025,1,Hotel & Spa La Folie,Tanger,4,44,43,97,70039
2025,2,Hotel & Spa La Folie,Tanger,4,44,41,97,58366
2025,3,Hotel & Spa La Folie,Tanger,4,44,52,97,81712
2025,4,Hotel & Spa La Folie,Tanger,4,44,67,97,93385
2025,5,Hotel & Spa La Folie,Tanger,4,44,60,97,93385
2025,6,Hotel & Spa La Folie,Tanger,4,44,57,97,81712
2025,7,Hotel & Spa La Folie,Tanger,4,44,98,97,140078
2025,8,Hotel & Spa La Folie,Tanger,4,44,98,97,163424
2025,9,Hotel & Spa La Folie,Tanger,4,44,84,97,116731
2025,10,Hotel & Spa La Folie,Tanger,4,44,85,97,105058
2025,11,Hotel & Spa La Folie,Tanger,4,44,55,97,81712
2025,12,Hotel & Spa La Folie,Tanger,4,44,65,97,81712
2025,1,Riad Laaroussa,Fès,5,28,41,156,57756
2025,2,Riad Laaroussa,Fès,5,28,33,156,48130
2025,3,Riad Laaroussa,Fès,5,28,48,156,67382
2025,4,Riad Laaroussa,Fès,5,28,54,156,77008
2025,5,Riad Laaroussa,Fès,5,28,58,156,77008
2025,6,Riad Laaroussa,Fès,5,28,47,156,67382
2025,7,Riad Laaroussa,Fès,5,28,91,156,115512
2025,8,Riad Laaroussa,Fès,5,28,98,156,134765
2025,9,Riad Laaroussa,Fès,5,28,80,156,96260
2025,10,Riad Laaroussa,Fès,5,28,74,156,86634
2025,11,Riad Laaroussa,Fès,5,28,49,156,67382
2025,12,Riad Laaroussa,Fès,5,28,59,156,67382
2025,1,Palais Amani,Fès,5,21,58,205,74805
2025,2,Palais Amani,Fès,5,21,42,205,62337
2025,3,Palais Amani,Fès,5,21,60,205,87272
2025,4,Palais Amani,Fès,5,21,64,205,99740
2025,5,Palais Amani,Fès,5,21,70,205,99740
2025,6,Palais Amani,Fès,5,21,55,205,87272
2025,7,Palais Amani,Fès,5,21,98,205,149609
2025,8,Palais Amani,Fès,5,21,98,205,174544
2025,9,Palais Amani,Fès,5,21,77,205,124674
2025,10,Palais Amani,Fès,5,21,68,205,112207
2025,11,Palais Amani,Fès,5,21,62,205,87272
2025,12,Palais Amani,Fès,5,21,60,205,87272
2025,1,Sofitel Palais Jamai,Fès,5,136,50,116,230954
2025,2,Sofitel Palais Jamai,Fès,5,136,35,116,192462
2025,3,Sofitel Palais Jamai,Fès,5,136,50,116,269446
2025,4,Sofitel Palais Jamai,Fès,5,136,66,116,307939
2025,5,Sofitel Palais Jamai,Fès,5,136,61,116,307939
2025,6,Sofitel Palais Jamai,Fès,5,136,57,116,269446
2025,7,Sofitel Palais Jamai,Fès,5,136,98,116,461908
2025,8,Sofitel Palais Jamai,Fès,5,136,98,116,538893
2025,9,Sofitel Palais Jamai,Fès,5,136,80,116,384923
2025,10,Sofitel Palais Jamai,Fès,5,136,78,116,346431
2025,11,Sofitel Palais Jamai,Fès,5,136,61,116,269446
2025,12,Sofitel Palais Jamai,Fès,5,136,54,116,269446
2025,1,Riad Fès,Fès,5,32,43,117,41781
2025,2,Riad Fès,Fès,5,32,32,117,34818
2025,3,Riad Fès,Fès,5,32,46,117,48745
2025,4,Riad Fès,Fès,5,32,60,117,55708
2025,5,Riad Fès,Fès,5,32,63,117,55708
2025,6,Riad Fès,Fès,5,32,48,117,48745
2025,7,Riad Fès,Fès,5,32,90,117,83562
2025,8,Riad Fès,Fès,5,32,83,117,97489
2025,9,Riad Fès,Fès,5,32,78,117,69635
2025,10,Riad Fès,Fès,5,32,61,117,62672
2025,11,Riad Fès,Fès,5,32,55,117,48745
2025,12,Riad Fès,Fès,5,32,42,117,48745
2025,1,Sofitel Agadir Royal Bay,Agadir,5,174,55,115,314232
2025,2,Sofitel Agadir Royal Bay,Agadir,5,174,45,115,261860
2025,3,Sofitel Agadir Royal Bay,Agadir,5,174,62,115,366604
2025,4,Sofitel Agadir Royal Bay,Agadir,5,174,63,115,418976
2025,5,Sofitel Agadir Royal Bay,Agadir,5,174,69,115,418976
2025,6,Sofitel Agadir Royal Bay,Agadir,5,174,59,115,366604
2025,7,Sofitel Agadir Royal Bay,Agadir,5,174,94,115,628464
2025,8,Sofitel Agadir Royal Bay,Agadir,5,174,98,115,733209
2025,9,Sofitel Agadir Royal Bay,Agadir,5,174,80,115,523720
2025,10,Sofitel Agadir Royal Bay,Agadir,5,174,73,115,471348
2025,11,Sofitel Agadir Royal Bay,Agadir,5,174,65,115,366604
2025,12,Sofitel Agadir Royal Bay,Agadir,5,174,53,115,366604
2025,1,Riu Palace Tikida,Agadir,5,524,48,81,539748
2025,2,Riu Palace Tikida,Agadir,5,524,41,81,449790
2025,3,Riu Palace Tikida,Agadir,5,524,45,81,629706
2025,4,Riu Palace Tikida,Agadir,5,524,64,81,719664
2025,5,Riu Palace Tikida,Agadir,5,524,58,81,719664
2025,6,Riu Palace Tikida,Agadir,5,524,45,81,629706
2025,7,Riu Palace Tikida,Agadir,5,524,94,81,1079496
2025,8,Riu Palace Tikida,Agadir,5,524,98,81,1259413
2025,9,Riu Palace Tikida,Agadir,5,524,68,81,899580
2025,10,Riu Palace Tikida,Agadir,5,524,64,81,809622
2025,11,Riu Palace Tikida,Agadir,5,524,45,81,629706
2025,12,Riu Palace Tikida,Agadir,5,524,47,81,629706
2025,1,Iberostar Founty,Agadir,5,380,42,73,414624
2025,2,Iberostar Founty,Agadir,5,380,40,73,345520
2025,3,Iberostar Founty,Agadir,5,380,49,73,483728
2025,4,Iberostar Founty,Agadir,5,380,69,73,552831
2025,5,Iberostar Founty,Agadir,5,380,65,73,552831
2025,6,Iberostar Founty,Agadir,5,380,64,73,483728
2025,7,Iberostar Founty,Agadir,5,380,87,73,829247
2025,8,Iberostar Founty,Agadir,5,380,98,73,967455
2025,9,Iberostar Founty,Agadir,5,380,72,73,691039
2025,10,Iberostar Founty,Agadir,5,380,73,73,621935
2025,11,Iberostar Founty,Agadir,5,380,54,73,483728
2025,12,Iberostar Founty,Agadir,5,380,61,73,483728
2025,1,Kasbah Tamadot,Asni,5,28,54,417,180483
2025,2,Kasbah Tamadot,Asni,5,28,41,417,150403
2025,3,Kasbah Tamadot,Asni,5,28,56,417,210564
2025,4,Kasbah Tamadot,Asni,5,28,67,417,240645
2025,5,Kasbah Tamadot,Asni,5,28,56,417,240645
2025,6,Kasbah Tamadot,Asni,5,28,57,417,210564
2025,7,Kasbah Tamadot,Asni,5,28,98,417,360967
2025,8,Kasbah Tamadot,Asni,5,28,98,417,421128
2025,9,Kasbah Tamadot,Asni,5,28,88,417,300806
2025,10,Kasbah Tamadot,Asni,5,28,64,417,270725
2025,11,Kasbah Tamadot,Asni,5,28,63,417,210564
2025,12,Kasbah Tamadot,Asni,5,28,63,417,210564
2025,1,Scarabeo Camp,Agafay,4,14,48,365,87930
2025,2,Scarabeo Camp,Agafay,4,14,40,365,73275
2025,3,Scarabeo Camp,Agafay,4,14,63,365,102585
2025,4,Scarabeo Camp,Agafay,4,14,74,365,117240
2025,5,Scarabeo Camp,Agafay,4,14,78,365,117240
2025,6,Scarabeo Camp,Agafay,4,14,53,365,102585
2025,7,Scarabeo Camp,Agafay,4,14,98,365,175861
2025,8,Scarabeo Camp,Agafay,4,14,98,365,205171
2025,9,Scarabeo Camp,Agafay,4,14,80,365,146550
2025,10,Scarabeo Camp,Agafay,4,14,75,365,131895
2025,11,Scarabeo Camp,Agafay,4,14,55,365,102585
2025,12,Scarabeo Camp,Agafay,4,14,69,365,102585
2025,1,Kam Kam Dunes,Merzouga,3,20,45,165,43663
2025,2,Kam Kam Dunes,Merzouga,3,20,38,165,36386
2025,3,Kam Kam Dunes,Merzouga,3,20,52,165,50941
2025,4,Kam Kam Dunes,Merzouga,3,20,52,165,58218
2025,5,Kam Kam Dunes,Merzouga,3,20,67,165,58218
2025,6,Kam Kam Dunes,Merzouga,3,20,53,165,50941
2025,7,Kam Kam Dunes,Merzouga,3,20,98,165,87327
2025,8,Kam Kam Dunes,Merzouga,3,20,92,165,101881
2025,9,Kam Kam Dunes,Merzouga,3,20,86,165,72772
2025,10,Kam Kam Dunes,Merzouga,3,20,76,165,65495
2025,11,Kam Kam Dunes,Merzouga,3,20,49,165,50941
2025,12,Kam Kam Dunes,Merzouga,3,20,50,165,50941
2025,1,Riad Kniza,Marrakech,5,11,44,396,70751
2025,2,Riad Kniza,Marrakech,5,11,37,396,58960
2025,3,Riad Kniza,Marrakech,5,11,55,396,82543
2025,4,Riad Kniza,Marrakech,5,11,73,396,94335
2025,5,Riad Kniza,Marrakech,5,11,59,396,94335
2025,6,Riad Kniza,Marrakech,5,11,67,396,82543
2025,7,Riad Kniza,Marrakech,5,11,98,396,141503
2025,8,Riad Kniza,Marrakech,5,11,98,396,165087
2025,9,Riad Kniza,Marrakech,5,11,92,396,117919
2025,10,Riad Kniza,Marrakech,5,11,75,396,106127
2025,11,Riad Kniza,Marrakech,5,11,50,396,82543
2025,12,Riad Kniza,Marrakech,5,11,51,396,82543
2025,1,Dar Ahlam,Skoura,5,14,43,404,63159
2025,2,Dar Ahlam,Skoura,5,14,35,404,52633
2025,3,Dar Ahlam,Skoura,5,14,54,404,73686
2025,4,Dar Ahlam,Skoura,5,14,62,404,84212
2025,5,Dar Ahlam,Skoura,5,14,49,404,84212
2025,6,Dar Ahlam,Skoura,5,14,53,404,73686
2025,7,Dar Ahlam,Skoura,5,14,83,404,126318
2025,8,Dar Ahlam,Skoura,5,14,88,404,147371
2025,9,Dar Ahlam,Skoura,5,14,79,404,105265
2025,10,Dar Ahlam,Skoura,5,14,64,404,94739
2025,11,Dar Ahlam,Skoura,5,14,45,404,73686
2025,12,Dar Ahlam,Skoura,5,14,44,404,73686
2026,1,La Mamounia,Marrakech,5,209,56,315,982193
2026,2,La Mamounia,Marrakech,5,209,44,315,818494
2026,3,La Mamounia,Marrakech,5,209,58,315,1145891
2026,4,La Mamounia,Marrakech,5,209,57,315,1309590
2026,5,La Mamounia,Marrakech,5,209,72,315,1309590
2026,6,La Mamounia,Marrakech,5,209,52,315,1145891
2026,7,La Mamounia,Marrakech,5,209,98,315,1964385
2026,8,La Mamounia,Marrakech,5,209,98,315,2291783
2026,9,La Mamounia,Marrakech,5,209,74,315,1636988
2026,10,La Mamounia,Marrakech,5,209,75,315,1473289
2026,11,La Mamounia,Marrakech,5,209,64,315,1145891
2026,12,La Mamounia,Marrakech,5,209,59,315,1145891
2026,1,Royal Mansour,Marrakech,5,53,55,464,401145
2026,2,Royal Mansour,Marrakech,5,53,39,464,334287
2026,3,Royal Mansour,Marrakech,5,53,68,464,468002
2026,4,Royal Mansour,Marrakech,5,53,71,464,534860
2026,5,Royal Mansour,Marrakech,5,53,71,464,534860
2026,6,Royal Mansour,Marrakech,5,53,68,464,468002
2026,7,Royal Mansour,Marrakech,5,53,91,464,802290
2026,8,Royal Mansour,Marrakech,5,53,98,464,936005
2026,9,Royal Mansour,Marrakech,5,53,81,464,668575
2026,10,Royal Mansour,Marrakech,5,53,83,464,601717
2026,11,Royal Mansour,Marrakech,5,53,53,464,468002
2026,12,Royal Mansour,Marrakech,5,53,61,464,468002
2026,1,Four Seasons Resort,Marrakech,5,139,55,290,660983
2026,2,Four Seasons Resort,Marrakech,5,139,42,290,550819
2026,3,Four Seasons Resort,Marrakech,5,139,66,290,771146
2026,4,Four Seasons Resort,Marrakech,5,139,60,290,881310
2026,5,Four Seasons Resort,Marrakech,5,139,67,290,881310
2026,6,Four Seasons Resort,Marrakech,5,139,61,290,771146
2026,7,Four Seasons Resort,Marrakech,5,139,90,290,1321965
2026,8,Four Seasons Resort,Marrakech,5,139,98,290,1542293
2026,9,Four Seasons Resort,Marrakech,5,139,85,290,1101638
2026,10,Four Seasons Resort,Marrakech,5,139,66,290,991474
2026,11,Four Seasons Resort,Marrakech,5,139,57,290,771146
2026,12,Four Seasons Resort,Marrakech,5,139,67,290,771146
2026,1,Amanjena,Marrakech,5,32,40,353,149832
2026,2,Amanjena,Marrakech,5,32,44,353,124860
2026,3,Amanjena,Marrakech,5,32,47,353,174803
2026,4,Amanjena,Marrakech,5,32,64,353,199775
2026,5,Amanjena,Marrakech,5,32,70,353,199775
2026,6,Amanjena,Marrakech,5,32,51,353,174803
2026,7,Amanjena,Marrakech,5,32,98,353,299663
2026,8,Amanjena,Marrakech,5,32,94,353,349607
2026,9,Amanjena,Marrakech,5,32,79,353,249719
2026,10,Amanjena,Marrakech,5,32,68,353,224747
2026,11,Amanjena,Marrakech,5,32,50,353,174803
2026,12,Amanjena,Marrakech,5,32,54,353,174803
2026,1,Sofitel Marrakech,Marrakech,5,303,53,222,1156685
2026,2,Sofitel Marrakech,Marrakech,5,303,50,222,963904
2026,3,Sofitel Marrakech,Marrakech,5,303,63,222,1349465
2026,4,Sofitel Marrakech,Marrakech,5,303,65,222,1542246
2026,5,Sofitel Marrakech,Marrakech,5,303,77,222,1542246
2026,6,Sofitel Marrakech,Marrakech,5,303,68,222,1349465
2026,7,Sofitel Marrakech,Marrakech,5,303,98,222,2313369
2026,8,Sofitel Marrakech,Marrakech,5,303,98,222,2698931
2026,9,Sofitel Marrakech,Marrakech,5,303,92,222,1927808
2026,10,Sofitel Marrakech,Marrakech,5,303,75,222,1735027
2026,11,Sofitel Marrakech,Marrakech,5,303,56,222,1349465
2026,12,Sofitel Marrakech,Marrakech,5,303,54,222,1349465
2026,1,Riad Yasmine,Marrakech,4,7,49,80,7659
2026,2,Riad Yasmine,Marrakech,4,7,38,80,6382
2026,3,Riad Yasmine,Marrakech,4,7,57,80,8935
2026,4,Riad Yasmine,Marrakech,4,7,61,80,10211
2026,5,Riad Yasmine,Marrakech,4,7,71,80,10211
2026,6,Riad Yasmine,Marrakech,4,7,57,80,8935
2026,7,Riad Yasmine,Marrakech,4,7,98,80,15317
2026,8,Riad Yasmine,Marrakech,4,7,95,80,17870
2026,9,Riad Yasmine,Marrakech,4,7,72,80,12764
2026,10,Riad Yasmine,Marrakech,4,7,66,80,11488
2026,11,Riad Yasmine,Marrakech,4,7,59,80,8935
2026,12,Riad Yasmine,Marrakech,4,7,58,80,8935
2026,1,Kenzi Tower Hotel,Casablanca,5,240,57,203,859519
2026,2,Kenzi Tower Hotel,Casablanca,5,240,39,203,716266
2026,3,Kenzi Tower Hotel,Casablanca,5,240,69,203,1002772
2026,4,Kenzi Tower Hotel,Casablanca,5,240,61,203,1146025
2026,5,Kenzi Tower Hotel,Casablanca,5,240,62,203,1146025
2026,6,Kenzi Tower Hotel,Casablanca,5,240,67,203,1002772
2026,7,Kenzi Tower Hotel,Casablanca,5,240,98,203,1719038
2026,8,Kenzi Tower Hotel,Casablanca,5,240,98,203,2005544
2026,9,Kenzi Tower Hotel,Casablanca,5,240,98,203,1432532
2026,10,Kenzi Tower Hotel,Casablanca,5,240,80,203,1289278
2026,11,Kenzi Tower Hotel,Casablanca,5,240,69,203,1002772
2026,12,Kenzi Tower Hotel,Casablanca,5,240,57,203,1002772
2026,1,Four Seasons Casablanca,Casablanca,5,186,46,228,498512
2026,2,Four Seasons Casablanca,Casablanca,5,186,41,228,415427
2026,3,Four Seasons Casablanca,Casablanca,5,186,44,228,581598
2026,4,Four Seasons Casablanca,Casablanca,5,186,60,228,664683
2026,5,Four Seasons Casablanca,Casablanca,5,186,51,228,664683
2026,6,Four Seasons Casablanca,Casablanca,5,186,47,228,581598
2026,7,Four Seasons Casablanca,Casablanca,5,186,89,228,997025
2026,8,Four Seasons Casablanca,Casablanca,5,186,86,228,1163195
2026,9,Four Seasons Casablanca,Casablanca,5,186,64,228,830854
2026,10,Four Seasons Casablanca,Casablanca,5,186,71,228,747768
2026,11,Four Seasons Casablanca,Casablanca,5,186,46,228,581598
2026,12,Four Seasons Casablanca,Casablanca,5,186,44,228,581598
2026,1,Hyatt Regency,Casablanca,5,252,51,167,591402
2026,2,Hyatt Regency,Casablanca,5,252,34,167,492835
2026,3,Hyatt Regency,Casablanca,5,252,59,167,689969
2026,4,Hyatt Regency,Casablanca,5,252,62,167,788536
2026,5,Hyatt Regency,Casablanca,5,252,61,167,788536
2026,6,Hyatt Regency,Casablanca,5,252,54,167,689969
2026,7,Hyatt Regency,Casablanca,5,252,86,167,1182804
2026,8,Hyatt Regency,Casablanca,5,252,98,167,1379939
2026,9,Hyatt Regency,Casablanca,5,252,89,167,985670
2026,10,Hyatt Regency,Casablanca,5,252,70,167,887103
2026,11,Hyatt Regency,Casablanca,5,252,49,167,689969
2026,12,Hyatt Regency,Casablanca,5,252,54,167,689969
2026,1,Sofitel Casablanca,Casablanca,5,141,45,154,374316
2026,2,Sofitel Casablanca,Casablanca,5,141,37,154,311930
2026,3,Sofitel Casablanca,Casablanca,5,141,60,154,436702
2026,4,Sofitel Casablanca,Casablanca,5,141,78,154,499088
2026,5,Sofitel Casablanca,Casablanca,5,141,70,154,499088
2026,6,Sofitel Casablanca,Casablanca,5,141,61,154,436702
2026,7,Sofitel Casablanca,Casablanca,5,141,98,154,748633
2026,8,Sofitel Casablanca,Casablanca,5,141,98,154,873405
2026,9,Sofitel Casablanca,Casablanca,5,141,96,154,623860
2026,10,Sofitel Casablanca,Casablanca,5,141,86,154,561474
2026,11,Sofitel Casablanca,Casablanca,5,141,69,154,436702
2026,12,Sofitel Casablanca,Casablanca,5,141,60,154,436702
2026,1,Hilton Tanger City Center,Tanger,5,200,44,142,362957
2026,2,Hilton Tanger City Center,Tanger,5,200,32,142,302464
2026,3,Hilton Tanger City Center,Tanger,5,200,52,142,423450
2026,4,Hilton Tanger City Center,Tanger,5,200,68,142,483942
2026,5,Hilton Tanger City Center,Tanger,5,200,58,142,483942
2026,6,Hilton Tanger City Center,Tanger,5,200,53,142,423450
2026,7,Hilton Tanger City Center,Tanger,5,200,93,142,725914
2026,8,Hilton Tanger City Center,Tanger,5,200,92,142,846899
2026,9,Hilton Tanger City Center,Tanger,5,200,73,142,604928
2026,10,Hilton Tanger City Center,Tanger,5,200,61,142,544435
2026,11,Hilton Tanger City Center,Tanger,5,200,53,142,423450
2026,12,Hilton Tanger City Center,Tanger,5,200,53,142,423450
2026,1,Sofitel Tanger Bay,Tanger,5,103,54,139,253419
2026,2,Sofitel Tanger Bay,Tanger,5,103,43,139,211183
2026,3,Sofitel Tanger Bay,Tanger,5,103,65,139,295656
2026,4,Sofitel Tanger Bay,Tanger,5,103,68,139,337892
2026,5,Sofitel Tanger Bay,Tanger,5,103,64,139,337892
2026,6,Sofitel Tanger Bay,Tanger,5,103,67,139,295656
2026,7,Sofitel Tanger Bay,Tanger,5,103,98,139,506839
2026,8,Sofitel Tanger Bay,Tanger,5,103,98,139,591312
2026,9,Sofitel Tanger Bay,Tanger,5,103,98,139,422366
2026,10,Sofitel Tanger Bay,Tanger,5,103,91,139,380129
2026,11,Sofitel Tanger Bay,Tanger,5,103,70,139,295656
2026,12,Sofitel Tanger Bay,Tanger,5,103,71,139,295656
2026,1,Hotel & Spa La Folie,Tanger,4,44,45,90,54929
2026,2,Hotel & Spa La Folie,Tanger,4,44,38,90,45774
2026,3,Hotel & Spa La Folie,Tanger,4,44,49,90,64084
2026,4,Hotel & Spa La Folie,Tanger,4,44,71,90,73238
2026,5,Hotel & Spa La Folie,Tanger,4,44,71,90,73238
2026,6,Hotel & Spa La Folie,Tanger,4,44,59,90,64084
2026,7,Hotel & Spa La Folie,Tanger,4,44,83,90,109857
2026,8,Hotel & Spa La Folie,Tanger,4,44,98,90,128167
2026,9,Hotel & Spa La Folie,Tanger,4,44,83,90,91548
2026,10,Hotel & Spa La Folie,Tanger,4,44,69,90,82393
2026,11,Hotel & Spa La Folie,Tanger,4,44,55,90,64084
2026,12,Hotel & Spa La Folie,Tanger,4,44,50,90,64084
2026,1,Riad Laaroussa,Fès,5,28,48,171,74085
2026,2,Riad Laaroussa,Fès,5,28,38,171,61737
2026,3,Riad Laaroussa,Fès,5,28,60,171,86432
2026,4,Riad Laaroussa,Fès,5,28,59,171,98780
2026,5,Riad Laaroussa,Fès,5,28,60,171,98780
2026,6,Riad Laaroussa,Fès,5,28,61,171,86432
2026,7,Riad Laaroussa,Fès,5,28,95,171,148170
2026,8,Riad Laaroussa,Fès,5,28,98,171,172865
2026,9,Riad Laaroussa,Fès,5,28,81,171,123475
2026,10,Riad Laaroussa,Fès,5,28,74,171,111127
2026,11,Riad Laaroussa,Fès,5,28,55,171,86432
2026,12,Riad Laaroussa,Fès,5,28,55,171,86432
2026,1,Palais Amani,Fès,5,21,57,203,71340
2026,2,Palais Amani,Fès,5,21,47,203,59450
2026,3,Palais Amani,Fès,5,21,63,203,83230
2026,4,Palais Amani,Fès,5,21,60,203,95120
2026,5,Palais Amani,Fès,5,21,67,203,95120
2026,6,Palais Amani,Fès,5,21,53,203,83230
2026,7,Palais Amani,Fès,5,21,98,203,142681
2026,8,Palais Amani,Fès,5,21,98,203,166461
2026,9,Palais Amani,Fès,5,21,79,203,118901
2026,10,Palais Amani,Fès,5,21,76,203,107011
2026,11,Palais Amani,Fès,5,21,65,203,83230
2026,12,Palais Amani,Fès,5,21,53,203,83230
2026,1,Sofitel Palais Jamai,Fès,5,136,50,126,290334
2026,2,Sofitel Palais Jamai,Fès,5,136,43,126,241945
2026,3,Sofitel Palais Jamai,Fès,5,136,65,126,338723
2026,4,Sofitel Palais Jamai,Fès,5,136,64,126,387112
2026,5,Sofitel Palais Jamai,Fès,5,136,68,126,387112
2026,6,Sofitel Palais Jamai,Fès,5,136,63,126,338723
2026,7,Sofitel Palais Jamai,Fès,5,136,98,126,580668
2026,8,Sofitel Palais Jamai,Fès,5,136,98,126,677446
2026,9,Sofitel Palais Jamai,Fès,5,136,76,126,483890
2026,10,Sofitel Palais Jamai,Fès,5,136,71,126,435501
2026,11,Sofitel Palais Jamai,Fès,5,136,69,126,338723
2026,12,Sofitel Palais Jamai,Fès,5,136,69,126,338723
2026,1,Riad Fès,Fès,5,32,49,141,69778
2026,2,Riad Fès,Fès,5,32,47,141,58148
2026,3,Riad Fès,Fès,5,32,49,141,81407
2026,4,Riad Fès,Fès,5,32,65,141,93037
2026,5,Riad Fès,Fès,5,32,63,141,93037
2026,6,Riad Fès,Fès,5,32,57,141,81407
2026,7,Riad Fès,Fès,5,32,92,141,139556
2026,8,Riad Fès,Fès,5,32,98,141,162815
2026,9,Riad Fès,Fès,5,32,86,141,116296
2026,10,Riad Fès,Fès,5,32,83,141,104667
2026,11,Riad Fès,Fès,5,32,50,141,81407
2026,12,Riad Fès,Fès,5,32,52,141,81407
2026,1,Sofitel Agadir Royal Bay,Agadir,5,174,53,120,349760
2026,2,Sofitel Agadir Royal Bay,Agadir,5,174,46,120,291467
2026,3,Sofitel Agadir Royal Bay,Agadir,5,174,62,120,408053
2026,4,Sofitel Agadir Royal Bay,Agadir,5,174,65,120,466347
2026,5,Sofitel Agadir Royal Bay,Agadir,5,174,70,120,466347
2026,6,Sofitel Agadir Royal Bay,Agadir,5,174,66,120,408053
2026,7,Sofitel Agadir Royal Bay,Agadir,5,174,98,120,699520
2026,8,Sofitel Agadir Royal Bay,Agadir,5,174,98,120,816107
2026,9,Sofitel Agadir Royal Bay,Agadir,5,174,88,120,582933
2026,10,Sofitel Agadir Royal Bay,Agadir,5,174,69,120,524640
2026,11,Sofitel Agadir Royal Bay,Agadir,5,174,59,120,408053
2026,12,Sofitel Agadir Royal Bay,Agadir,5,174,62,120,408053
2026,1,Riu Palace Tikida,Agadir,5,524,55,97,911662
2026,2,Riu Palace Tikida,Agadir,5,524,39,97,759719
2026,3,Riu Palace Tikida,Agadir,5,524,69,97,1063606
2026,4,Riu Palace Tikida,Agadir,5,524,81,97,1215550
2026,5,Riu Palace Tikida,Agadir,5,524,66,97,1215550
2026,6,Riu Palace Tikida,Agadir,5,524,58,97,1063606
2026,7,Riu Palace Tikida,Agadir,5,524,98,97,1823325
2026,8,Riu Palace Tikida,Agadir,5,524,98,97,2127212
2026,9,Riu Palace Tikida,Agadir,5,524,98,97,1519437
2026,10,Riu Palace Tikida,Agadir,5,524,73,97,1367493
2026,11,Riu Palace Tikida,Agadir,5,524,53,97,1063606
2026,12,Riu Palace Tikida,Agadir,5,524,59,97,1063606
2026,1,Iberostar Founty,Agadir,5,380,60,80,521428
2026,2,Iberostar Founty,Agadir,5,380,43,80,434523
2026,3,Iberostar Founty,Agadir,5,380,68,80,608333
2026,4,Iberostar Founty,Agadir,5,380,76,80,695238
2026,5,Iberostar Founty,Agadir,5,380,65,80,695238
2026,6,Iberostar Founty,Agadir,5,380,52,80,608333
2026,7,Iberostar Founty,Agadir,5,380,98,80,1042856
2026,8,Iberostar Founty,Agadir,5,380,98,80,1216666
2026,9,Iberostar Founty,Agadir,5,380,94,80,869047
2026,10,Iberostar Founty,Agadir,5,380,72,80,782142
2026,11,Iberostar Founty,Agadir,5,380,68,80,608333
2026,12,Iberostar Founty,Agadir,5,380,60,80,608333
2026,1,Kasbah Tamadot,Asni,5,28,44,384,138131
2026,2,Kasbah Tamadot,Asni,5,28,37,384,115109
2026,3,Kasbah Tamadot,Asni,5,28,46,384,161153
2026,4,Kasbah Tamadot,Asni,5,28,58,384,184174
2026,5,Kasbah Tamadot,Asni,5,28,58,384,184174
2026,6,Kasbah Tamadot,Asni,5,28,60,384,161153
2026,7,Kasbah Tamadot,Asni,5,28,87,384,276261
2026,8,Kasbah Tamadot,Asni,5,28,98,384,322305
2026,9,Kasbah Tamadot,Asni,5,28,80,384,230218
2026,10,Kasbah Tamadot,Asni,5,28,62,384,207196
2026,11,Kasbah Tamadot,Asni,5,28,50,384,161153
2026,12,Kasbah Tamadot,Asni,5,28,60,384,161153
2026,1,Scarabeo Camp,Agafay,4,14,52,341,69383
2026,2,Scarabeo Camp,Agafay,4,14,38,341,57819
2026,3,Scarabeo Camp,Agafay,4,14,63,341,80947
2026,4,Scarabeo Camp,Agafay,4,14,71,341,92511
2026,5,Scarabeo Camp,Agafay,4,14,72,341,92511
2026,6,Scarabeo Camp,Agafay,4,14,51,341,80947
2026,7,Scarabeo Camp,Agafay,4,14,98,341,138767
2026,8,Scarabeo Camp,Agafay,4,14,98,341,161894
2026,9,Scarabeo Camp,Agafay,4,14,69,341,115639
2026,10,Scarabeo Camp,Agafay,4,14,76,341,104075
2026,11,Scarabeo Camp,Agafay,4,14,58,341,80947
2026,12,Scarabeo Camp,Agafay,4,14,54,341,80947
2026,1,Kam Kam Dunes,Merzouga,3,20,49,161,40031
2026,2,Kam Kam Dunes,Merzouga,3,20,34,161,33359
2026,3,Kam Kam Dunes,Merzouga,3,20,47,161,46702
2026,4,Kam Kam Dunes,Merzouga,3,20,61,161,53374
2026,5,Kam Kam Dunes,Merzouga,3,20,66,161,53374
2026,6,Kam Kam Dunes,Merzouga,3,20,58,161,46702
2026,7,Kam Kam Dunes,Merzouga,3,20,87,161,80061
2026,8,Kam Kam Dunes,Merzouga,3,20,89,161,93405
2026,9,Kam Kam Dunes,Merzouga,3,20,67,161,66718
2026,10,Kam Kam Dunes,Merzouga,3,20,70,161,60046
2026,11,Kam Kam Dunes,Merzouga,3,20,50,161,46702
2026,12,Kam Kam Dunes,Merzouga,3,20,57,161,46702
2026,1,Riad Kniza,Marrakech,5,11,50,396,69112
2026,2,Riad Kniza,Marrakech,5,11,44,396,57593
2026,3,Riad Kniza,Marrakech,5,11,54,396,80631
2026,4,Riad Kniza,Marrakech,5,11,58,396,92149
2026,5,Riad Kniza,Marrakech,5,11,60,396,92149
2026,6,Riad Kniza,Marrakech,5,11,57,396,80631
2026,7,Riad Kniza,Marrakech,5,11,98,396,138224
2026,8,Riad Kniza,Marrakech,5,11,98,396,161261
2026,9,Riad Kniza,Marrakech,5,11,95,396,115187
2026,10,Riad Kniza,Marrakech,5,11,73,396,103668
2026,11,Riad Kniza,Marrakech,5,11,55,396,80631
2026,12,Riad Kniza,Marrakech,5,11,57,396,80631
2026,1,Dar Ahlam,Skoura,5,14,50,512,124590
2026,2,Dar Ahlam,Skoura,5,14,39,512,103825
2026,3,Dar Ahlam,Skoura,5,14,61,512,145355
2026,4,Dar Ahlam,Skoura,5,14,76,512,166120
2026,5,Dar Ahlam,Skoura,5,14,77,512,166120
2026,6,Dar Ahlam,Skoura,5,14,54,512,145355
2026,7,Dar Ahlam,Skoura,5,14,98,512,249179
2026,8,Dar Ahlam,Skoura,5,14,98,512,290709
2026,9,Dar Ahlam,Skoura,5,14,84,512,207649
2026,10,Dar Ahlam,Skoura,5,14,85,512,186884
2026,11,Dar Ahlam,Skoura,5,14,56,512,145355
2026,12,Dar Ahlam,Skoura,5,14,66,512,145355