date,date_label,region_code,domaine_code,code_indicateur,valeur,unite,source_code,version_serie,fiabilite,qualite_flag,fichier_source,date_insertion
02-01-01,02,MA00,CHANGE,CHANGE.USD,7850041314.100999,MAD,OC,recente,2,,office_des_changes\undated\Produits remarquables site 1_14.xlsx,2026-07-23T21:00:06.123397+0000
03-01-01,03,MA00,CHANGE,CHANGE.USD,5735430104.309,MAD,OC,recente,2,,office_des_changes\undated\Produits remarquables site 1_14.xlsx,2026-07-23T21:00:06.123397+0000
04-01-01,04,MA00,CHANGE,CHANGE.USD,4911356095.619998,MAD,OC,recente,2,,office_des_changes\undated\Produits remarquables site 1_14.xlsx,2026-07-23T21:00:06.123397+0000
None-01-01,None,MA00,CHANGE,CHANGE.USD,3135385236.6419992,MAD,OC,recente,2,,office_des_changes\undated\Produits remarquables site 1_14.xlsx,2026-07-23T21:00:06.123397+0000
None-01-01,None,MA00,CHANGE,CHANGE.USD,3071113723.0799994,MAD,OC,recente,2,,office_des_changes\undated\Produits remarquables site 1_14.xlsx,2026-07-23T21:00:06.123397+0000
None-01-01,None,MA00,CHANGE,CHANGE.USD,2125915436.0340004,MAD,OC,recente,2,,office_des_changes\undated\Produits remarquables site 1_14.xlsx,2026-07-23T21:00:06.123397+0000
None-01-01,None,MA00,CHANGE,CHANGE.USD,1307019160.0180004,MAD,OC,recente,2,,office_des_changes\undated\Produits remarquables site 1_14.xlsx,2026-07-23T21:00:06.123397+0000
None-01-01,None,MA00,CHANGE,CHANGE.USD,1288478776.462,MAD,OC,recente,2,,office_des_changes\undated\Produits remarquables site 1_14.xlsx,2026-07-23T21:00:06.123397+0000
None-01-01,None,MA00,CHANGE,CHANGE.USD,730046551.0299999,MAD,OC,recente,2,,office_des_changes\undated\Produits remarquables site 1_14.xlsx,2026-07-23T21:00:06.123397+0000
None-01-01,None,MA00,CHANGE,CHANGE.USD,725932785.5289999,MAD,OC,recente,2,,office_des_changes\undated\Produits remarquables site 1_14.xlsx,2026-07-23T21:00:06.123397+0000
None-01-01,None,MA00,CHANGE,CHANGE.USD,634381967.884,MAD,OC,recente,2,,office_des_changes\undated\Produits remarquables site 1_14.xlsx,2026-07-23T21:00:06.123397+0000
None-01-01,None,MA00,CHANGE,CHANGE.USD,487097156.30799985,MAD,OC,recente,2,,office_des_changes\undated\Produits remarquables site 1_14.xlsx,2026-07-23T21:00:06.123397+0000
None-01-01,None,MA00,CHANGE,CHANGE.USD,474642206.82499975,MAD,OC,recente,2,,office_des_changes\undated\Produits remarquables site 1_14.xlsx,2026-07-23T21:00:06.123397+0000
None-01-01,None,MA00,CHANGE,CHANGE.USD,464530804.70699984,MAD,OC,recente,2,,office_des_changes\undated\Produits remarquables site 1_14.xlsx,2026-07-23T21:00:06.123397+0000
None-01-01,None,MA00,CHANGE,CHANGE.USD,236495134.503,MAD,OC,recente,2,,office_des_changes\undated\Produits remarquables site 1_14.xlsx,2026-07-23T21:00:06.123397+0000
None-01-01,None,MA00,CHANGE,CHANGE.USD,175093626.46399996,MAD,OC,recente,2,,office_des_changes\undated\Produits remarquables site 1_14.xlsx,2026-07-23T21:00:06.123397+0000
None-01-01,None,MA00,CHANGE,CHANGE.USD,131603265.88500005,MAD,OC,recente,2,,office_des_changes\undated\Produits remarquables site 1_14.xlsx,2026-07-23T21:00:06.123397+0000
None-01-01,None,MA00,CHANGE,CHANGE.USD,127833991.52699998,MAD,OC,recente,2,,office_des_changes\undated\Produits remarquables site 1_14.xlsx,2026-07-23T21:00:06.123397+0000
None-01-01,None,MA00,CHANGE,CHANGE.USD,108665066.949,MAD,OC,recente,2,,office_des_changes\undated\Produits remarquables site 1_14.xlsx,2026-07-23T21:00:06.123397+0000
None-01-01,None,MA00,CHANGE,CHANGE.USD,90564823.013,MAD,OC,recente,2,,office_des_changes\undated\Produits remarquables site 1_14.xlsx,2026-07-23T21:00:06.123397+0000
None-01-01,None,MA00,CHANGE,CHANGE.USD,89863016.389,MAD,OC,recente,2,,office_des_changes\undated\Produits remarquables site 1_14.xlsx,2026-07-23T21:00:06.123397+0000
None-01-01,None,MA00,CHANGE,CHANGE.USD,85446953.83299997,MAD,OC,recente,2,,office_des_changes\undated\Produits remarquables site 1_14.xlsx,2026-07-23T21:00:06.123397+0000
None-01-01,None,MA00,CHANGE,CHANGE.USD,79939605.418,MAD,OC,recente,2,,office_des_changes\undated\Produits remarquables site 1_14.xlsx,2026-07-23T21:00:06.123397+0000
None-01-01,None,MA00,CHANGE,CHANGE.USD,78173224.05000001,MAD,OC,recente,2,,office_des_changes\undated\Produits remarquables site 1_14.xlsx,2026-07-23T21:00:06.123397+0000
None-01-01,None,MA00,CHANGE,CHANGE.USD,65912146.94,MAD,OC,recente,2,,office_des_changes\undated\Produits remarquables site 1_14.xlsx,2026-07-23T21:00:06.123397+0000
None-01-01,None,MA00,CHANGE,CHANGE.USD,62476165.646,MAD,OC,recente,2,,office_des_changes\undated\Produits remarquables site 1_14.xlsx,2026-07-23T21:00:06.123397+0000
None-01-01,None,MA00,CHANGE,CHANGE.USD,55217741.686,MAD,OC,recente,2,,office_des_changes\undated\Produits remarquables site 1_14.xlsx,2026-07-23T21:00:06.123397+0000
None-01-01,None,MA00,CHANGE,CHANGE.USD,39864679.58799999,MAD,OC,recente,2,,office_des_changes\undated\Produits remarquables site 1_14.xlsx,2026-07-23T21:00:06.123397+0000
None-01-01,None,MA00,CHANGE,CHANGE.USD,31594844.240999997,MAD,OC,recente,2,,office_des_changes\undated\Produits remarquables site 1_14.xlsx,2026-07-23T21:00:06.123397+0000
None-01-01,None,MA00,CHANGE,CHANGE.USD,27539178.0,MAD,OC,recente,2,,office_des_changes\undated\Produits remarquables site 1_14.xlsx,2026-07-23T21:00:06.123397+0000
None-01-01,None,MA00,CHANGE,CHANGE.USD,26147323.490000002,MAD,OC,recente,2,,office_des_changes\undated\Produits remarquables site 1_14.xlsx,2026-07-23T21:00:06.123397+0000
None-01-01,None,MA00,CHANGE,CHANGE.USD,24064106.561000004,MAD,OC,recente,2,,office_des_changes\undated\Produits remarquables site 1_14.xlsx,2026-07-23T21:00:06.123397+0000
None-01-01,None,MA00,CHANGE,CHANGE.USD,16141019.631999997,MAD,OC,recente,2,,office_des_changes\undated\Produits remarquables site 1_14.xlsx,2026-07-23T21:00:06.123397+0000
None-01-01,None,MA00,CHANGE,CHANGE.USD,13486152.0,MAD,OC,recente,2,,office_des_changes\undated\Produits remarquables site 1_14.xlsx,2026-07-23T21:00:06.123397+0000
None-01-01,None,MA00,CHANGE,CHANGE.USD,13372437.144999996,MAD,OC,recente,2,,office_des_changes\undated\Produits remarquables site 1_14.xlsx,2026-07-23T21:00:06.123397+0000
None-01-01,None,MA00,CHANGE,CHANGE.USD,8679268.817000002,MAD,OC,recente,2,,office_des_changes\undated\Produits remarquables site 1_14.xlsx,2026-07-23T21:00:06.123397+0000
None-01-01,None,MA00,CHANGE,CHANGE.USD,7918046.0,MAD,OC,recente,2,,office_des_changes\undated\Produits remarquables site 1_14.xlsx,2026-07-23T21:00:06.123397+0000
None-01-01,None,MA00,CHANGE,CHANGE.USD,7082529.391,MAD,OC,recente,2,,office_des_changes\undated\Produits remarquables site 1_14.xlsx,2026-07-23T21:00:06.123397+0000
None-01-01,None,MA00,CHANGE,CHANGE.USD,5867671.688,MAD,OC,recente,2,,office_des_changes\undated\Produits remarquables site 1_14.xlsx,2026-07-23T21:00:06.123397+0000
None-01-01,None,MA00,CHANGE,CHANGE.USD,4262387.304,MAD,OC,recente,2,,office_des_changes\undated\Produits remarquables site 1_14.xlsx,2026-07-23T21:00:06.123397+0000
None-01-01,None,MA00,CHANGE,CHANGE.USD,2143691.0,MAD,OC,recente,2,,office_des_changes\undated\Produits remarquables site 1_14.xlsx,2026-07-23T21:00:06.123397+0000
None-01-01,None,MA00,CHANGE,CHANGE.USD,751055.0,MAD,OC,recente,2,,office_des_changes\undated\Produits remarquables site 1_14.xlsx,2026-07-23T21:00:06.123397+0000
None-01-01,None,MA00,CHANGE,CHANGE.USD,615642.5,MAD,OC,recente,2,,office_des_changes\undated\Produits remarquables site 1_14.xlsx,2026-07-23T21:00:06.123397+0000
None-01-01,None,MA00,CHANGE,CHANGE.USD,587373.64,MAD,OC,recente,2,,office_des_changes\undated\Produits remarquables site 1_14.xlsx,2026-07-23T21:00:06.123397+0000
None-01-01,None,MA00,CHANGE,CHANGE.USD,466500.5,MAD,OC,recente,2,,office_des_changes\undated\Produits remarquables site 1_14.xlsx,2026-07-23T21:00:06.123397+0000
None-01-01,None,MA00,CHANGE,CHANGE.USD,346317.597,MAD,OC,recente,2,,office_des_changes\undated\Produits remarquables site 1_14.xlsx,2026-07-23T21:00:06.123397+0000
None-01-01,None,MA00,CHANGE,CHANGE.USD,292351.38,MAD,OC,recente,2,,office_des_changes\undated\Produits remarquables site 1_14.xlsx,2026-07-23T21:00:06.123397+0000
None-01-01,None,MA00,CHANGE,CHANGE.USD,149736.583,MAD,OC,recente,2,,office_des_changes\undated\Produits remarquables site 1_14.xlsx,2026-07-23T21:00:06.123397+0000
None-01-01,None,MA00,CHANGE,CHANGE.USD,110808.53000000001,MAD,OC,recente,2,,office_des_changes\undated\Produits remarquables site 1_14.xlsx,2026-07-23T21:00:06.123397+0000
None-01-01,None,MA00,CHANGE,CHANGE.USD,82183.25,MAD,OC,recente,2,,office_des_changes\undated\Produits remarquables site 1_14.xlsx,2026-07-23T21:00:06.123397+0000
None-01-01,None,MA00,CHANGE,CHANGE.USD,0.0,MAD,OC,recente,2,,office_des_changes\undated\Produits remarquables site 1_14.xlsx,2026-07-23T21:00:06.123397+0000
02-01-01,02,MA00,CHANGE,CHANGE.USD,19326748479.952995,MAD,OC,recente,2,,office_des_changes\undated\Produits remarquables site 1_14.xlsx,2026-07-23T21:00:06.123397+0000
03-01-01,03,MA00,CHANGE,CHANGE.USD,5150635996.717,MAD,OC,recente,2,,office_des_changes\undated\Produits remarquables site 1_14.xlsx,2026-07-23T21:00:06.123397+0000
04-01-01,04,MA00,CHANGE,CHANGE.USD,1809696634.8109999,MAD,OC,recente,2,,office_des_changes\undated\Produits remarquables site 1_14.xlsx,2026-07-23T21:00:06.123397+0000
None-01-01,None,MA00,CHANGE,CHANGE.USD,1382571416.3109999,MAD,OC,recente,2,,office_des_changes\undated\Produits remarquables site 1_14.xlsx,2026-07-23T21:00:06.123397+0000
None-01-01,None,MA00,CHANGE,CHANGE.USD,681405448.567,MAD,OC,recente,2,,office_des_changes\undated\Produits remarquables site 1_14.xlsx,2026-07-23T21:00:06.123397+0000
None-01-01,None,MA00,CHANGE,CHANGE.USD,486801578.551,MAD,OC,recente,2,,office_des_changes\undated\Produits remarquables site 1_14.xlsx,2026-07-23T21:00:06.123397+0000
None-01-01,None,MA00,CHANGE,CHANGE.USD,457855470.5070001,MAD,OC,recente,2,,office_des_changes\undated\Produits remarquables site 1_14.xlsx,2026-07-23T21:00:06.123397+0000
None-01-01,None,MA00,CHANGE,CHANGE.USD,402378484.3770003,MAD,OC,recente,2,,office_des_changes\undated\Produits remarquables site 1_14.xlsx,2026-07-23T21:00:06.123397+0000
None-01-01,None,MA00,CHANGE,CHANGE.USD,391994442.5640001,MAD,OC,recente,2,,office_des_changes\undated\Produits remarquables site 1_14.xlsx,2026-07-23T21:00:06.123397+0000
None-01-01,None,MA00,CHANGE,CHANGE.USD,382489018.387,MAD,OC,recente,2,,office_des_changes\undated\Produits remarquables site 1_14.xlsx,2026-07-23T21:00:06.123397+0000
None-01-01,None,MA00,CHANGE,CHANGE.USD,349519450.05100006,MAD,OC,recente,2,,office_des_changes\undated\Produits remarquables site 1_14.xlsx,2026-07-23T21:00:06.123397+0000
None-01-01,None,MA00,CHANGE,CHANGE.USD,291569896.547,MAD,OC,recente,2,,office_des_changes\undated\Produits remarquables site 1_14.xlsx,2026-07-23T21:00:06.123397+0000
None-01-01,None,MA00,CHANGE,CHANGE.USD,232113361.26,MAD,OC,recente,2,,office_des_changes\undated\Produits remarquables site 1_14.xlsx,2026-07-23T21:00:06.123397+0000
None-01-01,None,MA00,CHANGE,CHANGE.USD,218075187.17399997,MAD,OC,recente,2,,office_des_changes\undated\Produits remarquables site 1_14.xlsx,2026-07-23T21:00:06.123397+0000
None-01-01,None,MA00,CHANGE,CHANGE.USD,208532680.44,MAD,OC,recente,2,,office_des_changes\undated\Produits remarquables site 1_14.xlsx,2026-07-23T21:00:06.123397+0000
None-01-01,None,MA00,CHANGE,CHANGE.USD,168686225.558,MAD,OC,recente,2,,office_des_changes\undated\Produits remarquables site 1_14.xlsx,2026-07-23T21:00:06.123397+0000
None-01-01,None,MA00,CHANGE,CHANGE.USD,124088469.01,MAD,OC,recente,2,,office_des_changes\undated\Produits remarquables site 1_14.xlsx,2026-07-23T21:00:06.123397+0000
None-01-01,None,MA00,CHANGE,CHANGE.USD,121341356.75299999,MAD,OC,recente,2,,office_des_changes\undated\Produits remarquables site 1_14.xlsx,2026-07-23T21:00:06.123397+0000
None-01-01,None,MA00,CHANGE,CHANGE.USD,119285827.04500003,MAD,OC,recente,2,,office_des_changes\undated\Produits remarquables site 1_14.xlsx,2026-07-23T21:00:06.123397+0000
None-01-01,None,MA00,CHANGE,CHANGE.USD,115488198.24000001,MAD,OC,recente,2,,office_des_changes\undated\Produits remarquables site 1_14.xlsx,2026-07-23T21:00:06.123397+0000
None-01-01,None,MA00,CHANGE,CHANGE.USD,102613329.66399999,MAD,OC,recente,2,,office_des_changes\undated\Produits remarquables site 1_14.xlsx,2026-07-23T21:00:06.123397+0000
None-01-01,None,MA00,CHANGE,CHANGE.USD,91481113.25099999,MAD,OC,recente,2,,office_des_changes\undated\Produits remarquables site 1_14.xlsx,2026-07-23T21:00:06.123397+0000
None-01-01,None,MA00,CHANGE,CHANGE.USD,90761804.64099999,MAD,OC,recente,2,,office_des_changes\undated\Produits remarquables site 1_14.xlsx,2026-07-23T21:00:06.123397+0000
None-01-01,None,MA00,CHANGE,CHANGE.USD,74622449.76499997,MAD,OC,recente,2,,office_des_changes\undated\Produits remarquables site 1_14.xlsx,2026-07-23T21:00:06.123397+0000
None-01-01,None,MA00,CHANGE,CHANGE.USD,64858493.954,MAD,OC,recente,2,,office_des_changes\undated\Produits remarquables site 1_14.xlsx,2026-07-23T21:00:06.123397+0000
None-01-01,None,MA00,CHANGE,CHANGE.USD,58684972.23399999,MAD,OC,recente,2,,office_des_changes\undated\Produits remarquables site 1_14.xlsx,2026-07-23T21:00:06.123397+0000
None-01-01,None,MA00,CHANGE,CHANGE.USD,48943442.49,MAD,OC,recente,2,,office_des_changes\undated\Produits remarquables site 1_14.xlsx,2026-07-23T21:00:06.123397+0000
None-01-01,None,MA00,CHANGE,CHANGE.USD,48523031.238000005,MAD,OC,recente,2,,office_des_changes\undated\Produits remarquables site 1_14.xlsx,2026-07-23T21:00:06.123397+0000
None-01-01,None,MA00,CHANGE,CHANGE.USD,44823131.144,MAD,OC,recente,2,,office_des_changes\undated\Produits remarquables site 1_14.xlsx,2026-07-23T21:00:06.123397+0000
None-01-01,None,MA00,CHANGE,CHANGE.USD,43254263.01100001,MAD,OC,recente,2,,office_des_changes\undated\Produits remarquables site 1_14.xlsx,2026-07-23T21:00:06.123397+0000
None-01-01,None,MA00,CHANGE,CHANGE.USD,38610365.49299999,MAD,OC,recente,2,,office_des_changes\undated\Produits remarquables site 1_14.xlsx,2026-07-23T21:00:06.123397+0000
None-01-01,None,MA00,CHANGE,CHANGE.USD,36454447.45,MAD,OC,recente,2,,office_des_changes\undated\Produits remarquables site 1_14.xlsx,2026-07-23T21:00:06.123397+0000
None-01-01,None,MA00,CHANGE,CHANGE.USD,20120279.0,MAD,OC,recente,2,,office_des_changes\undated\Produits remarquables site 1_14.xlsx,2026-07-23T21:00:06.123397+0000
None-01-01,None,MA00,CHANGE,CHANGE.USD,14565490.0,MAD,OC,recente,2,,office_des_changes\undated\Produits remarquables site 1_14.xlsx,2026-07-23T21:00:06.123397+0000
None-01-01,None,MA00,CHANGE,CHANGE.USD,13664442.847000001,MAD,OC,recente,2,,office_des_changes\undated\Produits remarquables site 1_14.xlsx,2026-07-23T21:00:06.123397+0000
None-01-01,None,MA00,CHANGE,CHANGE.USD,13193460.309999999,MAD,OC,recente,2,,office_des_changes\undated\Produits remarquables site 1_14.xlsx,2026-07-23T21:00:06.123397+0000
None-01-01,None,MA00,CHANGE,CHANGE.USD,12004700.198,MAD,OC,recente,2,,office_des_changes\undated\Produits remarquables site 1_14.xlsx,2026-07-23T21:00:06.123397+0000
None-01-01,None,MA00,CHANGE,CHANGE.USD,10303234.942,MAD,OC,recente,2,,office_des_changes\undated\Produits remarquables site 1_14.xlsx,2026-07-23T21:00:06.123397+0000
None-01-01,None,MA00,CHANGE,CHANGE.USD,9789937.012999998,MAD,OC,recente,2,,office_des_changes\undated\Produits remarquables site 1_14.xlsx,2026-07-23T21:00:06.123397+0000
None-01-01,None,MA00,CHANGE,CHANGE.USD,9283506.999999998,MAD,OC,recente,2,,office_des_changes\undated\Produits remarquables site 1_14.xlsx,2026-07-23T21:00:06.123397+0000
None-01-01,None,MA00,CHANGE,CHANGE.USD,7969462.703999998,MAD,OC,recente,2,,office_des_changes\undated\Produits remarquables site 1_14.xlsx,2026-07-23T21:00:06.123397+0000
None-01-01,None,MA00,CHANGE,CHANGE.USD,7857034.794,MAD,OC,recente,2,,office_des_changes\undated\Produits remarquables site 1_14.xlsx,2026-07-23T21:00:06.123397+0000
None-01-01,None,MA00,CHANGE,CHANGE.USD,7582038.299,MAD,OC,recente,2,,office_des_changes\undated\Produits remarquables site 1_14.xlsx,2026-07-23T21:00:06.123397+0000
None-01-01,None,MA00,CHANGE,CHANGE.USD,7269163.756000001,MAD,OC,recente,2,,office_des_changes\undated\Produits remarquables site 1_14.xlsx,2026-07-23T21:00:06.123397+0000
None-01-01,None,MA00,CHANGE,CHANGE.USD,6761020.01,MAD,OC,recente,2,,office_des_changes\undated\Produits remarquables site 1_14.xlsx,2026-07-23T21:00:06.123397+0000
None-01-01,None,MA00,CHANGE,CHANGE.USD,6690511.819999999,MAD,OC,recente,2,,office_des_changes\undated\Produits remarquables site 1_14.xlsx,2026-07-23T21:00:06.123397+0000
None-01-01,None,MA00,CHANGE,CHANGE.USD,5857591.18,MAD,OC,recente,2,,office_des_changes\undated\Produits remarquables site 1_14.xlsx,2026-07-23T21:00:06.123397+0000
None-01-01,None,MA00,CHANGE,CHANGE.USD,4278671.663000001,MAD,OC,recente,2,,office_des_changes\undated\Produits remarquables site 1_14.xlsx,2026-07-23T21:00:06.123397+0000
None-01-01,None,MA00,CHANGE,CHANGE.USD,3991210.3010000004,MAD,OC,recente,2,,office_des_changes\undated\Produits remarquables site 1_14.xlsx,2026-07-23T21:00:06.123397+0000
None-01-01,None,MA00,CHANGE,CHANGE.USD,3896560.0,MAD,OC,recente,2,,office_des_changes\undated\Produits remarquables site 1_14.xlsx,2026-07-23T21:00:06.123397+0000
None-01-01,None,MA00,CHANGE,CHANGE.USD,3411878.423,MAD,OC,recente,2,,office_des_changes\undated\Produits remarquables site 1_14.xlsx,2026-07-23T21:00:06.123397+0000
None-01-01,None,MA00,CHANGE,CHANGE.USD,3152226.98,MAD,OC,recente,2,,office_des_changes\undated\Produits remarquables site 1_14.xlsx,2026-07-23T21:00:06.123397+0000
None-01-01,None,MA00,CHANGE,CHANGE.USD,2873812.559,MAD,OC,recente,2,,office_des_changes\undated\Produits remarquables site 1_14.xlsx,2026-07-23T21:00:06.123397+0000
None-01-01,None,MA00,CHANGE,CHANGE.USD,2379384.563,MAD,OC,recente,2,,office_des_changes\undated\Produits remarquables site 1_14.xlsx,2026-07-23T21:00:06.123397+0000
None-01-01,None,MA00,CHANGE,CHANGE.USD,1869054.3730000001,MAD,OC,recente,2,,office_des_changes\undated\Produits remarquables site 1_14.xlsx,2026-07-23T21:00:06.123397+0000
None-01-01,None,MA00,CHANGE,CHANGE.USD,1733179.49,MAD,OC,recente,2,,office_des_changes\undated\Produits remarquables site 1_14.xlsx,2026-07-23T21:00:06.123397+0000
None-01-01,None,MA00,CHANGE,CHANGE.USD,1721154.0,MAD,OC,recente,2,,office_des_changes\undated\Produits remarquables site 1_14.xlsx,2026-07-23T21:00:06.123397+0000
None-01-01,None,MA00,CHANGE,CHANGE.USD,1626252.19,MAD,OC,recente,2,,office_des_changes\undated\Produits remarquables site 1_14.xlsx,2026-07-23T21:00:06.123397+0000
None-01-01,None,MA00,CHANGE,CHANGE.USD,1555422.805,MAD,OC,recente,2,,office_des_changes\undated\Produits remarquables site 1_14.xlsx,2026-07-23T21:00:06.123397+0000
None-01-01,None,MA00,CHANGE,CHANGE.USD,1398336.1,MAD,OC,recente,2,,office_des_changes\undated\Produits remarquables site 1_14.xlsx,2026-07-23T21:00:06.123397+0000
None-01-01,None,MA00,CHANGE,CHANGE.USD,1149460.09,MAD,OC,recente,2,,office_des_changes\undated\Produits remarquables site 1_14.xlsx,2026-07-23T21:00:06.123397+0000
None-01-01,None,MA00,CHANGE,CHANGE.USD,1098319.331,MAD,OC,recente,2,,office_des_changes\undated\Produits remarquables site 1_14.xlsx,2026-07-23T21:00:06.123397+0000
None-01-01,None,MA00,CHANGE,CHANGE.USD,1083550.0,MAD,OC,recente,2,,office_des_changes\undated\Produits remarquables site 1_14.xlsx,2026-07-23T21:00:06.123397+0000
None-01-01,None,MA00,CHANGE,CHANGE.USD,874677.2999999999,MAD,OC,recente,2,,office_des_changes\undated\Produits remarquables site 1_14.xlsx,2026-07-23T21:00:06.123397+0000
None-01-01,None,MA00,CHANGE,CHANGE.USD,635072.174,MAD,OC,recente,2,,office_des_changes\undated\Produits remarquables site 1_14.xlsx,2026-07-23T21:00:06.123397+0000
None-01-01,None,MA00,CHANGE,CHANGE.USD,573698.0,MAD,OC,recente,2,,office_des_changes\undated\Produits remarquables site 1_14.xlsx,2026-07-23T21:00:06.123397+0000
None-01-01,None,MA00,CHANGE,CHANGE.USD,301957.0,MAD,OC,recente,2,,office_des_changes\undated\Produits remarquables site 1_14.xlsx,2026-07-23T21:00:06.123397+0000
None-01-01,None,MA00,CHANGE,CHANGE.USD,257526.73799999998,MAD,OC,recente,2,,office_des_changes\undated\Produits remarquables site 1_14.xlsx,2026-07-23T21:00:06.123397+0000
None-01-01,None,MA00,CHANGE,CHANGE.USD,61134.0,MAD,OC,recente,2,,office_des_changes\undated\Produits remarquables site 1_14.xlsx,2026-07-23T21:00:06.123397+0000
None-01-01,None,MA00,CHANGE,CHANGE.USD,42014.0,MAD,OC,recente,2,,office_des_changes\undated\Produits remarquables site 1_14.xlsx,2026-07-23T21:00:06.123397+0000
None-01-01,None,MA00,CHANGE,CHANGE.USD,19317.0,MAD,OC,recente,2,,office_des_changes\undated\Produits remarquables site 1_14.xlsx,2026-07-23T21:00:06.123397+0000
None-01-01,None,MA00,CHANGE,CHANGE.USD,19000.0,MAD,OC,recente,2,,office_des_changes\undated\Produits remarquables site 1_14.xlsx,2026-07-23T21:00:06.123397+0000
None-01-01,None,MA00,CHANGE,CHANGE.USD,18027.0,MAD,OC,recente,2,,office_des_changes\undated\Produits remarquables site 1_14.xlsx,2026-07-23T21:00:06.123397+0000
None-01-01,None,MA00,CHANGE,CHANGE.USD,17067.0,MAD,OC,recente,2,,office_des_changes\undated\Produits remarquables site 1_14.xlsx,2026-07-23T21:00:06.123397+0000
None-01-01,None,MA00,CHANGE,CHANGE.USD,1092.0,MAD,OC,recente,2,,office_des_changes\undated\Produits remarquables site 1_14.xlsx,2026-07-23T21:00:06.123397+0000
None-01-01,None,MA00,CHANGE,CHANGE.USD,519.0,MAD,OC,recente,2,,office_des_changes\undated\Produits remarquables site 1_14.xlsx,2026-07-23T21:00:06.123397+0000
None-01-01,None,MA00,CHANGE,CHANGE.USD,0.0,MAD,OC,recente,2,,office_des_changes\undated\Produits remarquables site 1_14.xlsx,2026-07-23T21:00:06.123397+0000
None-01-01,None,MA00,CHANGE,CHANGE.USD,0.0,MAD,OC,recente,2,,office_des_changes\undated\Produits remarquables site 1_14.xlsx,2026-07-23T21:00:06.123397+0000
None-01-01,None,MA00,CHANGE,CHANGE.USD,0.0,MAD,OC,recente,2,,office_des_changes\undated\Produits remarquables site 1_14.xlsx,2026-07-23T21:00:06.123397+0000
02-01-01,02,MA00,CHANGE,CHANGE.USD,1783435941.0650003,MAD,OC,recente,2,,office_des_changes\undated\Produits remarquables site 1_14.xlsx,2026-07-23T21:00:06.123397+0000
03-01-01,03,MA00,CHANGE,CHANGE.USD,39086328.0,MAD,OC,recente,2,,office_des_changes\undated\Produits remarquables site 1_14.xlsx,2026-07-23T21:00:06.123397+0000
04-01-01,04,MA00,CHANGE,CHANGE.USD,18917404.0,MAD,OC,recente,2,,office_des_changes\undated\Produits remarquables site 1_14.xlsx,2026-07-23T21:00:06.123397+0000
None-01-01,None,MA00,CHANGE,CHANGE.USD,6286773.0,MAD,OC,recente,2,,office_des_changes\undated\Produits remarquables site 1_14.xlsx,2026-07-23T21:00:06.123397+0000
None-01-01,None,MA00,CHANGE,CHANGE.USD,1011971.81,MAD,OC,recente,2,,office_des_changes\undated\Produits remarquables site 1_14.xlsx,2026-07-23T21:00:06.123397+0000
None-01-01,None,MA00,CHANGE,CHANGE.USD,75824.0,MAD,OC,recente,2,,office_des_changes\undated\Produits remarquables site 1_14.xlsx,2026-07-23T21:00:06.123397+0000
None-01-01,None,MA00,CHANGE,CHANGE.USD,22051.0,MAD,OC,recente,2,,office_des_changes\undated\Produits remarquables site 1_14.xlsx,2026-07-23T21:00:06.123397+0000
02-01-01,02,MA00,CHANGE,CHANGE.USD,137517411.836,MAD,OC,recente,2,,office_des_changes\undated\Produits remarquables site 1_14.xlsx,2026-07-23T21:00:06.123397+0000
02-01-01,02,MA00,CHANGE,CHANGE.USD,812229523.399,MAD,OC,recente,2,,office_des_changes\undated\Produits remarquables site 1_14.xlsx,2026-07-23T21:00:06.123397+0000
03-01-01,03,MA00,CHANGE,CHANGE.USD,321057550.25900006,MAD,OC,recente,2,,office_des_changes\undated\Produits remarquables site 1_14.xlsx,2026-07-23T21:00:06.123397+0000
04-01-01,04,MA00,CHANGE,CHANGE.USD,311113026.53199995,MAD,OC,recente,2,,office_des_changes\undated\Produits remarquables site 1_14.xlsx,2026-07-23T21:00:06.123397+0000
None-01-01,None,MA00,CHANGE,CHANGE.USD,165976694.0,MAD,OC,recente,2,,office_des_changes\undated\Produits remarquables site 1_14.xlsx,2026-07-23T21:00:06.123397+0000
None-01-01,None,MA00,CHANGE,CHANGE.USD,149140605.11,MAD,OC,recente,2,,office_des_changes\undated\Produits remarquables site 1_14.xlsx,2026-07-23T21:00:06.123397+0000
None-01-01,None,MA00,CHANGE,CHANGE.USD,119217776.661,MAD,OC,recente,2,,office_des_changes\undated\Produits remarquables site 1_14.xlsx,2026-07-23T21:00:06.123397+0000
None-01-01,None,MA00,CHANGE,CHANGE.USD,96088928.0,MAD,OC,recente,2,,office_des_changes\undated\Produits remarquables site 1_14.xlsx,2026-07-23T21:00:06.123397+0000
None-01-01,None,MA00,CHANGE,CHANGE.USD,91242905.51600002,MAD,OC,recente,2,,office_des_changes\undated\Produits remarquables site 1_14.xlsx,2026-07-23T21:00:06.123397+0000
None-01-01,None,MA00,CHANGE,CHANGE.USD,69910497.2,MAD,OC,recente,2,,office_des_changes\undated\Produits remarquables site 1_14.xlsx,2026-07-23T21:00:06.123397+0000
None-01-01,None,MA00,CHANGE,CHANGE.USD,64125072.31399999,MAD,OC,recente,2,,office_des_changes\undated\Produits remarquables site 1_14.xlsx,2026-07-23T21:00:06.123397+0000
None-01-01,None,MA00,CHANGE,CHANGE.USD,37625487.0,MAD,OC,recente,2,,office_des_changes\undated\Produits remarquables site 1_14.xlsx,2026-07-23T21:00:06.123397+0000
None-01-01,None,MA00,CHANGE,CHANGE.USD,35342030.435,MAD,OC,recente,2,,office_des_changes\undated\Produits remarquables site 1_14.xlsx,2026-07-23T21:00:06.123397+0000
None-01-01,None,MA00,CHANGE,CHANGE.USD,32054540.0,MAD,OC,recente,2,,office_des_changes\undated\Produits remarquables site 1_14.xlsx,2026-07-23T21:00:06.123397+0000
None-01-01,None,MA00,CHANGE,CHANGE.USD,23320690.604999997,MAD,OC,recente,2,,office_des_changes\undated\Produits remarquables site 1_14.xlsx,2026-07-23T21:00:06.123397+0000
None-01-01,None,MA00,CHANGE,CHANGE.USD,19663502.509,MAD,OC,recente,2,,office_des_changes\undated\Produits remarquables site 1_14.xlsx,2026-07-23T21:00:06.123397+0000
None-01-01,None,MA00,CHANGE,CHANGE.USD,19177509.468000002,MAD,OC,recente,2,,office_des_changes\undated\Produits remarquables site 1_14.xlsx,2026-07-23T21:00:06.123397+0000
None-01-01,None,MA00,CHANGE,CHANGE.USD,9620875.947,MAD,OC,recente,2,,office_des_changes\undated\Produits remarquables site 1_14.xlsx,2026-07-23T21:00:06.123397+0000
None-01-01,None,MA00,CHANGE,CHANGE.USD,3519013.0,MAD,OC,recente,2,,office_des_changes\undated\Produits remarquables site 1_14.xlsx,2026-07-23T21:00:06.123397+0000
None-01-01,None,MA00,CHANGE,CHANGE.USD,2590346.0,MAD,OC,recente,2,,office_des_changes\undated\Produits remarquables site 1_14.xlsx,2026-07-23T21:00:06.123397+0000
None-01-01,None,MA00,CHANGE,CHANGE.USD,1540433.95,MAD,OC,recente,2,,office_des_changes\undated\Produits remarquables site 1_14.xlsx,2026-07-23T21:00:06.123397+0000
None-01-01,None,MA00,CHANGE,CHANGE.USD,1464184.2689999999,MAD,OC,recente,2,,office_des_changes\undated\Produits remarquables site 1_14.xlsx,2026-07-23T21:00:06.123397+0000
None-01-01,None,MA00,CHANGE,CHANGE.USD,1346659.0,MAD,OC,recente,2,,office_des_changes\undated\Produits remarquables site 1_14.xlsx,2026-07-23T21:00:06.123397+0000
None-01-01,None,MA00,CHANGE,CHANGE.USD,1218002.4,MAD,OC,recente,2,,office_des_changes\undated\Produits remarquables site 1_14.xlsx,2026-07-23T21:00:06.123397+0000
None-01-01,None,MA00,CHANGE,CHANGE.USD,1082041.0,MAD,OC,recente,2,,office_des_changes\undated\Produits remarquables site 1_14.xlsx,2026-07-23T21:00:06.123397+0000
None-01-01,None,MA00,CHANGE,CHANGE.USD,1048417.282,MAD,OC,recente,2,,office_des_changes\undated\Produits remarquables site 1_14.xlsx,2026-07-23T21:00:06.123397+0000
None-01-01,None,MA00,CHANGE,CHANGE.USD,556214.0,MAD,OC,recente,2,,office_des_changes\undated\Produits remarquables site 1_14.xlsx,2026-07-23T21:00:06.123397+0000
None-01-01,None,MA00,CHANGE,CHANGE.USD,55956.0,MAD,OC,recente,2,,office_des_changes\undated\Produits remarquables site 1_14.xlsx,2026-07-23T21:00:06.123397+0000
02-01-01,02,MA00,CHANGE,CHANGE.USD,2672308481.591,MAD,OC,recente,2,,office_des_changes\undated\Produits remarquables site 1_14.xlsx,2026-07-23T21:00:06.123397+0000
03-01-01,03,MA00,CHANGE,CHANGE.USD,1711085371.0,MAD,OC,recente,2,,office_des_changes\undated\Produits remarquables site 1_14.xlsx,2026-07-23T21:00:06.123397+0000
04-01-01,04,MA00,CHANGE,CHANGE.USD,543970772.775,MAD,OC,recente,2,,office_des_changes\undated\Produits remarquables site 1_14.xlsx,2026-07-23T21:00:06.123397+0000
None-01-01,None,MA00,CHANGE,CHANGE.USD,408314584.4,MAD,OC,recente,2,,office_des_changes\undated\Produits remarquables site 1_14.xlsx,2026-07-23T21:00:06.123397+0000
None-01-01,None,MA00,CHANGE,CHANGE.USD,377248372.0,MAD,OC,recente,2,,office_des_changes\undated\Produits remarquables site 1_14.xlsx,2026-07-23T21:00:06.123397+0000
None-01-01,None,MA00,CHANGE,CHANGE.USD,169918456.64,MAD,OC,recente,2,,office_des_changes\undated\Produits remarquables site 1_14.xlsx,2026-07-23T21:00:06.123397+0000
None-01-01,None,MA00,CHANGE,CHANGE.USD,136473454.0,MAD,OC,recente,2,,office_des_changes\undated\Produits remarquables site 1_14.xlsx,2026-07-23T21:00:06.123397+0000
None-01-01,None,MA00,CHANGE,CHANGE.USD,135422069.72399998,MAD,OC,recente,2,,office_des_changes\undated\Produits remarquables site 1_14.xlsx,2026-07-23T21:00:06.123397+0000
None-01-01,None,MA00,CHANGE,CHANGE.USD,107765462.0,MAD,OC,recente,2,,office_des_changes\undated\Produits remarquables site 1_14.xlsx,2026-07-23T21:00:06.123397+0000
None-01-01,None,MA00,CHANGE,CHANGE.USD,69346656.0,MAD,OC,recente,2,,office_des_changes\undated\Produits remarquables site 1_14.xlsx,2026-07-23T21:00:06.123397+0000
None-01-01,None,MA00,CHANGE,CHANGE.USD,68193001.0,MAD,OC,recente,2,,office_des_changes\undated\Produits remarquables site 1_14.xlsx,2026-07-23T21:00:06.123397+0000
None-01-01,None,MA00,CHANGE,CHANGE.USD,59793180.0,MAD,OC,recente,2,,office_des_changes\undated\Produits remarquables site 1_14.xlsx,2026-07-23T21:00:06.123397+0000
None-01-01,None,MA00,CHANGE,CHANGE.USD,37989462.46999999,MAD,OC,recente,2,,office_des_changes\undated\Produits remarquables site 1_14.xlsx,2026-07-23T21:00:06.123397+0000
None-01-01,None,MA00,CHANGE,CHANGE.USD,5518754.0,MAD,OC,recente,2,,office_des_changes\undated\Produits remarquables site 1_14.xlsx,2026-07-23T21:00:06.123397+0000
None-01-01,None,MA00,CHANGE,CHANGE.USD,3740491.0,MAD,OC,recente,2,,office_des_changes\undated\Produits remarquables site 1_14.xlsx,2026-07-23T21:00:06.123397+0000
None-01-01,None,MA00,CHANGE,CHANGE.USD,641374.686,MAD,OC,recente,2,,office_des_changes\undated\Produits remarquables site 1_14.xlsx,2026-07-23T21:00:06.123397+0000
02-01-01,02,MA00,CHANGE,CHANGE.USD,23024034158.879055,MAD,OC,recente,2,,office_des_changes\undated\Produits remarquables site 1_14.xlsx,2026-07-23T21:00:06.123397+0000
03-01-01,03,MA00,CHANGE,CHANGE.USD,9159020635.427002,MAD,OC,recente,2,,office_des_changes\undated\Produits remarquables site 1_14.xlsx,2026-07-23T21:00:06.123397+0000
04-01-01,04,MA00,CHANGE,CHANGE.USD,5670439650.247001,MAD,OC,recente,2,,office_des_changes\undated\Produits remarquables site 1_14.xlsx,2026-07-23T21:00:06.123397+0000
None-01-01,None,MA00,CHANGE,CHANGE.USD,3162373148.74,MAD,OC,recente,2,,office_des_changes\undated\Produits remarquables site 1_14.xlsx,2026-07-23T21:00:06.123397+0000
None-01-01,None,MA00,CHANGE,CHANGE.USD,2582841846.0829997,MAD,OC,recente,2,,office_des_changes\undated\Produits remarquables site 1_14.xlsx,2026-07-23T21:00:06.123397+0000
None-01-01,None,MA00,CHANGE,CHANGE.USD,1454484352.4160001,MAD,OC,recente,2,,office_des_changes\undated\Produits remarquables site 1_14.xlsx,2026-07-23T21:00:06.123397+0000
None-01-01,None,MA00,CHANGE,CHANGE.USD,930133967.3149999,MAD,OC,recente,2,,office_des_changes\undated\Produits remarquables site 1_14.xlsx,2026-07-23T21:00:06.123397+0000
None-01-01,None,MA00,CHANGE,CHANGE.USD,775511154.3610004,MAD,OC,recente,2,,office_des_changes\undated\Produits remarquables site 1_14.xlsx,2026-07-23T21:00:06.123397+0000
None-01-01,None,MA00,CHANGE,CHANGE.USD,660688002.2310002,MAD,OC,recente,2,,office_des_changes\undated\Produits remarquables site 1_14.xlsx,2026-07-23T21:00:06.123397+0000
None-01-01,None,MA00,CHANGE,CHANGE.USD,526164141.23,MAD,OC,recente,2,,office_des_changes\undated\Produits remarquables site 1_14.xlsx,2026-07-23T21:00:06.123397+0000
None-01-01,None,MA00,CHANGE,CHANGE.USD,516506561.38500017,MAD,OC,recente,2,,office_des_changes\undated\Produits remarquables site 1_14.xlsx,2026-07-23T21:00:06.123397+0000
None-01-01,None,MA00,CHANGE,CHANGE.USD,462775762.7039999,MAD,OC,recente,2,,office_des_changes\undated\Produits remarquables site 1_14.xlsx,2026-07-23T21:00:06.123397+0000
None-01-01,None,MA00,CHANGE,CHANGE.USD,323487017.9730001,MAD,OC,recente,2,,office_des_changes\undated\Produits remarquables site 1_14.xlsx,2026-07-23T21:00:06.123397+0000
None-01-01,None,MA00,CHANGE,CHANGE.USD,266334325.049,MAD,OC,recente,2,,office_des_changes\undated\Produits remarquables site 1_14.xlsx,2026-07-23T21:00:06.123397+0000
None-01-01,None,MA00,CHANGE,CHANGE.USD,227037926.20899996,MAD,OC,recente,2,,office_des_changes\undated\Produits remarquables site 1_14.xlsx,2026-07-23T21:00:06.123397+0000
None-01-01,None,MA00,CHANGE,CHANGE.USD,217768998.231,MAD,OC,recente,2,,office_des_changes\undated\Produits remarquables site 1_14.xlsx,2026-07-23T21:00:06.123397+0000
None-01-01,None,MA00,CHANGE,CHANGE.USD,205899976.19700003,MAD,OC,recente,2,,office_des_changes\undated\Produits remarquables site 1_14.xlsx,2026-07-23T21:00:06.123397+0000
None-01-01,None,MA00,CHANGE,CHANGE.USD,160584048.90699998,MAD,OC,recente,2,,office_des_changes\undated\Produits remarquables site 1_14.xlsx,2026-07-23T21:00:06.123397+0000
None-01-01,None,MA00,CHANGE,CHANGE.USD,157453530.943,MAD,OC,recente,2,,office_des_changes\undated\Produits remarquables site 1_14.xlsx,2026-07-23T21:00:06.123397+0000
None-01-01,None,MA00,CHANGE,CHANGE.USD,102915322.197,MAD,OC,recente,2,,office_des_changes\undated\Produits remarquables site 1_14.xlsx,2026-07-23T21:00:06.123397+0000
None-01-01,None,MA00,CHANGE,CHANGE.USD,99228396.68600002,MAD,OC,recente,2,,office_des_changes\undated\Produits remarquables site 1_14.xlsx,2026-07-23T21:00:06.123397+0000
None-01-01,None,MA00,CHANGE,CHANGE.USD,90661402.669,MAD,OC,recente,2,,office_des_changes\undated\Produits remarquables site 1_14.xlsx,2026-07-23T21:00:06.123397+0000
None-01-01,None,MA00,CHANGE,CHANGE.USD,85364882.514,MAD,OC,recente,2,,office_des_changes\undated\Produits remarquables site 1_14.xlsx,2026-07-23T21:00:06.123397+0000
None-01-01,None,MA00,CHANGE,CHANGE.USD,70818955.13399999,MAD,OC,recente,2,,office_des_changes\undated\Produits remarquables site 1_14.xlsx,2026-07-23T21:00:06.123397+0000
None-01-01,None,MA00,CHANGE,CHANGE.USD,52720413.75,MAD,OC,recente,2,,office_des_changes\undated\Produits remarquables site 1_14.xlsx,2026-07-23T21:00:06.123397+0000
None-01-01,None,MA00,CHANGE,CHANGE.USD,52512801.78500001,MAD,OC,recente,2,,office_des_changes\undated\Produits remarquables site 1_14.xlsx,2026-07-23T21:00:06.123397+0000
None-01-01,None,MA00,CHANGE,CHANGE.USD,50972771.47700001,MAD,OC,recente,2,,office_des_changes\undated\Produits remarquables site 1_14.xlsx,2026-07-23T21:00:06.123397+0000
None-01-01,None,MA00,CHANGE,CHANGE.USD,43062939.973000005,MAD,OC,recente,2,,office_des_changes\undated\Produits remarquables site 1_14.xlsx,2026-07-23T21:00:06.123397+0000
None-01-01,None,MA00,CHANGE,CHANGE.USD,40341000.582,MAD,OC,recente,2,,office_des_changes\undated\Produits remarquables site 1_14.xlsx,2026-07-23T21:00:06.123397+0000
None-01-01,None,MA00,CHANGE,CHANGE.USD,36707092.036,MAD,OC,recente,2,,office_des_changes\undated\Produits remarquables site 1_14.xlsx,2026-07-23T21:00:06.123397+0000
None-01-01,None,MA00,CHANGE,CHANGE.USD,24572343.491999995,MAD,OC,recente,2,,office_des_changes\undated\Produits remarquables site 1_14.xlsx,2026-07-23T21:00:06.123397+0000
None-01-01,None,MA00,CHANGE,CHANGE.USD,23877743.95,MAD,OC,recente,2,,office_des_changes\undated\Produits remarquables site 1_14.xlsx,2026-07-23T21:00:06.123397+0000
None-01-01,None,MA00,CHANGE,CHANGE.USD,17747929.064999998,MAD,OC,recente,2,,office_des_changes\undated\Produits remarquables site 1_14.xlsx,2026-07-23T21:00:06.123397+0000
None-01-01,None,MA00,CHANGE,CHANGE.USD,15740451.336,MAD,OC,recente,2,,office_des_changes\undated\Produits remarquables site 1_14.xlsx,2026-07-23T21:00:06.123397+0000
None-01-01,None,MA00,CHANGE,CHANGE.USD,12356614.007000001,MAD,OC,recente,2,,office_des_changes\undated\Produits remarquables site 1_14.xlsx,2026-07-23T21:00:06.123397+0000
None-01-01,None,MA00,CHANGE,CHANGE.USD,11672456.525999999,MAD,OC,recente,2,,office_des_changes\undated\Produits remarquables site 1_14.xlsx,2026-07-23T21:00:06.123397+0000
None-01-01,None,MA00,CHANGE,CHANGE.USD,10985842.0,MAD,OC,recente,2,,office_des_changes\undated\Produits remarquables site 1_14.xlsx,2026-07-23T21:00:06.123397+0000
None-01-01,None,MA00,CHANGE,CHANGE.USD,9685460.931,MAD,OC,recente,2,,office_des_changes\undated\Produits remarquables site 1_14.xlsx,2026-07-23T21:00:06.123397+0000
None-01-01,None,MA00,CHANGE,CHANGE.USD,6871343.008,MAD,OC,recente,2,,office_des_changes\undated\Produits remarquables site 1_14.xlsx,2026-07-23T21:00:06.123397+0000
None-01-01,None,MA00,CHANGE,CHANGE.USD,6010347.657,MAD,OC,recente,2,,office_des_changes\undated\Produits remarquables site 1_14.xlsx,2026-07-23T21:00:06.123397+0000
None-01-01,None,MA00,CHANGE,CHANGE.USD,5214179.448000001,MAD,OC,recente,2,,office_des_changes\undated\Produits remarquables site 1_14.xlsx,2026-07-23T21:00:06.123397+0000
None-01-01,None,MA00,CHANGE,CHANGE.USD,4800863.938999999,MAD,OC,recente,2,,office_des_changes\undated\Produits remarquables site 1_14.xlsx,2026-07-23T21:00:06.123397+0000
None-01-01,None,MA00,CHANGE,CHANGE.USD,3318125.09,MAD,OC,recente,2,,office_des_changes\undated\Produits remarquables site 1_14.xlsx,2026-07-23T21:00:06.123397+0000
None-01-01,None,MA00,CHANGE,CHANGE.USD,2665813.0,MAD,OC,recente,2,,office_des_changes\undated\Produits remarquables site 1_14.xlsx,2026-07-23T21:00:06.123397+0000
None-01-01,None,MA00,CHANGE,CHANGE.USD,1929915.838,MAD,OC,recente,2,,office_des_changes\undated\Produits remarquables site 1_14.xlsx,2026-07-23T21:00:06.123397+0000
None-01-01,None,MA00,CHANGE,CHANGE.USD,1347609.71,MAD,OC,recente,2,,office_des_changes\undated\Produits remarquables site 1_14.xlsx,2026-07-23T21:00:06.123397+0000
None-01-01,None,MA00,CHANGE,CHANGE.USD,1309042.0440000002,MAD,OC,recente,2,,office_des_changes\undated\Produits remarquables site 1_14.xlsx,2026-07-23T21:00:06.123397+0000
None-01-01,None,MA00,CHANGE,CHANGE.USD,831319.04,MAD,OC,recente,2,,office_des_changes\undated\Produits remarquables site 1_14.xlsx,2026-07-23T21:00:06.123397+0000
None-01-01,None,MA00,CHANGE,CHANGE.USD,709125.0,MAD,OC,recente,2,,office_des_changes\undated\Produits remarquables site 1_14.xlsx,2026-07-23T21:00:06.123397+0000
None-01-01,None,MA00,CHANGE,CHANGE.USD,475119.511,MAD,OC,recente,2,,office_des_changes\undated\Produits remarquables site 1_14.xlsx,2026-07-23T21:00:06.123397+0000
None-01-01,None,MA00,CHANGE,CHANGE.USD,469629.283,MAD,OC,recente,2,,office_des_changes\undated\Produits remarquables site 1_14.xlsx,2026-07-23T21:00:06.123397+0000
None-01-01,None,MA00,CHANGE,CHANGE.USD,353840.5,MAD,OC,recente,2,,office_des_changes\undated\Produits remarquables site 1_14.xlsx,2026-07-23T21:00:06.123397+0000
None-01-01,None,MA00,CHANGE,CHANGE.USD,340000.0,MAD,OC,recente,2,,office_des_changes\undated\Produits remarquables site 1_14.xlsx,2026-07-23T21:00:06.123397+0000
None-01-01,None,MA00,CHANGE,CHANGE.USD,329289.308,MAD,OC,recente,2,,office_des_changes\undated\Produits remarquables site 1_14.xlsx,2026-07-23T21:00:06.123397+0000
None-01-01,None,MA00,CHANGE,CHANGE.USD,322657.0,MAD,OC,recente,2,,office_des_changes\undated\Produits remarquables site 1_14.xlsx,2026-07-23T21:00:06.123397+0000
None-01-01,None,MA00,CHANGE,CHANGE.USD,307484.6,MAD,OC,recente,2,,office_des_changes\undated\Produits remarquables site 1_14.xlsx,2026-07-23T21:00:06.123397+0000
None-01-01,None,MA00,CHANGE,CHANGE.USD,256923.0,MAD,OC,recente,2,,office_des_changes\undated\Produits remarquables site 1_14.xlsx,2026-07-23T21:00:06.123397+0000
None-01-01,None,MA00,CHANGE,CHANGE.USD,190531.962,MAD,OC,recente,2,,office_des_changes\undated\Produits remarquables site 1_14.xlsx,2026-07-23T21:00:06.123397+0000
None-01-01,None,MA00,CHANGE,CHANGE.USD,156272.36000000002,MAD,OC,recente,2,,office_des_changes\undated\Produits remarquables site 1_14.xlsx,2026-07-23T21:00:06.123397+0000
None-01-01,None,MA00,CHANGE,CHANGE.USD,80329.175,MAD,OC,recente,2,,office_des_changes\undated\Produits remarquables site 1_14.xlsx,2026-07-23T21:00:06.123397+0000
None-01-01,None,MA00,CHANGE,CHANGE.USD,4284.0,MAD,OC,recente,2,,office_des_changes\undated\Produits remarquables site 1_14.xlsx,2026-07-23T21:00:06.123397+0000
None-01-01,None,MA00,CHANGE,CHANGE.USD,0.0,MAD,OC,recente,2,,office_des_changes\undated\Produits remarquables site 1_14.xlsx,2026-07-23T21:00:06.123397+0000
None-01-01,None,MA00,CHANGE,CHANGE.USD,0.0,MAD,OC,recente,2,,office_des_changes\undated\Produits remarquables site 1_14.xlsx,2026-07-23T21:00:06.123397+0000
None-01-01,None,MA00,CHANGE,CHANGE.USD,0.0,MAD,OC,recente,2,,office_des_changes\undated\Produits remarquables site 1_14.xlsx,2026-07-23T21:00:06.123397+0000
None-01-01,None,MA00,CHANGE,CHANGE.USD,0.0,MAD,OC,recente,2,,office_des_changes\undated\Produits remarquables site 1_14.xlsx,2026-07-23T21:00:06.123397+0000
03-01-01,03,MA00,CHANGE,CHANGE.USD,6257292.701,MAD,OC,recente,2,,office_des_changes\undated\Produits remarquables site 1_14.xlsx,2026-07-23T21:00:06.123397+0000
04-01-01,04,MA00,CHANGE,CHANGE.USD,483027.0,MAD,OC,recente,2,,office_des_changes\undated\Produits remarquables site 1_14.xlsx,2026-07-23T21:00:06.123397+0000
02-01-01,02,MA00,CHANGE,CHANGE.USD,21767838839.677994,MAD,OC,recente,2,,office_des_changes\undated\Produits remarquables site 1_14.xlsx,2026-07-23T21:00:06.123397+0000
03-01-01,03,MA00,CHANGE,CHANGE.USD,7010527800.424001,MAD,OC,recente,2,,office_des_changes\undated\Produits remarquables site 1_14.xlsx,2026-07-23T21:00:06.123397+0000
04-01-01,04,MA00,CHANGE,CHANGE.USD,3922407626.659999,MAD,OC,recente,2,,office_des_changes\undated\Produits remarquables site 1_14.xlsx,2026-07-23T21:00:06.123397+0000
None-01-01,None,MA00,CHANGE,CHANGE.USD,645272319.494,MAD,OC,recente,2,,office_des_changes\undated\Produits remarquables site 1_14.xlsx,2026-07-23T21:00:06.123397+0000
None-01-01,None,MA00,CHANGE,CHANGE.USD,499808821.47999996,MAD,OC,recente,2,,office_des_changes\undated\Produits remarquables site 1_14.xlsx,2026-07-23T21:00:06.123397+0000
None-01-01,None,MA00,CHANGE,CHANGE.USD,496007021.39000005,MAD,OC,recente,2,,office_des_changes\undated\Produits remarquables site 1_14.xlsx,2026-07-23T21:00:06.123397+0000
None-01-01,None,MA00,CHANGE,CHANGE.USD,421411425.35099995,MAD,OC,recente,2,,office_des_changes\undated\Produits remarquables site 1_14.xlsx,2026-07-23T21:00:06.123397+0000
None-01-01,None,MA00,CHANGE,CHANGE.USD,340358437.49,MAD,OC,recente,2,,office_des_changes\undated\Produits remarquables site 1_14.xlsx,2026-07-23T21:00:06.123397+0000
None-01-01,None,MA00,CHANGE,CHANGE.USD,312027389.548,MAD,OC,recente,2,,office_des_changes\undated\Produits remarquables site 1_14.xlsx,2026-07-23T21:00:06.123397+0000
None-01-01,None,MA00,CHANGE,CHANGE.USD,301936898.995,MAD,OC,recente,2,,office_des_changes\undated\Produits remarquables site 1_14.xlsx,2026-07-23T21:00:06.123397+0000
None-01-01,None,MA00,CHANGE,CHANGE.USD,253104956.29700002,MAD,OC,recente,2,,office_des_changes\undated\Produits remarquables site 1_14.xlsx,2026-07-23T21:00:06.123397+0000
None-01-01,None,MA00,CHANGE,CHANGE.USD,250419248.22000003,MAD,OC,recente,2,,office_des_changes\undated\Produits remarquables site 1_14.xlsx,2026-07-23T21:00:06.123397+0000
None-01-01,None,MA00,CHANGE,CHANGE.USD,238541543.73,MAD,OC,recente,2,,office_des_changes\undated\Produits remarquables site 1_14.xlsx,2026-07-23T21:00:06.123397+0000
None-01-01,None,MA00,CHANGE,CHANGE.USD,231369317.39900005,MAD,OC,recente,2,,office_des_changes\undated\Produits remarquables site 1_14.xlsx,2026-07-23T21:00:06.123397+0000
None-01-01,None,MA00,CHANGE,CHANGE.USD,220637531.61900008,MAD,OC,recente,2,,office_des_changes\undated\Produits remarquables site 1_14.xlsx,2026-07-23T21:00:06.123397+0000
None-01-01,None,MA00,CHANGE,CHANGE.USD,211412836.0,MAD,OC,recente,2,,office_des_changes\undated\Produits remarquables site 1_14.xlsx,2026-07-23T21:00:06.123397+0000
None-01-01,None,MA00,CHANGE,CHANGE.USD,207526370.20699996,MAD,OC,recente,2,,office_des_changes\undated\Produits remarquables site 1_14.xlsx,2026-07-23T21:00:06.123397+0000
None-01-01,None,MA00,CHANGE,CHANGE.USD,163924236.64699993,MAD,OC,recente,2,,office_des_changes\undated\Produits remarquables site 1_14.xlsx,2026-07-23T21:00:06.123397+0000
None-01-01,None,MA00,CHANGE,CHANGE.USD,105178904.57,MAD,OC,recente,2,,office_des_changes\undated\Produits remarquables site 1_14.xlsx,2026-07-23T21:00:06.123397+0000
None-01-01,None,MA00,CHANGE,CHANGE.USD,99932911.99500002,MAD,OC,recente,2,,office_des_changes\undated\Produits remarquables site 1_14.xlsx,2026-07-23T21:00:06.123397+0000
None-01-01,None,MA00,CHANGE,CHANGE.USD,87191614.039,MAD,OC,recente,2,,office_des_changes\undated\Produits remarquables site 1_14.xlsx,2026-07-23T21:00:06.123397+0000
None-01-01,None,MA00,CHANGE,CHANGE.USD,73772071.84600002,MAD,OC,recente,2,,office_des_changes\undated\Produits remarquables site 1_14.xlsx,2026-07-23T21:00:06.123397+0000
None-01-01,None,MA00,CHANGE,CHANGE.USD,46959959.95,MAD,OC,recente,2,,office_des_changes\undated\Produits remarquables site 1_14.xlsx,2026-07-23T21:00:06.123397+0000
None-01-01,None,MA00,CHANGE,CHANGE.USD,38236402.856,MAD,OC,recente,2,,office_des_changes\undated\Produits remarquables site 1_14.xlsx,2026-07-23T21:00:06.123397+0000
None-01-01,None,MA00,CHANGE,CHANGE.USD,36486077.60100001,MAD,OC,recente,2,,office_des_changes\undated\Produits remarquables site 1_14.xlsx,2026-07-23T21:00:06.123397+0000
None-01-01,None,MA00,CHANGE,CHANGE.USD,35912636.627,MAD,OC,recente,2,,office_des_changes\undated\Produits remarquables site 1_14.xlsx,2026-07-23T21:00:06.123397+0000
None-01-01,None,MA00,CHANGE,CHANGE.USD,34821587.98199999,MAD,OC,recente,2,,office_des_changes\undated\Produits remarquables site 1_14.xlsx,2026-07-23T21:00:06.123397+0000
None-01-01,None,MA00,CHANGE,CHANGE.USD,31499507.917,MAD,OC,recente,2,,office_des_changes\undated\Produits remarquables site 1_14.xlsx,2026-07-23T21:00:06.123397+0000
None-01-01,None,MA00,CHANGE,CHANGE.USD,28505681.732,MAD,OC,recente,2,,office_des_changes\undated\Produits remarquables site 1_14.xlsx,2026-07-23T21:00:06.123397+0000
None-01-01,None,MA00,CHANGE,CHANGE.USD,25011554.218000002,MAD,OC,recente,2,,office_des_changes\undated\Produits remarquables site 1_14.xlsx,2026-07-23T21:00:06.123397+0000
None-01-01,None,MA00,CHANGE,CHANGE.USD,23905572.509999998,MAD,OC,recente,2,,office_des_changes\undated\Produits remarquables site 1_14.xlsx,2026-07-23T21:00:06.123397+0000
None-01-01,None,MA00,CHANGE,CHANGE.USD,21761357.448000003,MAD,OC,recente,2,,office_des_changes\undated\Produits remarquables site 1_14.xlsx,2026-07-23T21:00:06.123397+0000
None-01-01,None,MA00,CHANGE,CHANGE.USD,20846824.505,MAD,OC,recente,2,,office_des_changes\undated\Produits remarquables site 1_14.xlsx,2026-07-23T21:00:06.123397+0000
None-01-01,None,MA00,CHANGE,CHANGE.USD,20198491.581,MAD,OC,recente,2,,office_des_changes\undated\Produits remarquables site 1_14.xlsx,2026-07-23T21:00:06.123397+0000
None-01-01,None,MA00,CHANGE,CHANGE.USD,20046428.969,MAD,OC,recente,2,,office_des_changes\undated\Produits remarquables site 1_14.xlsx,2026-07-23T21:00:06.123397+0000
None-01-01,None,MA00,CHANGE,CHANGE.USD,19739470.259999998,MAD,OC,recente,2,,office_des_changes\undated\Produits remarquables site 1_14.xlsx,2026-07-23T21:00:06.123397+0000
None-01-01,None,MA00,CHANGE,CHANGE.USD,19662199.53,MAD,OC,recente,2,,office_des_changes\undated\Produits remarquables site 1_14.xlsx,2026-07-23T21:00:06.123397+0000
None-01-01,None,MA00,CHANGE,CHANGE.USD,18518486.8,MAD,OC,recente,2,,office_des_changes\undated\Produits remarquables site 1_14.xlsx,2026-07-23T21:00:06.123397+0000
None-01-01,None,MA00,CHANGE,CHANGE.USD,18278260.378,MAD,OC,recente,2,,office_des_changes\undated\Produits remarquables site 1_14.xlsx,2026-07-23T21:00:06.123397+0000
None-01-01,None,MA00,CHANGE,CHANGE.USD,12523108.999,MAD,OC,recente,2,,office_des_changes\undated\Produits remarquables site 1_14.xlsx,2026-07-23T21:00:06.123397+0000
None-01-01,None,MA00,CHANGE,CHANGE.USD,12228658.0,MAD,OC,recente,2,,office_des_changes\undated\Produits remarquables site 1_14.xlsx,2026-07-23T21:00:06.123397+0000
None-01-01,None,MA00,CHANGE,CHANGE.USD,11532759.645000001,MAD,OC,recente,2,,office_des_changes\undated\Produits remarquables site 1_14.xlsx,2026-07-23T21:00:06.123397+0000
None-01-01,None,MA00,CHANGE,CHANGE.USD,9581678.804000001,MAD,OC,recente,2,,office_des_changes\undated\Produits remarquables site 1_14.xlsx,2026-07-23T21:00:06.123397+0000
None-01-01,None,MA00,CHANGE,CHANGE.USD,8837313.0,MAD,OC,recente,2,,office_des_changes\undated\Produits remarquables site 1_14.xlsx,2026-07-23T21:00:06.123397+0000
None-01-01,None,MA00,CHANGE,CHANGE.USD,6108084.0,MAD,OC,recente,2,,office_des_changes\undated\Produits remarquables site 1_14.xlsx,2026-07-23T21:00:06.123397+0000
None-01-01,None,MA00,CHANGE,CHANGE.USD,6053303.337,MAD,OC,recente,2,,office_des_changes\undated\Produits remarquables site 1_14.xlsx,2026-07-23T21:00:06.123397+0000
None-01-01,None,MA00,CHANGE,CHANGE.USD,6018675.152,MAD,OC,recente,2,,office_des_changes\undated\Produits remarquables site 1_14.xlsx,2026-07-23T21:00:06.123397+0000
None-01-01,None,MA00,CHANGE,CHANGE.USD,5743971.3889999995,MAD,OC,recente,2,,office_des_changes\undated\Produits remarquables site 1_14.xlsx,2026-07-23T21:00:06.123397+0000
None-01-01,None,MA00,CHANGE,CHANGE.USD,5109791.0,MAD,OC,recente,2,,office_des_changes\undated\Produits remarquables site 1_14.xlsx,2026-07-23T21:00:06.123397+0000
None-01-01,None,MA00,CHANGE,CHANGE.USD,4850501.569,MAD,OC,recente,2,,office_des_changes\undated\Produits remarquables site 1_14.xlsx,2026-07-23T21:00:06.123397+0000
None-01-01,None,MA00,CHANGE,CHANGE.USD,4563324.294,MAD,OC,recente,2,,office_des_changes\undated\Produits remarquables site 1_14.xlsx,2026-07-23T21:00:06.123397+0000
None-01-01,None,MA00,CHANGE,CHANGE.USD,4087698.2520000003,MAD,OC,recente,2,,office_des_changes\undated\Produits remarquables site 1_14.xlsx,2026-07-23T21:00:06.123397+0000
None-01-01,None,MA00,CHANGE,CHANGE.USD,2728709.85,MAD,OC,recente,2,,office_des_changes\undated\Produits remarquables site 1_14.xlsx,2026-07-23T21:00:06.123397+0000
None-01-01,None,MA00,CHANGE,CHANGE.USD,2475230.1720000003,MAD,OC,recente,2,,office_des_changes\undated\Produits remarquables site 1_14.xlsx,2026-07-23T21:00:06.123397+0000
None-01-01,None,MA00,CHANGE,CHANGE.USD,2110011.0,MAD,OC,recente,2,,office_des_changes\undated\Produits remarquables site 1_14.xlsx,2026-07-23T21:00:06.123397+0000
None-01-01,None,MA00,CHANGE,CHANGE.USD,1283315.96,MAD,OC,recente,2,,office_des_changes\undated\Produits remarquables site 1_14.xlsx,2026-07-23T21:00:06.123397+0000
None-01-01,None,MA00,CHANGE,CHANGE.USD,1207452.838999994,MAD,OC,recente,2,,office_des_changes\undated\Produits remarquables site 1_14.xlsx,2026-07-23T21:00:06.123397+0000
None-01-01,None,MA00,CHANGE,CHANGE.USD,1073529.0,MAD,OC,recente,2,,office_des_changes\undated\Produits remarquables site 1_14.xlsx,2026-07-23T21:00:06.123397+0000
None-01-01,None,MA00,CHANGE,CHANGE.USD,622012.0,MAD,OC,recente,2,,office_des_changes\undated\Produits remarquables site 1_14.xlsx,2026-07-23T21:00:06.123397+0000
None-01-01,None,MA00,CHANGE,CHANGE.USD,495652.0,MAD,OC,recente,2,,office_des_changes\undated\Produits remarquables site 1_14.xlsx,2026-07-23T21:00:06.123397+0000
None-01-01,None,MA00,CHANGE,CHANGE.USD,495114.809,MAD,OC,recente,2,,office_des_changes\undated\Produits remarquables site 1_14.xlsx,2026-07-23T21:00:06.123397+0000
None-01-01,None,MA00,CHANGE,CHANGE.USD,372046.45499999996,MAD,OC,recente,2,,office_des_changes\undated\Produits remarquables site 1_14.xlsx,2026-07-23T21:00:06.123397+0000
None-01-01,None,MA00,CHANGE,CHANGE.USD,366160.9,MAD,OC,recente,2,,office_des_changes\undated\Produits remarquables site 1_14.xlsx,2026-07-23T21:00:06.123397+0000
None-01-01,None,MA00,CHANGE,CHANGE.USD,352931.04,MAD,OC,recente,2,,office_des_changes\undated\Produits remarquables site 1_14.xlsx,2026-07-23T21:00:06.123397+0000
None-01-01,None,MA00,CHANGE,CHANGE.USD,307000.0,MAD,OC,recente,2,,office_des_changes\undated\Produits remarquables site 1_14.xlsx,2026-07-23T21:00:06.123397+0000
None-01-01,None,MA00,CHANGE,CHANGE.USD,227625.91999999998,MAD,OC,recente,2,,office_des_changes\undated\Produits remarquables site 1_14.xlsx,2026-07-23T21:00:06.123397+0000
None-01-01,None,MA00,CHANGE,CHANGE.USD,111269.1,MAD,OC,recente,2,,office_des_changes\undated\Produits remarquables site 1_14.xlsx,2026-07-23T21:00:06.123397+0000
None-01-01,None,MA00,CHANGE,CHANGE.USD,57328.0,MAD,OC,recente,2,,office_des_changes\undated\Produits remarquables site 1_14.xlsx,2026-07-23T21:00:06.123397+0000
None-01-01,None,MA00,CHANGE,CHANGE.USD,49067.0,MAD,OC,recente,2,,office_des_changes\undated\Produits remarquables site 1_14.xlsx,2026-07-23T21:00:06.123397+0000
None-01-01,None,MA00,CHANGE,CHANGE.USD,29530.0,MAD,OC,recente,2,,office_des_changes\undated\Produits remarquables site 1_14.xlsx,2026-07-23T21:00:06.123397+0000
None-01-01,None,MA00,CHANGE,CHANGE.USD,24580.0,MAD,OC,recente,2,,office_des_changes\undated\Produits remarquables site 1_14.xlsx,2026-07-23T21:00:06.123397+0000
None-01-01,None,MA00,CHANGE,CHANGE.USD,630.0,MAD,OC,recente,2,,office_des_changes\undated\Produits remarquables site 1_14.xlsx,2026-07-23T21:00:06.123397+0000
None-01-01,None,MA00,CHANGE,CHANGE.USD,0.0,MAD,OC,recente,2,,office_des_changes\undated\Produits remarquables site 1_14.xlsx,2026-07-23T21:00:06.123397+0000
02-01-01,02,MA00,CHANGE,CHANGE.USD,6239931323.495,MAD,OC,recente,2,,office_des_changes\undated\Produits remarquables site 1_14.xlsx,2026-07-23T21:00:06.123397+0000
03-01-01,03,MA00,CHANGE,CHANGE.USD,2906279391.824,MAD,OC,recente,2,,office_des_changes\undated\Produits remarquables site 1_14.xlsx,2026-07-23T21:00:06.123397+0000
04-01-01,04,MA00,CHANGE,CHANGE.USD,2766936174.312,MAD,OC,recente,2,,office_des_changes\undated\Produits remarquables site 1_14.xlsx,2026-07-23T21:00:06.123397+0000
None-01-01,None,MA00,CHANGE,CHANGE.USD,2041911607.506,MAD,OC,recente,2,,office_des_changes\undated\Produits remarquables site 1_14.xlsx,2026-07-23T21:00:06.123397+0000
None-01-01,None,MA00,CHANGE,CHANGE.USD,1397850063.0049999,MAD,OC,recente,2,,office_des_changes\undated\Produits remarquables site 1_14.xlsx,2026-07-23T21:00:06.123397+0000
None-01-01,None,MA00,CHANGE,CHANGE.USD,1394121657.0,MAD,OC,recente,2,,office_des_changes\undated\Produits remarquables site 1_14.xlsx,2026-07-23T21:00:06.123397+0000
None-01-01,None,MA00,CHANGE,CHANGE.USD,1029246625.6080002,MAD,OC,recente,2,,office_des_changes\undated\Produits remarquables site 1_14.xlsx,2026-07-23T21:00:06.123397+0000
None-01-01,None,MA00,CHANGE,CHANGE.USD,945157050.412,MAD,OC,recente,2,,office_des_changes\undated\Produits remarquables site 1_14.xlsx,2026-07-23T21:00:06.123397+0000
None-01-01,None,MA00,CHANGE,CHANGE.USD,927608131.138,MAD,OC,recente,2,,office_des_changes\undated\Produits remarquables site 1_14.xlsx,2026-07-23T21:00:06.123397+0000
None-01-01,None,MA00,CHANGE,CHANGE.USD,830591199.3269998,MAD,OC,recente,2,,office_des_changes\undated\Produits remarquables site 1_14.xlsx,2026-07-23T21:00:06.123397+0000
None-01-01,None,MA00,CHANGE,CHANGE.USD,763609887.7179993,MAD,OC,recente,2,,office_des_changes\undated\Produits remarquables site 1_14.xlsx,2026-07-23T21:00:06.123397+0000
None-01-01,None,MA00,CHANGE,CHANGE.USD,733154526.63,MAD,OC,recente,2,,office_des_changes\undated\Produits remarquables site 1_14.xlsx,2026-07-23T21:00:06.123397+0000
None-01-01,None,MA00,CHANGE,CHANGE.USD,724366013.3389999,MAD,OC,recente,2,,office_des_changes\undated\Produits remarquables site 1_14.xlsx,2026-07-23T21:00:06.123397+0000
None-01-01,None,MA00,CHANGE,CHANGE.USD,696345069.523,MAD,OC,recente,2,,office_des_changes\undated\Produits remarquables site 1_14.xlsx,2026-07-23T21:00:06.123397+0000
None-01-01,None,MA00,CHANGE,CHANGE.USD,665818524.55,MAD,OC,recente,2,,office_des_changes\undated\Produits remarquables site 1_14.xlsx,2026-07-23T21:00:06.123397+0000
None-01-01,None,MA00,CHANGE,CHANGE.USD,639623627.9600002,MAD,OC,recente,2,,office_des_changes\undated\Produits remarquables site 1_14.xlsx,2026-07-23T21:00:06.123397+0000
None-01-01,None,MA00,CHANGE,CHANGE.USD,577933865.679,MAD,OC,recente,2,,office_des_changes\undated\Produits remarquables site 1_14.xlsx,2026-07-23T21:00:06.123397+0000
None-01-01,None,MA00,CHANGE,CHANGE.USD,553100079.7359998,MAD,OC,recente,2,,office_des_changes\undated\Produits remarquables site 1_14.xlsx,2026-07-23T21:00:06.123397+0000
None-01-01,None,MA00,CHANGE,CHANGE.USD,509051875.1099999,MAD,OC,recente,2,,office_des_changes\undated\Produits remarquables site 1_14.xlsx,2026-07-23T21:00:06.123397+0000
None-01-01,None,MA00,CHANGE,CHANGE.USD,485109496.536,MAD,OC,recente,2,,office_des_changes\undated\Produits remarquables site 1_14.xlsx,2026-07-23T21:00:06.123397+0000
None-01-01,None,MA00,CHANGE,CHANGE.USD,467943092.555,MAD,OC,recente,2,,office_des_changes\undated\Produits remarquables site 1_14.xlsx,2026-07-23T21:00:06.123397+0000
None-01-01,None,MA00,CHANGE,CHANGE.USD,451925218.46199995,MAD,OC,recente,2,,office_des_changes\undated\Produits remarquables site 1_14.xlsx,2026-07-23T21:00:06.123397+0000
None-01-01,None,MA00,CHANGE,CHANGE.USD,381522283.253,MAD,OC,recente,2,,office_des_changes\undated\Produits remarquables site 1_14.xlsx,2026-07-23T21:00:06.123397+0000
None-01-01,None,MA00,CHANGE,CHANGE.USD,361993435.67200005,MAD,OC,recente,2,,office_des_changes\undated\Produits remarquables site 1_14.xlsx,2026-07-23T21:00:06.123397+0000
None-01-01,None,MA00,CHANGE,CHANGE.USD,342453688.82799995,MAD,OC,recente,2,,office_des_changes\undated\Produits remarquables site 1_14.xlsx,2026-07-23T21:00:06.123397+0000
None-01-01,None,MA00,CHANGE,CHANGE.USD,261677336.905,MAD,OC,recente,2,,office_des_changes\undated\Produits remarquables site 1_14.xlsx,2026-07-23T21:00:06.123397+0000
None-01-01,None,MA00,CHANGE,CHANGE.USD,261474922.08,MAD,OC,recente,2,,office_des_changes\undated\Produits remarquables site 1_14.xlsx,2026-07-23T21:00:06.123397+0000
None-01-01,None,MA00,CHANGE,CHANGE.USD,235414873.0,MAD,OC,recente,2,,office_des_changes\undated\Produits remarquables site 1_14.xlsx,2026-07-23T21:00:06.123397+0000
None-01-01,None,MA00,CHANGE,CHANGE.USD,220086188.0,MAD,OC,recente,2,,office_des_changes\undated\Produits remarquables site 1_14.xlsx,2026-07-23T21:00:06.123397+0000
None-01-01,None,MA00,CHANGE,CHANGE.USD,200001592.0,MAD,OC,recente,2,,office_des_changes\undated\Produits remarquables site 1_14.xlsx,2026-07-23T21:00:06.123397+0000
None-01-01,None,MA00,CHANGE,CHANGE.USD,189503741.236,MAD,OC,recente,2,,office_des_changes\undated\Produits remarquables site 1_14.xlsx,2026-07-23T21:00:06.123397+0000
None-01-01,None,MA00,CHANGE,CHANGE.USD,161220574.94200003,MAD,OC,recente,2,,office_des_changes\undated\Produits remarquables site 1_14.xlsx,2026-07-23T21:00:06.123397+0000
None-01-01,None,MA00,CHANGE,CHANGE.USD,160287085.56699994,MAD,OC,recente,2,,office_des_changes\undated\Produits remarquables site 1_14.xlsx,2026-07-23T21:00:06.123397+0000
None-01-01,None,MA00,CHANGE,CHANGE.USD,133365314.418,MAD,OC,recente,2,,office_des_changes\undated\Produits remarquables site 1_14.xlsx,2026-07-23T21:00:06.123397+0000
None-01-01,None,MA00,CHANGE,CHANGE.USD,118789245.871,MAD,OC,recente,2,,office_des_changes\undated\Produits remarquables site 1_14.xlsx,2026-07-23T21:00:06.123397+0000
None-01-01,None,MA00,CHANGE,CHANGE.USD,109419910.905,MAD,OC,recente,2,,office_des_changes\undated\Produits remarquables site 1_14.xlsx,2026-07-23T21:00:06.123397+0000
None-01-01,None,MA00,CHANGE,CHANGE.USD,88050826.57599999,MAD,OC,recente,2,,office_des_changes\undated\Produits remarquables site 1_14.xlsx,2026-07-23T21:00:06.123397+0000
None-01-01,None,MA00,CHANGE,CHANGE.USD,79952877.034,MAD,OC,recente,2,,office_des_changes\undated\Produits remarquables site 1_14.xlsx,2026-07-23T21:00:06.123397+0000
None-01-01,None,MA00,CHANGE,CHANGE.USD,61325085.09799999,MAD,OC,recente,2,,office_des_changes\undated\Produits remarquables site 1_14.xlsx,2026-07-23T21:00:06.123397+0000
None-01-01,None,MA00,CHANGE,CHANGE.USD,52049052.0,MAD,OC,recente,2,,office_des_changes\undated\Produits remarquables site 1_14.xlsx,2026-07-23T21:00:06.123397+0000
None-01-01,None,MA00,CHANGE,CHANGE.USD,44659928.114999995,MAD,OC,recente,2,,office_des_changes\undated\Produits remarquables site 1_14.xlsx,2026-07-23T21:00:06.123397+0000
None-01-01,None,MA00,CHANGE,CHANGE.USD,38916774.0,MAD,OC,recente,2,,office_des_changes\undated\Produits remarquables site 1_14.xlsx,2026-07-23T21:00:06.123397+0000
None-01-01,None,MA00,CHANGE,CHANGE.USD,25604652.0,MAD,OC,recente,2,,office_des_changes\undated\Produits remarquables site 1_14.xlsx,2026-07-23T21:00:06.123397+0000
None-01-01,None,MA00,CHANGE,CHANGE.USD,23940404.46,MAD,OC,recente,2,,office_des_changes\undated\Produits remarquables site 1_14.xlsx,2026-07-23T21:00:06.123397+0000
None-01-01,None,MA00,CHANGE,CHANGE.USD,18990424.7,MAD,OC,recente,2,,office_des_changes\undated\Produits remarquables site 1_14.xlsx,2026-07-23T21:00:06.123397+0000
None-01-01,None,MA00,CHANGE,CHANGE.USD,15120538.0,MAD,OC,recente,2,,office_des_changes\undated\Produits remarquables site 1_14.xlsx,2026-07-23T21:00:06.123397+0000
None-01-01,None,MA00,CHANGE,CHANGE.USD,13598925.603,MAD,OC,recente,2,,office_des_changes\undated\Produits remarquables site 1_14.xlsx,2026-07-23T21:00:06.123397+0000
None-01-01,None,MA00,CHANGE,CHANGE.USD,11221636.0,MAD,OC,recente,2,,office_des_changes\undated\Produits remarquables site 1_14.xlsx,2026-07-23T21:00:06.123397+0000
None-01-01,None,MA00,CHANGE,CHANGE.USD,5995598.266,MAD,OC,recente,2,,office_des_changes\undated\Produits remarquables site 1_14.xlsx,2026-07-23T21:00:06.123397+0000
None-01-01,None,MA00,CHANGE,CHANGE.USD,2712422.0,MAD,OC,recente,2,,office_des_changes\undated\Produits remarquables site 1_14.xlsx,2026-07-23T21:00:06.123397+0000
None-01-01,None,MA00,CHANGE,CHANGE.USD,906191.5,MAD,OC,recente,2,,office_des_changes\undated\Produits remarquables site 1_14.xlsx,2026-07-23T21:00:06.123397+0000
None-01-01,None,MA00,CHANGE,CHANGE.USD,70899.95,MAD,OC,recente,2,,office_des_changes\undated\Produits remarquables site 1_14.xlsx,2026-07-23T21:00:06.123397+0000
None-01-01,None,MA00,CHANGE,CHANGE.USD,48519.0,MAD,OC,recente,2,,office_des_changes\undated\Produits remarquables site 1_14.xlsx,2026-07-23T21:00:06.123397+0000
02-01-01,02,MA00,CHANGE,CHANGE.USD,7253237340.606999,MAD,OC,recente,2,,office_des_changes\undated\Produits remarquables site 1_14.xlsx,2026-07-23T21:00:06.123397+0000
03-01-01,03,MA00,CHANGE,CHANGE.USD,5418172336.016999,MAD,OC,recente,2,,office_des_changes\undated\Produits remarquables site 1_14.xlsx,2026-07-23T21:00:06.123397+0000
04-01-01,04,MA00,CHANGE,CHANGE.USD,5122072070.352999,MAD,OC,recente,2,,office_des_changes\undated\Produits remarquables site 1_14.xlsx,2026-07-23T21:00:06.123397+0000
None-01-01,None,MA00,CHANGE,CHANGE.USD,3027803209.397999,MAD,OC,recente,2,,office_des_changes\undated\Produits remarquables site 1_14.xlsx,2026-07-23T21:00:06.123397+0000
None-01-01,None,MA00,CHANGE,CHANGE.USD,2605470711.0,MAD,OC,recente,2,,office_des_changes\undated\Produits remarquables site 1_14.xlsx,2026-07-23T21:00:06.123397+0000
None-01-01,None,MA00,CHANGE,CHANGE.USD,2484277084.6729984,MAD,OC,recente,2,,office_des_changes\undated\Produits remarquables site 1_14.xlsx,2026-07-23T21:00:06.123397+0000
None-01-01,None,MA00,CHANGE,CHANGE.USD,2288336657.075,MAD,OC,recente,2,,office_des_changes\undated\Produits remarquables site 1_14.xlsx,2026-07-23T21:00:06.123397+0000
None-01-01,None,MA00,CHANGE,CHANGE.USD,1450279764.4089997,MAD,OC,recente,2,,office_des_changes\undated\Produits remarquables site 1_14.xlsx,2026-07-23T21:00:06.123397+0000
None-01-01,None,MA00,CHANGE,CHANGE.USD,1450127177.8600001,MAD,OC,recente,2,,office_des_changes\undated\Produits remarquables site 1_14.xlsx,2026-07-23T21:00:06.123397+0000
None-01-01,None,MA00,CHANGE,CHANGE.USD,1416962598.355,MAD,OC,recente,2,,office_des_changes\undated\Produits remarquables site 1_14.xlsx,2026-07-23T21:00:06.123397+0000
None-01-01,None,MA00,CHANGE,CHANGE.USD,1352573192.9120002,MAD,OC,recente,2,,office_des_changes\undated\Produits remarquables site 1_14.xlsx,2026-07-23T21:00:06.123397+0000
None-01-01,None,MA00,CHANGE,CHANGE.USD,1158417912.451,MAD,OC,recente,2,,office_des_changes\undated\Produits remarquables site 1_14.xlsx,2026-07-23T21:00:06.123397+0000
None-01-01,None,MA00,CHANGE,CHANGE.USD,1119824986.7359998,MAD,OC,recente,2,,office_des_changes\undated\Produits remarquables site 1_14.xlsx,2026-07-23T21:00:06.123397+0000
None-01-01,None,MA00,CHANGE,CHANGE.USD,1107359478.8929996,MAD,OC,recente,2,,office_des_changes\undated\Produits remarquables site 1_14.xlsx,2026-07-23T21:00:06.123397+0000
None-01-01,None,MA00,CHANGE,CHANGE.USD,1028683106.084,MAD,OC,recente,2,,office_des_changes\undated\Produits remarquables site 1_14.xlsx,2026-07-23T21:00:06.123397+0000
None-01-01,None,MA00,CHANGE,CHANGE.USD,1021521827.9729999,MAD,OC,recente,2,,office_des_changes\undated\Produits remarquables site 1_14.xlsx,2026-07-23T21:00:06.123397+0000
None-01-01,None,MA00,CHANGE,CHANGE.USD,1019852919.4380003,MAD,OC,recente,2,,office_des_changes\undated\Produits remarquables site 1_14.xlsx,2026-07-23T21:00:06.123397+0000
None-01-01,None,MA00,CHANGE,CHANGE.USD,928645970.8410001,MAD,OC,recente,2,,office_des_changes\undated\Produits remarquables site 1_14.xlsx,2026-07-23T21:00:06.123397+0000
None-01-01,None,MA00,CHANGE,CHANGE.USD,923342416.1379998,MAD,OC,recente,2,,office_des_changes\undated\Produits remarquables site 1_14.xlsx,2026-07-23T21:00:06.123397+0000
None-01-01,None,MA00,CHANGE,CHANGE.USD,885033828.7199998,MAD,OC,recente,2,,office_des_changes\undated\Produits remarquables site 1_14.xlsx,2026-07-23T21:00:06.123397+0000
None-01-01,None,MA00,CHANGE,CHANGE.USD,870688258.5740002,MAD,OC,recente,2,,office_des_changes\undated\Produits remarquables site 1_14.xlsx,2026-07-23T21:00:06.123397+0000
None-01-01,None,MA00,CHANGE,CHANGE.USD,857304455.877,MAD,OC,recente,2,,office_des_changes\undated\Produits remarquables site 1_14.xlsx,2026-07-23T21:00:06.123397+0000
None-01-01,None,MA00,CHANGE,CHANGE.USD,844484417.1630001,MAD,OC,recente,2,,office_des_changes\undated\Produits remarquables site 1_14.xlsx,2026-07-23T21:00:06.123397+0000
None-01-01,None,MA00,CHANGE,CHANGE.USD,751049077.287,MAD,OC,recente,2,,office_des_changes\undated\Produits remarquables site 1_14.xlsx,2026-07-23T21:00:06.123397+0000
None-01-01,None,MA00,CHANGE,CHANGE.USD,729857755.679,MAD,OC,recente,2,,office_des_changes\undated\Produits remarquables site 1_14.xlsx,2026-07-23T21:00:06.123397+0000
None-01-01,None,MA00,CHANGE,CHANGE.USD,645910808.0790001,MAD,OC,recente,2,,office_des_changes\undated\Produits remarquables site 1_14.xlsx,2026-07-23T21:00:06.123397+0000
None-01-01,None,MA00,CHANGE,CHANGE.USD,632181719.0949999,MAD,OC,recente,2,,office_des_changes\undated\Produits remarquables site 1_14.xlsx,2026-07-23T21:00:06.123397+0000
None-01-01,None,MA00,CHANGE,CHANGE.USD,583753239.865,MAD,OC,recente,2,,office_des_changes\undated\Produits remarquables site 1_14.xlsx,2026-07-23T21:00:06.123397+0000
None-01-01,None,MA00,CHANGE,CHANGE.USD,575322562.8450001,MAD,OC,recente,2,,office_des_changes\undated\Produits remarquables site 1_14.xlsx,2026-07-23T21:00:06.123397+0000
None-01-01,None,MA00,CHANGE,CHANGE.USD,533475678.803,MAD,OC,recente,2,,office_des_changes\undated\Produits remarquables site 1_14.xlsx,2026-07-23T21:00:06.123397+0000
None-01-01,None,MA00,CHANGE,CHANGE.USD,529608607.587,MAD,OC,recente,2,,office_des_changes\undated\Produits remarquables site 1_14.xlsx,2026-07-23T21:00:06.123397+0000
None-01-01,None,MA00,CHANGE,CHANGE.USD,487936749.65600014,MAD,OC,recente,2,,office_des_changes\undated\Produits remarquables site 1_14.xlsx,2026-07-23T21:00:06.123397+0000
None-01-01,None,MA00,CHANGE,CHANGE.USD,406099897.029,MAD,OC,recente,2,,office_des_changes\undated\Produits remarquables site 1_14.xlsx,2026-07-23T21:00:06.123397+0000
None-01-01,None,MA00,CHANGE,CHANGE.USD,342254626.123,MAD,OC,recente,2,,office_des_changes\undated\Produits remarquables site 1_14.xlsx,2026-07-23T21:00:06.123397+0000
None-01-01,None,MA00,CHANGE,CHANGE.USD,325340499.934,MAD,OC,recente,2,,office_des_changes\undated\Produits remarquables site 1_14.xlsx,2026-07-23T21:00:06.123397+0000
None-01-01,None,MA00,CHANGE,CHANGE.USD,286245555.22999996,MAD,OC,recente,2,,office_des_changes\undated\Produits remarquables site 1_14.xlsx,2026-07-23T21:00:06.123397+0000
None-01-01,None,MA00,CHANGE,CHANGE.USD,249247209.00199997,MAD,OC,recente,2,,office_des_changes\undated\Produits remarquables site 1_14.xlsx,2026-07-23T21:00:06.123397+0000
None-01-01,None,MA00,CHANGE,CHANGE.USD,245529502.23200002,MAD,OC,recente,2,,office_des_changes\undated\Produits remarquables site 1_14.xlsx,2026-07-23T21:00:06.123397+0000
None-01-01,None,MA00,CHANGE,CHANGE.USD,242891361.78399995,MAD,OC,recente,2,,office_des_changes\undated\Produits remarquables site 1_14.xlsx,2026-07-23T21:00:06.123397+0000
None-01-01,None,MA00,CHANGE,CHANGE.USD,233701357.32599995,MAD,OC,recente,2,,office_des_changes\undated\Produits remarquables site 1_14.xlsx,2026-07-23T21:00:06.123397+0000
None-01-01,None,MA00,CHANGE,CHANGE.USD,232357221.98499998,MAD,OC,recente,2,,office_des_changes\undated\Produits remarquables site 1_14.xlsx,2026-07-23T21:00:06.123397+0000
None-01-01,None,MA00,CHANGE,CHANGE.USD,194850458.19300002,MAD,OC,recente,2,,office_des_changes\undated\Produits remarquables site 1_14.xlsx,2026-07-23T21:00:06.123397+0000
None-01-01,None,MA00,CHANGE,CHANGE.USD,187770426.709,MAD,OC,recente,2,,office_des_changes\undated\Produits remarquables site 1_14.xlsx,2026-07-23T21:00:06.123397+0000
None-01-01,None,MA00,CHANGE,CHANGE.USD,173226244.15300003,MAD,OC,recente,2,,office_des_changes\undated\Produits remarquables site 1_14.xlsx,2026-07-23T21:00:06.123397+0000
None-01-01,None,MA00,CHANGE,CHANGE.USD,166312666.01899996,MAD,OC,recente,2,,office_des_changes\undated\Produits remarquables site 1_14.xlsx,2026-07-23T21:00:06.123397+0000
None-01-01,None,MA00,CHANGE,CHANGE.USD,146637942.777,MAD,OC,recente,2,,office_des_changes\undated\Produits remarquables site 1_14.xlsx,2026-07-23T21:00:06.123397+0000
None-01-01,None,MA00,CHANGE,CHANGE.USD,139817909.032,MAD,OC,recente,2,,office_des_changes\undated\Produits remarquables site 1_14.xlsx,2026-07-23T21:00:06.123397+0000
None-01-01,None,MA00,CHANGE,CHANGE.USD,132623154.32300006,MAD,OC,recente,2,,office_des_changes\undated\Produits remarquables site 1_14.xlsx,2026-07-23T21:00:06.123397+0000
None-01-01,None,MA00,CHANGE,CHANGE.USD,127193135.43599999,MAD,OC,recente,2,,office_des_changes\undated\Produits remarquables site 1_14.xlsx,2026-07-23T21:00:06.123397+0000
None-01-01,None,MA00,CHANGE,CHANGE.USD,124191438.419,MAD,OC,recente,2,,office_des_changes\undated\Produits remarquables site 1_14.xlsx,2026-07-23T21:00:06.123397+0000
None-01-01,None,MA00,CHANGE,CHANGE.USD,121067150.472,MAD,OC,recente,2,,office_des_changes\undated\Produits remarquables site 1_14.xlsx,2026-07-23T21:00:06.123397+0000
None-01-01,None,MA00,CHANGE,CHANGE.USD,117881822.554,MAD,OC,recente,2,,office_des_changes\undated\Produits remarquables site 1_14.xlsx,2026-07-23T21:00:06.123397+0000
None-01-01,None,MA00,CHANGE,CHANGE.USD,115622406.062,MAD,OC,recente,2,,office_des_changes\undated\Produits remarquables site 1_14.xlsx,2026-07-23T21:00:06.123397+0000
None-01-01,None,MA00,CHANGE,CHANGE.USD,101468401.49599998,MAD,OC,recente,2,,office_des_changes\undated\Produits remarquables site 1_14.xlsx,2026-07-23T21:00:06.123397+0000
None-01-01,None,MA00,CHANGE,CHANGE.USD,97922143.36799999,MAD,OC,recente,2,,office_des_changes\undated\Produits remarquables site 1_14.xlsx,2026-07-23T21:00:06.123397+0000
None-01-01,None,MA00,CHANGE,CHANGE.USD,94567341.66199999,MAD,OC,recente,2,,office_des_changes\undated\Produits remarquables site 1_14.xlsx,2026-07-23T21:00:06.123397+0000
None-01-01,None,MA00,CHANGE,CHANGE.USD,91916654.05000004,MAD,OC,recente,2,,office_des_changes\undated\Produits remarquables site 1_14.xlsx,2026-07-23T21:00:06.123397+0000
None-01-01,None,MA00,CHANGE,CHANGE.USD,90133323.03400001,MAD,OC,recente,2,,office_des_changes\undated\Produits remarquables site 1_14.xlsx,2026-07-23T21:00:06.123397+0000
None-01-01,None,MA00,CHANGE,CHANGE.USD,79541836.659,MAD,OC,recente,2,,office_des_changes\undated\Produits remarquables site 1_14.xlsx,2026-07-23T21:00:06.123397+0000
None-01-01,None,MA00,CHANGE,CHANGE.USD,71174436.46700001,MAD,OC,recente,2,,office_des_changes\undated\Produits remarquables site 1_14.xlsx,2026-07-23T21:00:06.123397+0000
None-01-01,None,MA00,CHANGE,CHANGE.USD,60777910.833000004,MAD,OC,recente,2,,office_des_changes\undated\Produits remarquables site 1_14.xlsx,2026-07-23T21:00:06.123397+0000
None-01-01,None,MA00,CHANGE,CHANGE.USD,42269266.12,MAD,OC,recente,2,,office_des_changes\undated\Produits remarquables site 1_14.xlsx,2026-07-23T21:00:06.123397+0000
None-01-01,None,MA00,CHANGE,CHANGE.USD,37982739.601,MAD,OC,recente,2,,office_des_changes\undated\Produits remarquables site 1_14.xlsx,2026-07-23T21:00:06.123397+0000
None-01-01,None,MA00,CHANGE,CHANGE.USD,37357977.026,MAD,OC,recente,2,,office_des_changes\undated\Produits remarquables site 1_14.xlsx,2026-07-23T21:00:06.123397+0000
None-01-01,None,MA00,CHANGE,CHANGE.USD,27677543.0,MAD,OC,recente,2,,office_des_changes\undated\Produits remarquables site 1_14.xlsx,2026-07-23T21:00:06.123397+0000
None-01-01,None,MA00,CHANGE,CHANGE.USD,26275187.0,MAD,OC,recente,2,,office_des_changes\undated\Produits remarquables site 1_14.xlsx,2026-07-23T21:00:06.123397+0000
None-01-01,None,MA00,CHANGE,CHANGE.USD,22183151.128999997,MAD,OC,recente,2,,office_des_changes\undated\Produits remarquables site 1_14.xlsx,2026-07-23T21:00:06.123397+0000
None-01-01,None,MA00,CHANGE,CHANGE.USD,20601744.537000015,MAD,OC,recente,2,,office_des_changes\undated\Produits remarquables site 1_14.xlsx,2026-07-23T21:00:06.123397+0000
None-01-01,None,MA00,CHANGE,CHANGE.USD,19670995.259999998,MAD,OC,recente,2,,office_des_changes\undated\Produits remarquables site 1_14.xlsx,2026-07-23T21:00:06.123397+0000
None-01-01,None,MA00,CHANGE,CHANGE.USD,17131505.950000003,MAD,OC,recente,2,,office_des_changes\undated\Produits remarquables site 1_14.xlsx,2026-07-23T21:00:06.123397+0000
None-01-01,None,MA00,CHANGE,CHANGE.USD,6511597.092000001,MAD,OC,recente,2,,office_des_changes\undated\Produits remarquables site 1_14.xlsx,2026-07-23T21:00:06.123397+0000
None-01-01,None,MA00,CHANGE,CHANGE.USD,5345193.187000001,MAD,OC,recente,2,,office_des_changes\undated\Produits remarquables site 1_14.xlsx,2026-07-23T21:00:06.123397+0000
None-01-01,None,MA00,CHANGE,CHANGE.USD,3374023.116,MAD,OC,recente,2,,office_des_changes\undated\Produits remarquables site 1_14.xlsx,2026-07-23T21:00:06.123397+0000
None-01-01,None,MA00,CHANGE,CHANGE.USD,2162616.0,MAD,OC,recente,2,,office_des_changes\undated\Produits remarquables site 1_14.xlsx,2026-07-23T21:00:06.123397+0000
None-01-01,None,MA00,CHANGE,CHANGE.USD,2117223.68,MAD,OC,recente,2,,office_des_changes\undated\Produits remarquables site 1_14.xlsx,2026-07-23T21:00:06.123397+0000
None-01-01,None,MA00,CHANGE,CHANGE.USD,1340383.0,MAD,OC,recente,2,,office_des_changes\undated\Produits remarquables site 1_14.xlsx,2026-07-23T21:00:06.123397+0000
None-01-01,None,MA00,CHANGE,CHANGE.USD,1255475.0010000002,MAD,OC,recente,2,,office_des_changes\undated\Produits remarquables site 1_14.xlsx,2026-07-23T21:00:06.123397+0000
None-01-01,None,MA00,CHANGE,CHANGE.USD,811619.51,MAD,OC,recente,2,,office_des_changes\undated\Produits remarquables site 1_14.xlsx,2026-07-23T21:00:06.123397+0000
None-01-01,None,MA00,CHANGE,CHANGE.USD,522092.9529999999,MAD,OC,recente,2,,office_des_changes\undated\Produits remarquables site 1_14.xlsx,2026-07-23T21:00:06.123397+0000
None-01-01,None,MA00,CHANGE,CHANGE.USD,428799.416,MAD,OC,recente,2,,office_des_changes\undated\Produits remarquables site 1_14.xlsx,2026-07-23T21:00:06.123397+0000
None-01-01,None,MA00,CHANGE,CHANGE.USD,257810.02,MAD,OC,recente,2,,office_des_changes\undated\Produits remarquables site 1_14.xlsx,2026-07-23T21:00:06.123397+0000
None-01-01,None,MA00,CHANGE,CHANGE.USD,9021.67,MAD,OC,recente,2,,office_des_changes\undated\Produits remarquables site 1_14.xlsx,2026-07-23T21:00:06.123397+0000
None-01-01,None,MA00,CHANGE,CHANGE.USD,0.0,MAD,OC,recente,2,,office_des_changes\undated\Produits remarquables site 1_14.xlsx,2026-07-23T21:00:06.123397+0000
02-01-01,02,MA00,CHANGE,CHANGE.USD,21783013036.840996,MAD,OC,recente,2,,office_des_changes\undated\Produits remarquables site 1_14.xlsx,2026-07-23T21:00:06.123397+0000
03-01-01,03,MA00,CHANGE,CHANGE.USD,7028872550.686001,MAD,OC,recente,2,,office_des_changes\undated\Produits remarquables site 1_14.xlsx,2026-07-23T21:00:06.123397+0000
04-01-01,04,MA00,CHANGE,CHANGE.USD,5273801094.227,MAD,OC,recente,2,,office_des_changes\undated\Produits remarquables site 1_14.xlsx,2026-07-23T21:00:06.123397+0000
None-01-01,None,MA00,CHANGE,CHANGE.USD,4140531596.116,MAD,OC,recente,2,,office_des_changes\undated\Produits remarquables site 1_14.xlsx,2026-07-23T21:00:06.123397+0000
None-01-01,None,MA00,CHANGE,CHANGE.USD,2439926428.738001,MAD,OC,recente,2,,office_des_changes\undated\Produits remarquables site 1_14.xlsx,2026-07-23T21:00:06.123397+0000
None-01-01,None,MA00,CHANGE,CHANGE.USD,618653908.902,MAD,OC,recente,2,,office_des_changes\undated\Produits remarquables site 1_14.xlsx,2026-07-23T21:00:06.123397+0000
None-01-01,None,MA00,CHANGE,CHANGE.USD,495830503.0,MAD,OC,recente,2,,office_des_changes\undated\Produits remarquables site 1_14.xlsx,2026-07-23T21:00:06.123397+0000
02-01-01,02,MA00,CHANGE,CHANGE.USD,864442291.14,MAD,OC,recente,2,,office_des_changes\undated\Produits remarquables site 1_14.xlsx,2026-07-23T21:00:06.123397+0000
02-01-01,02,MA00,CHANGE,CHANGE.USD,2432635495.0,MAD,OC,recente,2,,office_des_changes\undated\Produits remarquables site 1_14.xlsx,2026-07-23T21:00:06.123397+0000
03-01-01,03,MA00,CHANGE,CHANGE.USD,838370008.8269999,MAD,OC,recente,2,,office_des_changes\undated\Produits remarquables site 1_14.xlsx,2026-07-23T21:00:06.123397+0000
04-01-01,04,MA00,CHANGE,CHANGE.USD,614484247.8820001,MAD,OC,recente,2,,office_des_changes\undated\Produits remarquables site 1_14.xlsx,2026-07-23T21:00:06.123397+0000
None-01-01,None,MA00,CHANGE,CHANGE.USD,418832944.874,MAD,OC,recente,2,,office_des_changes\undated\Produits remarquables site 1_14.xlsx,2026-07-23T21:00:06.123397+0000
None-01-01,None,MA00,CHANGE,CHANGE.USD,305352041.0,MAD,OC,recente,2,,office_des_changes\undated\Produits remarquables site 1_14.xlsx,2026-07-23T21:00:06.123397+0000
None-01-01,None,MA00,CHANGE,CHANGE.USD,252242391.412,MAD,OC,recente,2,,office_des_changes\undated\Produits remarquables site 1_14.xlsx,2026-07-23T21:00:06.123397+0000
None-01-01,None,MA00,CHANGE,CHANGE.USD,250704044.0,MAD,OC,recente,2,,office_des_changes\undated\Produits remarquables site 1_14.xlsx,2026-07-23T21:00:06.123397+0000
None-01-01,None,MA00,CHANGE,CHANGE.USD,201987081.75100002,MAD,OC,recente,2,,office_des_changes\undated\Produits remarquables site 1_14.xlsx,2026-07-23T21:00:06.123397+0000
None-01-01,None,MA00,CHANGE,CHANGE.USD,189702657.0,MAD,OC,recente,2,,office_des_changes\undated\Produits remarquables site 1_14.xlsx,2026-07-23T21:00:06.123397+0000
None-01-01,None,MA00,CHANGE,CHANGE.USD,144830715.403,MAD,OC,recente,2,,office_des_changes\undated\Produits remarquables site 1_14.xlsx,2026-07-23T21:00:06.123397+0000
None-01-01,None,MA00,CHANGE,CHANGE.USD,144804869.679,MAD,OC,recente,2,,office_des_changes\undated\Produits remarquables site 1_14.xlsx,2026-07-23T21:00:06.123397+0000
None-01-01,None,MA00,CHANGE,CHANGE.USD,126264667.001,MAD,OC,recente,2,,office_des_changes\undated\Produits remarquables site 1_14.xlsx,2026-07-23T21:00:06.123397+0000
None-01-01,None,MA00,CHANGE,CHANGE.USD,79221281.911,MAD,OC,recente,2,,office_des_changes\undated\Produits remarquables site 1_14.xlsx,2026-07-23T21:00:06.123397+0000
None-01-01,None,MA00,CHANGE,CHANGE.USD,49285546.802,MAD,OC,recente,2,,office_des_changes\undated\Produits remarquables site 1_14.xlsx,2026-07-23T21:00:06.123397+0000
None-01-01,None,MA00,CHANGE,CHANGE.USD,45988608.0,MAD,OC,recente,2,,office_des_changes\undated\Produits remarquables site 1_14.xlsx,2026-07-23T21:00:06.123397+0000
None-01-01,None,MA00,CHANGE,CHANGE.USD,40605259.096999995,MAD,OC,recente,2,,office_des_changes\undated\Produits remarquables site 1_14.xlsx,2026-07-23T21:00:06.123397+0000
None-01-01,None,MA00,CHANGE,CHANGE.USD,27638069.105,MAD,OC,recente,2,,office_des_changes\undated\Produits remarquables site 1_14.xlsx,2026-07-23T21:00:06.123397+0000
None-01-01,None,MA00,CHANGE,CHANGE.USD,25711925.919000003,MAD,OC,recente,2,,office_des_changes\undated\Produits remarquables site 1_14.xlsx,2026-07-23T21:00:06.123397+0000
None-01-01,None,MA00,CHANGE,CHANGE.USD,13955938.044000002,MAD,OC,recente,2,,office_des_changes\undated\Produits remarquables site 1_14.xlsx,2026-07-23T21:00:06.123397+0000
None-01-01,None,MA00,CHANGE,CHANGE.USD,10672112.375999996,MAD,OC,recente,2,,office_des_changes\undated\Produits remarquables site 1_14.xlsx,2026-07-23T21:00:06.123397+0000
None-01-01,None,MA00,CHANGE,CHANGE.USD,5344042.963999999,MAD,OC,recente,2,,office_des_changes\undated\Produits remarquables site 1_14.xlsx,2026-07-23T21:00:06.123397+0000
None-01-01,None,MA00,CHANGE,CHANGE.USD,2153467.0,MAD,OC,recente,2,,office_des_changes\undated\Produits remarquables site 1_14.xlsx,2026-07-23T21:00:06.123397+0000
None-01-01,None,MA00,CHANGE,CHANGE.USD,2070678.19,MAD,OC,recente,2,,office_des_changes\undated\Produits remarquables site 1_14.xlsx,2026-07-23T21:00:06.123397+0000
None-01-01,None,MA00,CHANGE,CHANGE.USD,819665.048,MAD,OC,recente,2,,office_des_changes\undated\Produits remarquables site 1_14.xlsx,2026-07-23T21:00:06.123397+0000
None-01-01,None,MA00,CHANGE,CHANGE.USD,649306.0,MAD,OC,recente,2,,office_des_changes\undated\Produits remarquables site 1_14.xlsx,2026-07-23T21:00:06.123397+0000
None-01-01,None,MA00,CHANGE,CHANGE.USD,469683.627,MAD,OC,recente,2,,office_des_changes\undated\Produits remarquables site 1_14.xlsx,2026-07-23T21:00:06.123397+0000
None-01-01,None,MA00,CHANGE,CHANGE.USD,171536.65999999997,MAD,OC,recente,2,,office_des_changes\undated\Produits remarquables site 1_14.xlsx,2026-07-23T21:00:06.123397+0000
None-01-01,None,MA00,CHANGE,CHANGE.USD,9518.0,MAD,OC,recente,2,,office_des_changes\undated\Produits remarquables site 1_14.xlsx,2026-07-23T21:00:06.123397+0000
02-01-01,02,MA00,CHANGE,CHANGE.USD,10446869761.2,MAD,OC,recente,2,,office_des_changes\undated\Produits remarquables site 1_14.xlsx,2026-07-23T21:00:06.123397+0000
03-01-01,03,MA00,CHANGE,CHANGE.USD,1912715913.0,MAD,OC,recente,2,,office_des_changes\undated\Produits remarquables site 1_14.xlsx,2026-07-23T21:00:06.123397+0000
04-01-01,04,MA00,CHANGE,CHANGE.USD,182603141.803,MAD,OC,recente,2,,office_des_changes\undated\Produits remarquables site 1_14.xlsx,2026-07-23T21:00:06.123397+0000
None-01-01,None,MA00,CHANGE,CHANGE.USD,159146792.898,MAD,OC,recente,2,,office_des_changes\undated\Produits remarquables site 1_14.xlsx,2026-07-23T21:00:06.123397+0000
None-01-01,None,MA00,CHANGE,CHANGE.USD,107065966.392,MAD,OC,recente,2,,office_des_changes\undated\Produits remarquables site 1_14.xlsx,2026-07-23T21:00:06.123397+0000
None-01-01,None,MA00,CHANGE,CHANGE.USD,41673508.092999995,MAD,OC,recente,2,,office_des_changes\undated\Produits remarquables site 1_14.xlsx,2026-07-23T21:00:06.123397+0000
None-01-01,None,MA00,CHANGE,CHANGE.USD,17393830.685,MAD,OC,recente,2,,office_des_changes\undated\Produits remarquables site 1_14.xlsx,2026-07-23T21:00:06.123397+0000
None-01-01,None,MA00,CHANGE,CHANGE.USD,12359285.0,MAD,OC,recente,2,,office_des_changes\undated\Produits remarquables site 1_14.xlsx,2026-07-23T21:00:06.123397+0000
None-01-01,None,MA00,CHANGE,CHANGE.USD,12038126.0,MAD,OC,recente,2,,office_des_changes\undated\Produits remarquables site 1_14.xlsx,2026-07-23T21:00:06.123397+0000
None-01-01,None,MA00,CHANGE,CHANGE.USD,25150.0,MAD,OC,recente,2,,office_des_changes\undated\Produits remarquables site 1_14.xlsx,2026-07-23T21:00:06.123397+0000
None-01-01,None,MA00,CHANGE,CHANGE.USD,11412.0,MAD,OC,recente,2,,office_des_changes\undated\Produits remarquables site 1_14.xlsx,2026-07-23T21:00:06.123397+0000
None-01-01,None,MA00,CHANGE,CHANGE.USD,0.0,MAD,OC,recente,2,,office_des_changes\undated\Produits remarquables site 1_14.xlsx,2026-07-23T21:00:06.123397+0000
None-01-01,None,MA00,CHANGE,CHANGE.USD,0.0,MAD,OC,recente,2,,office_des_changes\undated\Produits remarquables site 1_14.xlsx,2026-07-23T21:00:06.123397+0000
02-01-01,02,MA00,CHANGE,CHANGE.USD,14219810159.476004,MAD,OC,recente,2,,office_des_changes\undated\Produits remarquables site 1_14.xlsx,2026-07-23T21:00:06.123397+0000
03-01-01,03,MA00,CHANGE,CHANGE.USD,13177017164.068003,MAD,OC,recente,2,,office_des_changes\undated\Produits remarquables site 1_14.xlsx,2026-07-23T21:00:06.123397+0000
None-01-01,None,MA00,CHANGE,CHANGE.USD,4711885345.750998,MAD,OC,recente,2,,office_des_changes\undated\Produits remarquables site 1_14.xlsx,2026-07-23T21:00:06.123397+0000
None-01-01,None,MA00,CHANGE,CHANGE.USD,4666310225.238998,MAD,OC,recente,2,,office_des_changes\undated\Produits remarquables site 1_14.xlsx,2026-07-23T21:00:06.123397+0000
None-01-01,None,MA00,CHANGE,CHANGE.USD,3928186358.990003,MAD,OC,recente,2,,office_des_changes\undated\Produits remarquables site 1_14.xlsx,2026-07-23T21:00:06.123397+0000
None-01-01,None,MA00,CHANGE,CHANGE.USD,2691722974.8450003,MAD,OC,recente,2,,office_des_changes\undated\Produits remarquables site 1_14.xlsx,2026-07-23T21:00:06.123397+0000
None-01-01,None,MA00,CHANGE,CHANGE.USD,2132936267.230999,MAD,OC,recente,2,,office_des_changes\undated\Produits remarquables site 1_14.xlsx,2026-07-23T21:00:06.123397+0000
None-01-01,None,MA00,CHANGE,CHANGE.USD,1465512318.1360004,MAD,OC,recente,2,,office_des_changes\undated\Produits remarquables site 1_14.xlsx,2026-07-23T21:00:06.123397+0000
None-01-01,None,MA00,CHANGE,CHANGE.USD,1442731804.869,MAD,OC,recente,2,,office_des_changes\undated\Produits remarquables site 1_14.xlsx,2026-07-23T21:00:06.123397+0000
None-01-01,None,MA00,CHANGE,CHANGE.USD,1376024365.4129996,MAD,OC,recente,2,,office_des_changes\undated\Produits remarquables site 1_14.xlsx,2026-07-23T21:00:06.123397+0000
None-01-01,None,MA00,CHANGE,CHANGE.USD,1272993024.3279996,MAD,OC,recente,2,,office_des_changes\undated\Produits remarquables site 1_14.xlsx,2026-07-23T21:00:06.123397+0000
None-01-01,None,MA00,CHANGE,CHANGE.USD,1186135804.5350003,MAD,OC,recente,2,,office_des_changes\undated\Produits remarquables site 1_14.xlsx,2026-07-23T21:00:06.123397+0000
None-01-01,None,MA00,CHANGE,CHANGE.USD,1079638882.042,MAD,OC,recente,2,,office_des_changes\undated\Produits remarquables site 1_14.xlsx,2026-07-23T21:00:06.123397+0000
None-01-01,None,MA00,CHANGE,CHANGE.USD,1076546848.1759999,MAD,OC,recente,2,,office_des_changes\undated\Produits remarquables site 1_14.xlsx,2026-07-23T21:00:06.123397+0000
None-01-01,None,MA00,CHANGE,CHANGE.USD,978721724.5399998,MAD,OC,recente,2,,office_des_changes\undated\Produits remarquables site 1_14.xlsx,2026-07-23T21:00:06.123397+0000
None-01-01,None,MA00,CHANGE,CHANGE.USD,948326320.5520002,MAD,OC,recente,2,,office_des_changes\undated\Produits remarquables site 1_14.xlsx,2026-07-23T21:00:06.123397+0000
None-01-01,None,MA00,CHANGE,CHANGE.USD,771537385.3919997,MAD,OC,recente,2,,office_des_changes\undated\Produits remarquables site 1_14.xlsx,2026-07-23T21:00:06.123397+0000
None-01-01,None,MA00,CHANGE,CHANGE.USD,729748208.4580001,MAD,OC,recente,2,,office_des_changes\undated\Produits remarquables site 1_14.xlsx,2026-07-23T21:00:06.123397+0000
None-01-01,None,MA00,CHANGE,CHANGE.USD,677196074.1900003,MAD,OC,recente,2,,office_des_changes\undated\Produits remarquables site 1_14.xlsx,2026-07-23T21:00:06.123397+0000
None-01-01,None,MA00,CHANGE,CHANGE.USD,618229806.8840001,MAD,OC,recente,2,,office_des_changes\undated\Produits remarquables site 1_14.xlsx,2026-07-23T21:00:06.123397+0000
None-01-01,None,MA00,CHANGE,CHANGE.USD,613435370.9709994,MAD,OC,recente,2,,office_des_changes\undated\Produits remarquables site 1_14.xlsx,2026-07-23T21:00:06.123397+0000
None-01-01,None,MA00,CHANGE,CHANGE.USD,608517615.7499998,MAD,OC,recente,2,,office_des_changes\undated\Produits remarquables site 1_14.xlsx,2026-07-23T21:00:06.123397+0000
None-01-01,None,MA00,CHANGE,CHANGE.USD,588143027.6639998,MAD,OC,recente,2,,office_des_changes\undated\Produits remarquables site 1_14.xlsx,2026-07-23T21:00:06.123397+0000
None-01-01,None,MA00,CHANGE,CHANGE.USD,505266501.03699994,MAD,OC,recente,2,,office_des_changes\undated\Produits remarquables site 1_14.xlsx,2026-07-23T21:00:06.123397+0000
None-01-01,None,MA00,CHANGE,CHANGE.USD,487983989.25699985,MAD,OC,recente,2,,office_des_changes\undated\Produits remarquables site 1_14.xlsx,2026-07-23T21:00:06.123397+0000
None-01-01,None,MA00,CHANGE,CHANGE.USD,480613140.09400004,MAD,OC,recente,2,,office_des_changes\undated\Produits remarquables site 1_14.xlsx,2026-07-23T21:00:06.123397+0000
None-01-01,None,MA00,CHANGE,CHANGE.USD,450947504.35400015,MAD,OC,recente,2,,office_des_changes\undated\Produits remarquables site 1_14.xlsx,2026-07-23T21:00:06.123397+0000
None-01-01,None,MA00,CHANGE,CHANGE.USD,363319324.023,MAD,OC,recente,2,,office_des_changes\undated\Produits remarquables site 1_14.xlsx,2026-07-23T21:00:06.123397+0000
None-01-01,None,MA00,CHANGE,CHANGE.USD,337757057.52899987,MAD,OC,recente,2,,office_des_changes\undated\Produits remarquables site 1_14.xlsx,2026-07-23T21:00:06.123397+0000
None-01-01,None,MA00,CHANGE,CHANGE.USD,287017653.32600003,MAD,OC,recente,2,,office_des_changes\undated\Produits remarquables site 1_14.xlsx,2026-07-23T21:00:06.123397+0000
None-01-01,None,MA00,CHANGE,CHANGE.USD,272396742.11899996,MAD,OC,recente,2,,office_des_changes\undated\Produits remarquables site 1_14.xlsx,2026-07-23T21:00:06.123397+0000
None-01-01,None,MA00,CHANGE,CHANGE.USD,268866739.02300006,MAD,OC,recente,2,,office_des_changes\undated\Produits remarquables site 1_14.xlsx,2026-07-23T21:00:06.123397+0000
None-01-01,None,MA00,CHANGE,CHANGE.USD,262497219.157,MAD,OC,recente,2,,office_des_changes\undated\Produits remarquables site 1_14.xlsx,2026-07-23T21:00:06.123397+0000
None-01-01,None,MA00,CHANGE,CHANGE.USD,230579823.1,MAD,OC,recente,2,,office_des_changes\undated\Produits remarquables site 1_14.xlsx,2026-07-23T21:00:06.123397+0000
None-01-01,None,MA00,CHANGE,CHANGE.USD,227684487.492,MAD,OC,recente,2,,office_des_changes\undated\Produits remarquables site 1_14.xlsx,2026-07-23T21:00:06.123397+0000
None-01-01,None,MA00,CHANGE,CHANGE.USD,219717606.077,MAD,OC,recente,2,,office_des_changes\undated\Produits remarquables site 1_14.xlsx,2026-07-23T21:00:06.123397+0000
None-01-01,None,MA00,CHANGE,CHANGE.USD,212391674.50099996,MAD,OC,recente,2,,office_des_changes\undated\Produits remarquables site 1_14.xlsx,2026-07-23T21:00:06.123397+0000
None-01-01,None,MA00,CHANGE,CHANGE.USD,163804471.71699998,MAD,OC,recente,2,,office_des_changes\undated\Produits remarquables site 1_14.xlsx,2026-07-23T21:00:06.123397+0000
None-01-01,None,MA00,CHANGE,CHANGE.USD,140641973.92700002,MAD,OC,recente,2,,office_des_changes\undated\Produits remarquables site 1_14.xlsx,2026-07-23T21:00:06.123397+0000
None-01-01,None,MA00,CHANGE,CHANGE.USD,140234427.41499996,MAD,OC,recente,2,,office_des_changes\undated\Produits remarquables site 1_14.xlsx,2026-07-23T21:00:06.123397+0000
None-01-01,None,MA00,CHANGE,CHANGE.USD,116304879.162,MAD,OC,recente,2,,office_des_changes\undated\Produits remarquables site 1_14.xlsx,2026-07-23T21:00:06.123397+0000
None-01-01,None,MA00,CHANGE,CHANGE.USD,107287702.32799996,MAD,OC,recente,2,,office_des_changes\undated\Produits remarquables site 1_14.xlsx,2026-07-23T21:00:06.123397+0000
None-01-01,None,MA00,CHANGE,CHANGE.USD,102177480.78600001,MAD,OC,recente,2,,office_des_changes\undated\Produits remarquables site 1_14.xlsx,2026-07-23T21:00:06.123397+0000
None-01-01,None,MA00,CHANGE,CHANGE.USD,98208714.50999999,MAD,OC,recente,2,,office_des_changes\undated\Produits remarquables site 1_14.xlsx,2026-07-23T21:00:06.123397+0000
None-01-01,None,MA00,CHANGE,CHANGE.USD,95317678.24399996,MAD,OC,recente,2,,office_des_changes\undated\Produits remarquables site 1_14.xlsx,2026-07-23T21:00:06.123397+0000
None-01-01,None,MA00,CHANGE,CHANGE.USD,91162081.13600005,MAD,OC,recente,2,,office_des_changes\undated\Produits remarquables site 1_14.xlsx,2026-07-23T21:00:06.123397+0000
None-01-01,None,MA00,CHANGE,CHANGE.USD,82365610.97299993,MAD,OC,recente,2,,office_des_changes\undated\Produits remarquables site 1_14.xlsx,2026-07-23T21:00:06.123397+0000
None-01-01,None,MA00,CHANGE,CHANGE.USD,82342520.87399997,MAD,OC,recente,2,,office_des_changes\undated\Produits remarquables site 1_14.xlsx,2026-07-23T21:00:06.123397+0000
None-01-01,None,MA00,CHANGE,CHANGE.USD,41084643.558000006,MAD,OC,recente,2,,office_des_changes\undated\Produits remarquables site 1_14.xlsx,2026-07-23T21:00:06.123397+0000
None-01-01,None,MA00,CHANGE,CHANGE.USD,39535990.52299999,MAD,OC,recente,2,,office_des_changes\undated\Produits remarquables site 1_14.xlsx,2026-07-23T21:00:06.123397+0000
None-01-01,None,MA00,CHANGE,CHANGE.USD,34574370.633,MAD,OC,recente,2,,office_des_changes\undated\Produits remarquables site 1_14.xlsx,2026-07-23T21:00:06.123397+0000
None-01-01,None,MA00,CHANGE,CHANGE.USD,27525512.551999994,MAD,OC,recente,2,,office_des_changes\undated\Produits remarquables site 1_14.xlsx,2026-07-23T21:00:06.123397+0000
None-01-01,None,MA00,CHANGE,CHANGE.USD,25474903.0,MAD,OC,recente,2,,office_des_changes\undated\Produits remarquables site 1_14.xlsx,2026-07-23T21:00:06.123397+0000
None-01-01,None,MA00,CHANGE,CHANGE.USD,24902406.017,MAD,OC,recente,2,,office_des_changes\undated\Produits remarquables site 1_14.xlsx,2026-07-23T21:00:06.123397+0000
None-01-01,None,MA00,CHANGE,CHANGE.USD,22423353.808000013,MAD,OC,recente,2,,office_des_changes\undated\Produits remarquables site 1_14.xlsx,2026-07-23T21:00:06.123397+0000
None-01-01,None,MA00,CHANGE,CHANGE.USD,20986540.446,MAD,OC,recente,2,,office_des_changes\undated\Produits remarquables site 1_14.xlsx,2026-07-23T21:00:06.123397+0000
None-01-01,None,MA00,CHANGE,CHANGE.USD,20561073.22300001,MAD,OC,recente,2,,office_des_changes\undated\Produits remarquables site 1_14.xlsx,2026-07-23T21:00:06.123397+0000
None-01-01,None,MA00,CHANGE,CHANGE.USD,15297690.208000004,MAD,OC,recente,2,,office_des_changes\undated\Produits remarquables site 1_14.xlsx,2026-07-23T21:00:06.123397+0000
None-01-01,None,MA00,CHANGE,CHANGE.USD,14333951.859,MAD,OC,recente,2,,office_des_changes\undated\Produits remarquables site 1_14.xlsx,2026-07-23T21:00:06.123397+0000
None-01-01,None,MA00,CHANGE,CHANGE.USD,6949524.226999996,MAD,OC,recente,2,,office_des_changes\undated\Produits remarquables site 1_14.xlsx,2026-07-23T21:00:06.123397+0000
None-01-01,None,MA00,CHANGE,CHANGE.USD,5287077.0,MAD,OC,recente,2,,office_des_changes\undated\Produits remarquables site 1_14.xlsx,2026-07-23T21:00:06.123397+0000
None-01-01,None,MA00,CHANGE,CHANGE.USD,4557340.73,MAD,OC,recente,2,,office_des_changes\undated\Produits remarquables site 1_14.xlsx,2026-07-23T21:00:06.123397+0000
None-01-01,None,MA00,CHANGE,CHANGE.USD,4268203.54,MAD,OC,recente,2,,office_des_changes\undated\Produits remarquables site 1_14.xlsx,2026-07-23T21:00:06.123397+0000
None-01-01,None,MA00,CHANGE,CHANGE.USD,2663101.0,MAD,OC,recente,2,,office_des_changes\undated\Produits remarquables site 1_14.xlsx,2026-07-23T21:00:06.123397+0000
None-01-01,None,MA00,CHANGE,CHANGE.USD,2482657.0,MAD,OC,recente,2,,office_des_changes\undated\Produits remarquables site 1_14.xlsx,2026-07-23T21:00:06.123397+0000
None-01-01,None,MA00,CHANGE,CHANGE.USD,1065854.0,MAD,OC,recente,2,,office_des_changes\undated\Produits remarquables site 1_14.xlsx,2026-07-23T21:00:06.123397+0000
None-01-01,None,MA00,CHANGE,CHANGE.USD,8192.318,MAD,OC,recente,2,,office_des_changes\undated\Produits remarquables site 1_14.xlsx,2026-07-23T21:00:06.123397+0000
None-01-01,None,MA00,CHANGE,CHANGE.USD,0.0,MAD,OC,recente,2,,office_des_changes\undated\Produits remarquables site 1_14.xlsx,2026-07-23T21:00:06.123397+0000
02-01-01,02,MA00,CHANGE,CHANGE.USD,505233319.04500026,MAD,OC,recente,2,,office_des_changes\undated\Produits remarquables site 1_14.xlsx,2026-07-23T21:00:06.123397+0000
03-01-01,03,MA00,CHANGE,CHANGE.USD,172657711.002,MAD,OC,recente,2,,office_des_changes\undated\Produits remarquables site 1_14.xlsx,2026-07-23T21:00:06.123397+0000
02-01-01,02,MA00,CHANGE,CHANGE.USD,7596073900.929004,MAD,OC,recente,2,,office_des_changes\undated\Produits remarquables site 1_14.xlsx,2026-07-23T21:00:06.123397+0000
03-01-01,03,MA00,CHANGE,CHANGE.USD,6309830215.044,MAD,OC,recente,2,,office_des_changes\undated\Produits remarquables site 1_14.xlsx,2026-07-23T21:00:06.123397+0000
04-01-01,04,MA00,CHANGE,CHANGE.USD,5704732827.854998,MAD,OC,recente,2,,office_des_changes\undated\Produits remarquables site 1_14.xlsx,2026-07-23T21:00:06.123397+0000
None-01-01,None,MA00,CHANGE,CHANGE.USD,5646135728.343,MAD,OC,recente,2,,office_des_changes\undated\Produits remarquables site 1_14.xlsx,2026-07-23T21:00:06.123397+0000
None-01-01,None,MA00,CHANGE,CHANGE.USD,4594403157.434,MAD,OC,recente,2,,office_des_changes\undated\Produits remarquables site 1_14.xlsx,2026-07-23T21:00:06.123397+0000
None-01-01,None,MA00,CHANGE,CHANGE.USD,4076084031.6390004,MAD,OC,recente,2,,office_des_changes\undated\Produits remarquables site 1_14.xlsx,2026-07-23T21:00:06.123397+0000
None-01-01,None,MA00,CHANGE,CHANGE.USD,3369998685.93,MAD,OC,recente,2,,office_des_changes\undated\Produits remarquables site 1_14.xlsx,2026-07-23T21:00:06.123397+0000
None-01-01,None,MA00,CHANGE,CHANGE.USD,2237554839.0,MAD,OC,recente,2,,office_des_changes\undated\Produits remarquables site 1_14.xlsx,2026-07-23T21:00:06.123397+0000
None-01-01,None,MA00,CHANGE,CHANGE.USD,2111563725.6480002,MAD,OC,recente,2,,office_des_changes\undated\Produits remarquables site 1_14.xlsx,2026-07-23T21:00:06.123397+0000
None-01-01,None,MA00,CHANGE,CHANGE.USD,2079985687.5730002,MAD,OC,recente,2,,office_des_changes\undated\Produits remarquables site 1_14.xlsx,2026-07-23T21:00:06.123397+0000
None-01-01,None,MA00,CHANGE,CHANGE.USD,1751928259.686,MAD,OC,recente,2,,office_des_changes\undated\Produits remarquables site 1_14.xlsx,2026-07-23T21:00:06.123397+0000
None-01-01,None,MA00,CHANGE,CHANGE.USD,1721359581.7579992,MAD,OC,recente,2,,office_des_changes\undated\Produits remarquables site 1_14.xlsx,2026-07-23T21:00:06.123397+0000
None-01-01,None,MA00,CHANGE,CHANGE.USD,1640472047.9949996,MAD,OC,recente,2,,office_des_changes\undated\Produits remarquables site 1_14.xlsx,2026-07-23T21:00:06.123397+0000
None-01-01,None,MA00,CHANGE,CHANGE.USD,1581563975.7579997,MAD,OC,recente,2,,office_des_changes\undated\Produits remarquables site 1_14.xlsx,2026-07-23T21:00:06.123397+0000
None-01-01,None,MA00,CHANGE,CHANGE.USD,1492539573.9430006,MAD,OC,recente,2,,office_des_changes\undated\Produits remarquables site 1_14.xlsx,2026-07-23T21:00:06.123397+0000
None-01-01,None,MA00,CHANGE,CHANGE.USD,1254848860.8340006,MAD,OC,recente,2,,office_des_changes\undated\Produits remarquables site 1_14.xlsx,2026-07-23T21:00:06.123397+0000
None-01-01,None,MA00,CHANGE,CHANGE.USD,1233869502.5240002,MAD,OC,recente,2,,office_des_changes\undated\Produits remarquables site 1_14.xlsx,2026-07-23T21:00:06.123397+0000
None-01-01,None,MA00,CHANGE,CHANGE.USD,1133166557.9630003,MAD,OC,recente,2,,office_des_changes\undated\Produits remarquables site 1_14.xlsx,2026-07-23T21:00:06.123397+0000
None-01-01,None,MA00,CHANGE,CHANGE.USD,1115396671.562,MAD,OC,recente,2,,office_des_changes\undated\Produits remarquables site 1_14.xlsx,2026-07-23T21:00:06.123397+0000
None-01-01,None,MA00,CHANGE,CHANGE.USD,956794832.4080002,MAD,OC,recente,2,,office_des_changes\undated\Produits remarquables site 1_14.xlsx,2026-07-23T21:00:06.123397+0000
None-01-01,None,MA00,CHANGE,CHANGE.USD,933501397.4419998,MAD,OC,recente,2,,office_des_changes\undated\Produits remarquables site 1_14.xlsx,2026-07-23T21:00:06.123397+0000
None-01-01,None,MA00,CHANGE,CHANGE.USD,833511306.3700001,MAD,OC,recente,2,,office_des_changes\undated\Produits remarquables site 1_14.xlsx,2026-07-23T21:00:06.123397+0000
None-01-01,None,MA00,CHANGE,CHANGE.USD,827299324.683,MAD,OC,recente,2,,office_des_changes\undated\Produits remarquables site 1_14.xlsx,2026-07-23T21:00:06.123397+0000
None-01-01,None,MA00,CHANGE,CHANGE.USD,799007521.0039996,MAD,OC,recente,2,,office_des_changes\undated\Produits remarquables site 1_14.xlsx,2026-07-23T21:00:06.123397+0000
None-01-01,None,MA00,CHANGE,CHANGE.USD,676120862.65,MAD,OC,recente,2,,office_des_changes\undated\Produits remarquables site 1_14.xlsx,2026-07-23T21:00:06.123397+0000
None-01-01,None,MA00,CHANGE,CHANGE.USD,591946075.341,MAD,OC,recente,2,,office_des_changes\undated\Produits remarquables site 1_14.xlsx,2026-07-23T21:00:06.123397+0000
None-01-01,None,MA00,CHANGE,CHANGE.USD,550836905.2829998,MAD,OC,recente,2,,office_des_changes\undated\Produits remarquables site 1_14.xlsx,2026-07-23T21:00:06.123397+0000
None-01-01,None,MA00,CHANGE,CHANGE.USD,517257531.24899995,MAD,OC,recente,2,,office_des_changes\undated\Produits remarquables site 1_14.xlsx,2026-07-23T21:00:06.123397+0000
None-01-01,None,MA00,CHANGE,CHANGE.USD,504734169.081,MAD,OC,recente,2,,office_des_changes\undated\Produits remarquables site 1_14.xlsx,2026-07-23T21:00:06.123397+0000
None-01-01,None,MA00,CHANGE,CHANGE.USD,495837854.21599996,MAD,OC,recente,2,,office_des_changes\undated\Produits remarquables site 1_14.xlsx,2026-07-23T21:00:06.123397+0000
None-01-01,None,MA00,CHANGE,CHANGE.USD,490268957.85699993,MAD,OC,recente,2,,office_des_changes\undated\Produits remarquables site 1_14.xlsx,2026-07-23T21:00:06.123397+0000
None-01-01,None,MA00,CHANGE,CHANGE.USD,468072517.092,MAD,OC,recente,2,,office_des_changes\undated\Produits remarquables site 1_14.xlsx,2026-07-23T21:00:06.123397+0000
None-01-01,None,MA00,CHANGE,CHANGE.USD,454561424.9479999,MAD,OC,recente,2,,office_des_changes\undated\Produits remarquables site 1_14.xlsx,2026-07-23T21:00:06.123397+0000
None-01-01,None,MA00,CHANGE,CHANGE.USD,452367875.6719999,MAD,OC,recente,2,,office_des_changes\undated\Produits remarquables site 1_14.xlsx,2026-07-23T21:00:06.123397+0000
None-01-01,None,MA00,CHANGE,CHANGE.USD,450218145.1739998,MAD,OC,recente,2,,office_des_changes\undated\Produits remarquables site 1_14.xlsx,2026-07-23T21:00:06.123397+0000
None-01-01,None,MA00,CHANGE,CHANGE.USD,433417388.4569999,MAD,OC,recente,2,,office_des_changes\undated\Produits remarquables site 1_14.xlsx,2026-07-23T21:00:06.123397+0000
None-01-01,None,MA00,CHANGE,CHANGE.USD,415579351.243,MAD,OC,recente,2,,office_des_changes\undated\Produits remarquables site 1_14.xlsx,2026-07-23T21:00:06.123397+0000
None-01-01,None,MA00,CHANGE,CHANGE.USD,386463457.24899995,MAD,OC,recente,2,,office_des_changes\undated\Produits remarquables site 1_14.xlsx,2026-07-23T21:00:06.123397+0000
None-01-01,None,MA00,CHANGE,CHANGE.USD,380469332.223,MAD,OC,recente,2,,office_des_changes\undated\Produits remarquables site 1_14.xlsx,2026-07-23T21:00:06.123397+0000
None-01-01,None,MA00,CHANGE,CHANGE.USD,343979898.32400006,MAD,OC,recente,2,,office_des_changes\undated\Produits remarquables site 1_14.xlsx,2026-07-23T21:00:06.123397+0000
None-01-01,None,MA00,CHANGE,CHANGE.USD,335453795.964,MAD,OC,recente,2,,office_des_changes\undated\Produits remarquables site 1_14.xlsx,2026-07-23T21:00:06.123397+0000
None-01-01,None,MA00,CHANGE,CHANGE.USD,298993895.3819999,MAD,OC,recente,2,,office_des_changes\undated\Produits remarquables site 1_14.xlsx,2026-07-23T21:00:06.123397+0000
None-01-01,None,MA00,CHANGE,CHANGE.USD,252478019.32999998,MAD,OC,recente,2,,office_des_changes\undated\Produits remarquables site 1_14.xlsx,2026-07-23T21:00:06.123397+0000
None-01-01,None,MA00,CHANGE,CHANGE.USD,241684625.408,MAD,OC,recente,2,,office_des_changes\undated\Produits remarquables site 1_14.xlsx,2026-07-23T21:00:06.123397+0000
None-01-01,None,MA00,CHANGE,CHANGE.USD,219942090.10699996,MAD,OC,recente,2,,office_des_changes\undated\Produits remarquables site 1_14.xlsx,2026-07-23T21:00:06.123397+0000
None-01-01,None,MA00,CHANGE,CHANGE.USD,204756513.02700007,MAD,OC,recente,2,,office_des_changes\undated\Produits remarquables site 1_14.xlsx,2026-07-23T21:00:06.123397+0000
None-01-01,None,MA00,CHANGE,CHANGE.USD,201869185.67399997,MAD,OC,recente,2,,office_des_changes\undated\Produits remarquables site 1_14.xlsx,2026-07-23T21:00:06.123397+0000
None-01-01,None,MA00,CHANGE,CHANGE.USD,178074224.41899994,MAD,OC,recente,2,,office_des_changes\undated\Produits remarquables site 1_14.xlsx,2026-07-23T21:00:06.123397+0000
None-01-01,None,MA00,CHANGE,CHANGE.USD,165818555.01600003,MAD,OC,recente,2,,office_des_changes\undated\Produits remarquables site 1_14.xlsx,2026-07-23T21:00:06.123397+0000
None-01-01,None,MA00,CHANGE,CHANGE.USD,144210098.59799996,MAD,OC,recente,2,,office_des_changes\undated\Produits remarquables site 1_14.xlsx,2026-07-23T21:00:06.123397+0000
None-01-01,None,MA00,CHANGE,CHANGE.USD,114477140.137,MAD,OC,recente,2,,office_des_changes\undated\Produits remarquables site 1_14.xlsx,2026-07-23T21:00:06.123397+0000
None-01-01,None,MA00,CHANGE,CHANGE.USD,109427344.79100001,MAD,OC,recente,2,,office_des_changes\undated\Produits remarquables site 1_14.xlsx,2026-07-23T21:00:06.123397+0000
None-01-01,None,MA00,CHANGE,CHANGE.USD,91573926.66500002,MAD,OC,recente,2,,office_des_changes\undated\Produits remarquables site 1_14.xlsx,2026-07-23T21:00:06.123397+0000
None-01-01,None,MA00,CHANGE,CHANGE.USD,85390400.414,MAD,OC,recente,2,,office_des_changes\undated\Produits remarquables site 1_14.xlsx,2026-07-23T21:00:06.123397+0000
None-01-01,None,MA00,CHANGE,CHANGE.USD,82586003.158,MAD,OC,recente,2,,office_des_changes\undated\Produits remarquables site 1_14.xlsx,2026-07-23T21:00:06.123397+0000
None-01-01,None,MA00,CHANGE,CHANGE.USD,70754087.098,MAD,OC,recente,2,,office_des_changes\undated\Produits remarquables site 1_14.xlsx,2026-07-23T21:00:06.123397+0000
None-01-01,None,MA00,CHANGE,CHANGE.USD,69988690.313,MAD,OC,recente,2,,office_des_changes\undated\Produits remarquables site 1_14.xlsx,2026-07-23T21:00:06.123397+0000
None-01-01,None,MA00,CHANGE,CHANGE.USD,63917616.46799999,MAD,OC,recente,2,,office_des_changes\undated\Produits remarquables site 1_14.xlsx,2026-07-23T21:00:06.123397+0000
None-01-01,None,MA00,CHANGE,CHANGE.USD,62356543.16500001,MAD,OC,recente,2,,office_des_changes\undated\Produits remarquables site 1_14.xlsx,2026-07-23T21:00:06.123397+0000
None-01-01,None,MA00,CHANGE,CHANGE.USD,56288482.096,MAD,OC,recente,2,,office_des_changes\undated\Produits remarquables site 1_14.xlsx,2026-07-23T21:00:06.123397+0000
None-01-01,None,MA00,CHANGE,CHANGE.USD,38475523.35299999,MAD,OC,recente,2,,office_des_changes\undated\Produits remarquables site 1_14.xlsx,2026-07-23T21:00:06.123397+0000
None-01-01,None,MA00,CHANGE,CHANGE.USD,29111419.484,MAD,OC,recente,2,,office_des_changes\undated\Produits remarquables site 1_14.xlsx,2026-07-23T21:00:06.123397+0000
None-01-01,None,MA00,CHANGE,CHANGE.USD,19713861.847999997,MAD,OC,recente,2,,office_des_changes\undated\Produits remarquables site 1_14.xlsx,2026-07-23T21:00:06.123397+0000
None-01-01,None,MA00,CHANGE,CHANGE.USD,18796784.990999997,MAD,OC,recente,2,,office_des_changes\undated\Produits remarquables site 1_14.xlsx,2026-07-23T21:00:06.123397+0000
None-01-01,None,MA00,CHANGE,CHANGE.USD,13217784.046000002,MAD,OC,recente,2,,office_des_changes\undated\Produits remarquables site 1_14.xlsx,2026-07-23T21:00:06.123397+0000
None-01-01,None,MA00,CHANGE,CHANGE.USD,9433522.753,MAD,OC,recente,2,,office_des_changes\undated\Produits remarquables site 1_14.xlsx,2026-07-23T21:00:06.123397+0000
None-01-01,None,MA00,CHANGE,CHANGE.USD,7992751.096,MAD,OC,recente,2,,office_des_changes\undated\Produits remarquables site 1_14.xlsx,2026-07-23T21:00:06.123397+0000
None-01-01,None,MA00,CHANGE,CHANGE.USD,7415577.556,MAD,OC,recente,2,,office_des_changes\undated\Produits remarquables site 1_14.xlsx,2026-07-23T21:00:06.123397+0000
None-01-01,None,MA00,CHANGE,CHANGE.USD,6935108.021999999,MAD,OC,recente,2,,office_des_changes\undated\Produits remarquables site 1_14.xlsx,2026-07-23T21:00:06.123397+0000
None-01-01,None,MA00,CHANGE,CHANGE.USD,4772915.369000001,MAD,OC,recente,2,,office_des_changes\undated\Produits remarquables site 1_14.xlsx,2026-07-23T21:00:06.123397+0000
None-01-01,None,MA00,CHANGE,CHANGE.USD,4628275.504,MAD,OC,recente,2,,office_des_changes\undated\Produits remarquables site 1_14.xlsx,2026-07-23T21:00:06.123397+0000
None-01-01,None,MA00,CHANGE,CHANGE.USD,2813865.69,MAD,OC,recente,2,,office_des_changes\undated\Produits remarquables site 1_14.xlsx,2026-07-23T21:00:06.123397+0000
None-01-01,None,MA00,CHANGE,CHANGE.USD,1968175.7079999999,MAD,OC,recente,2,,office_des_changes\undated\Produits remarquables site 1_14.xlsx,2026-07-23T21:00:06.123397+0000
None-01-01,None,MA00,CHANGE,CHANGE.USD,403424.0,MAD,OC,recente,2,,office_des_changes\undated\Produits remarquables site 1_14.xlsx,2026-07-23T21:00:06.123397+0000
None-01-01,None,MA00,CHANGE,CHANGE.USD,375072.34799999994,MAD,OC,recente,2,,office_des_changes\undated\Produits remarquables site 1_14.xlsx,2026-07-23T21:00:06.123397+0000
None-01-01,None,MA00,CHANGE,CHANGE.USD,42858.920999999995,MAD,OC,recente,2,,office_des_changes\undated\Produits remarquables site 1_14.xlsx,2026-07-23T21:00:06.123397+0000
02-01-01,02,MA00,CHANGE,CHANGE.USD,10310430833.312,MAD,OC,recente,2,,office_des_changes\undated\Produits remarquables site 1_15.xlsx,2026-07-23T21:00:06.123397+0000
03-01-01,03,MA00,CHANGE,CHANGE.USD,6573111800.208001,MAD,OC,recente,2,,office_des_changes\undated\Produits remarquables site 1_15.xlsx,2026-07-23T21:00:06.123397+0000
04-01-01,04,MA00,CHANGE,CHANGE.USD,6330054441.256994,MAD,OC,recente,2,,office_des_changes\undated\Produits remarquables site 1_15.xlsx,2026-07-23T21:00:06.123397+0000
05-01-01,05,MA00,CHANGE,CHANGE.USD,4196738514.8639994,MAD,OC,recente,2,,office_des_changes\undated\Produits remarquables site 1_15.xlsx,2026-07-23T21:00:06.123397+0000
None-01-01,None,MA00,CHANGE,CHANGE.USD,3040140334.5520134,MAD,OC,recente,2,,office_des_changes\undated\Produits remarquables site 1_15.xlsx,2026-07-23T21:00:06.123397+0000
None-01-01,None,MA00,CHANGE,CHANGE.USD,2833906483.4059987,MAD,OC,recente,2,,office_des_changes\undated\Produits remarquables site 1_15.xlsx,2026-07-23T21:00:06.123397+0000
None-01-01,None,MA00,CHANGE,CHANGE.USD,1535454864.842,MAD,OC,recente,2,,office_des_changes\undated\Produits remarquables site 1_15.xlsx,2026-07-23T21:00:06.123397+0000
None-01-01,None,MA00,CHANGE,CHANGE.USD,1406309997.6639996,MAD,OC,recente,2,,office_des_changes\undated\Produits remarquables site 1_15.xlsx,2026-07-23T21:00:06.123397+0000
None-01-01,None,MA00,CHANGE,CHANGE.USD,1400498426.6910007,MAD,OC,recente,2,,office_des_changes\undated\Produits remarquables site 1_15.xlsx,2026-07-23T21:00:06.123397+0000
None-01-01,None,MA00,CHANGE,CHANGE.USD,997578612.7579997,MAD,OC,recente,2,,office_des_changes\undated\Produits remarquables site 1_15.xlsx,2026-07-23T21:00:06.123397+0000
None-01-01,None,MA00,CHANGE,CHANGE.USD,805129763.224,MAD,OC,recente,2,,office_des_changes\undated\Produits remarquables site 1_15.xlsx,2026-07-23T21:00:06.123397+0000
None-01-01,None,MA00,CHANGE,CHANGE.USD,570588450.709,MAD,OC,recente,2,,office_des_changes\undated\Produits remarquables site 1_15.xlsx,2026-07-23T21:00:06.123397+0000
None-01-01,None,MA00,CHANGE,CHANGE.USD,570202233.1079999,MAD,OC,recente,2,,office_des_changes\undated\Produits remarquables site 1_15.xlsx,2026-07-23T21:00:06.123397+0000
None-01-01,None,MA00,CHANGE,CHANGE.USD,565496194.714,MAD,OC,recente,2,,office_des_changes\undated\Produits remarquables site 1_15.xlsx,2026-07-23T21:00:06.123397+0000
None-01-01,None,MA00,CHANGE,CHANGE.USD,307702078.003,MAD,OC,recente,2,,office_des_changes\undated\Produits remarquables site 1_15.xlsx,2026-07-23T21:00:06.123397+0000
None-01-01,None,MA00,CHANGE,CHANGE.USD,197658133.208,MAD,OC,recente,2,,office_des_changes\undated\Produits remarquables site 1_15.xlsx,2026-07-23T21:00:06.123397+0000
None-01-01,None,MA00,CHANGE,CHANGE.USD,151828599.85099998,MAD,OC,recente,2,,office_des_changes\undated\Produits remarquables site 1_15.xlsx,2026-07-23T21:00:06.123397+0000
None-01-01,None,MA00,CHANGE,CHANGE.USD,148400840.12000003,MAD,OC,recente,2,,office_des_changes\undated\Produits remarquables site 1_15.xlsx,2026-07-23T21:00:06.123397+0000
None-01-01,None,MA00,CHANGE,CHANGE.USD,132923431.60599998,MAD,OC,recente,2,,office_des_changes\undated\Produits remarquables site 1_15.xlsx,2026-07-23T21:00:06.123397+0000
None-01-01,None,MA00,CHANGE,CHANGE.USD,113247207.143,MAD,OC,recente,2,,office_des_changes\undated\Produits remarquables site 1_15.xlsx,2026-07-23T21:00:06.123397+0000
None-01-01,None,MA00,CHANGE,CHANGE.USD,105867647.556,MAD,OC,recente,2,,office_des_changes\undated\Produits remarquables site 1_15.xlsx,2026-07-23T21:00:06.123397+0000
None-01-01,None,MA00,CHANGE,CHANGE.USD,103831890.49799998,MAD,OC,recente,2,,office_des_changes\undated\Produits remarquables site 1_15.xlsx,2026-07-23T21:00:06.123397+0000
None-01-01,None,MA00,CHANGE,CHANGE.USD,101374068.139,MAD,OC,recente,2,,office_des_changes\undated\Produits remarquables site 1_15.xlsx,2026-07-23T21:00:06.123397+0000
None-01-01,None,MA00,CHANGE,CHANGE.USD,96693721.12999997,MAD,OC,recente,2,,office_des_changes\undated\Produits remarquables site 1_15.xlsx,2026-07-23T21:00:06.123397+0000
None-01-01,None,MA00,CHANGE,CHANGE.USD,80917334.47000001,MAD,OC,recente,2,,office_des_changes\undated\Produits remarquables site 1_15.xlsx,2026-07-23T21:00:06.123397+0000
None-01-01,None,MA00,CHANGE,CHANGE.USD,77171430.32499999,MAD,OC,recente,2,,office_des_changes\undated\Produits remarquables site 1_15.xlsx,2026-07-23T21:00:06.123397+0000
None-01-01,None,MA00,CHANGE,CHANGE.USD,66749470.17799999,MAD,OC,recente,2,,office_des_changes\undated\Produits remarquables site 1_15.xlsx,2026-07-23T21:00:06.123397+0000
None-01-01,None,MA00,CHANGE,CHANGE.USD,52280725.522999994,MAD,OC,recente,2,,office_des_changes\undated\Produits remarquables site 1_15.xlsx,2026-07-23T21:00:06.123397+0000
None-01-01,None,MA00,CHANGE,CHANGE.USD,35167986.05900001,MAD,OC,recente,2,,office_des_changes\undated\Produits remarquables site 1_15.xlsx,2026-07-23T21:00:06.123397+0000
None-01-01,None,MA00,CHANGE,CHANGE.USD,34680771.0,MAD,OC,recente,2,,office_des_changes\undated\Produits remarquables site 1_15.xlsx,2026-07-23T21:00:06.123397+0000
None-01-01,None,MA00,CHANGE,CHANGE.USD,28654245.693,MAD,OC,recente,2,,office_des_changes\undated\Produits remarquables site 1_15.xlsx,2026-07-23T21:00:06.123397+0000
None-01-01,None,MA00,CHANGE,CHANGE.USD,28587949.490000002,MAD,OC,recente,2,,office_des_changes\undated\Produits remarquables site 1_15.xlsx,2026-07-23T21:00:06.123397+0000
None-01-01,None,MA00,CHANGE,CHANGE.USD,20599539.935,MAD,OC,recente,2,,office_des_changes\undated\Produits remarquables site 1_15.xlsx,2026-07-23T21:00:06.123397+0000
None-01-01,None,MA00,CHANGE,CHANGE.USD,14490274.889,MAD,OC,recente,2,,office_des_changes\undated\Produits remarquables site 1_15.xlsx,2026-07-23T21:00:06.123397+0000
None-01-01,None,MA00,CHANGE,CHANGE.USD,13486152.0,MAD,OC,recente,2,,office_des_changes\undated\Produits remarquables site 1_15.xlsx,2026-07-23T21:00:06.123397+0000
None-01-01,None,MA00,CHANGE,CHANGE.USD,10297777.817000002,MAD,OC,recente,2,,office_des_changes\undated\Produits remarquables site 1_15.xlsx,2026-07-23T21:00:06.123397+0000
None-01-01,None,MA00,CHANGE,CHANGE.USD,8983378.0,MAD,OC,recente,2,,office_des_changes\undated\Produits remarquables site 1_15.xlsx,2026-07-23T21:00:06.123397+0000
None-01-01,None,MA00,CHANGE,CHANGE.USD,8509475.667000001,MAD,OC,recente,2,,office_des_changes\undated\Produits remarquables site 1_15.xlsx,2026-07-23T21:00:06.123397+0000
None-01-01,None,MA00,CHANGE,CHANGE.USD,5867671.688,MAD,OC,recente,2,,office_des_changes\undated\Produits remarquables site 1_15.xlsx,2026-07-23T21:00:06.123397+0000
None-01-01,None,MA00,CHANGE,CHANGE.USD,4840549.090999999,MAD,OC,recente,2,,office_des_changes\undated\Produits remarquables site 1_15.xlsx,2026-07-23T21:00:06.123397+0000
None-01-01,None,MA00,CHANGE,CHANGE.USD,2143691.0,MAD,OC,recente,2,,office_des_changes\undated\Produits remarquables site 1_15.xlsx,2026-07-23T21:00:06.123397+0000
None-01-01,None,MA00,CHANGE,CHANGE.USD,1734129.1900000002,MAD,OC,recente,2,,office_des_changes\undated\Produits remarquables site 1_15.xlsx,2026-07-23T21:00:06.123397+0000
None-01-01,None,MA00,CHANGE,CHANGE.USD,778204.64,MAD,OC,recente,2,,office_des_changes\undated\Produits remarquables site 1_15.xlsx,2026-07-23T21:00:06.123397+0000
None-01-01,None,MA00,CHANGE,CHANGE.USD,773297.0,MAD,OC,recente,2,,office_des_changes\undated\Produits remarquables site 1_15.xlsx,2026-07-23T21:00:06.123397+0000
None-01-01,None,MA00,CHANGE,CHANGE.USD,647492.5,MAD,OC,recente,2,,office_des_changes\undated\Produits remarquables site 1_15.xlsx,2026-07-23T21:00:06.123397+0000
None-01-01,None,MA00,CHANGE,CHANGE.USD,482765.5,MAD,OC,recente,2,,office_des_changes\undated\Produits remarquables site 1_15.xlsx,2026-07-23T21:00:06.123397+0000
None-01-01,None,MA00,CHANGE,CHANGE.USD,447689.12899999996,MAD,OC,recente,2,,office_des_changes\undated\Produits remarquables site 1_15.xlsx,2026-07-23T21:00:06.123397+0000
None-01-01,None,MA00,CHANGE,CHANGE.USD,355039.2039999999,MAD,OC,recente,2,,office_des_changes\undated\Produits remarquables site 1_15.xlsx,2026-07-23T21:00:06.123397+0000
None-01-01,None,MA00,CHANGE,CHANGE.USD,119041.215,MAD,OC,recente,2,,office_des_changes\undated\Produits remarquables site 1_15.xlsx,2026-07-23T21:00:06.123397+0000
None-01-01,None,MA00,CHANGE,CHANGE.USD,96338.25,MAD,OC,recente,2,,office_des_changes\undated\Produits remarquables site 1_15.xlsx,2026-07-23T21:00:06.123397+0000
None-01-01,None,MA00,CHANGE,CHANGE.USD,1326.0,MAD,OC,recente,2,,office_des_changes\undated\Produits remarquables site 1_15.xlsx,2026-07-23T21:00:06.123397+0000
None-01-01,None,MA00,CHANGE,CHANGE.USD,0.0,MAD,OC,recente,2,,office_des_changes\undated\Produits remarquables site 1_15.xlsx,2026-07-23T21:00:06.123397+0000
02-01-01,02,MA00,CHANGE,CHANGE.USD,23154744827.875004,MAD,OC,recente,2,,office_des_changes\undated\Produits remarquables site 1_15.xlsx,2026-07-23T21:00:06.123397+0000
03-01-01,03,MA00,CHANGE,CHANGE.USD,6395693124.788001,MAD,OC,recente,2,,office_des_changes\undated\Produits remarquables site 1_15.xlsx,2026-07-23T21:00:06.123397+0000
04-01-01,04,MA00,CHANGE,CHANGE.USD,2181608135.929,MAD,OC,recente,2,,office_des_changes\undated\Produits remarquables site 1_15.xlsx,2026-07-23T21:00:06.123397+0000
05-01-01,05,MA00,CHANGE,CHANGE.USD,1746344248.3280003,MAD,OC,recente,2,,office_des_changes\undated\Produits remarquables site 1_15.xlsx,2026-07-23T21:00:06.123397+0000
None-01-01,None,MA00,CHANGE,CHANGE.USD,859019694.567,MAD,OC,recente,2,,office_des_changes\undated\Produits remarquables site 1_15.xlsx,2026-07-23T21:00:06.123397+0000
None-01-01,None,MA00,CHANGE,CHANGE.USD,600654897.7639998,MAD,OC,recente,2,,office_des_changes\undated\Produits remarquables site 1_15.xlsx,2026-07-23T21:00:06.123397+0000
None-01-01,None,MA00,CHANGE,CHANGE.USD,564218358.4620001,MAD,OC,recente,2,,office_des_changes\undated\Produits remarquables site 1_15.xlsx,2026-07-23T21:00:06.123397+0000
None-01-01,None,MA00,CHANGE,CHANGE.USD,504289830.62,MAD,OC,recente,2,,office_des_changes\undated\Produits remarquables site 1_15.xlsx,2026-07-23T21:00:06.123397+0000
None-01-01,None,MA00,CHANGE,CHANGE.USD,481621046.70600003,MAD,OC,recente,2,,office_des_changes\undated\Produits remarquables site 1_15.xlsx,2026-07-23T21:00:06.123397+0000
None-01-01,None,MA00,CHANGE,CHANGE.USD,476485781.782,MAD,OC,recente,2,,office_des_changes\undated\Produits remarquables site 1_15.xlsx,2026-07-23T21:00:06.123397+0000
None-01-01,None,MA00,CHANGE,CHANGE.USD,426305889.83100015,MAD,OC,recente,2,,office_des_changes\undated\Produits remarquables site 1_15.xlsx,2026-07-23T21:00:06.123397+0000
None-01-01,None,MA00,CHANGE,CHANGE.USD,349006071.668,MAD,OC,recente,2,,office_des_changes\undated\Produits remarquables site 1_15.xlsx,2026-07-23T21:00:06.123397+0000
None-01-01,None,MA00,CHANGE,CHANGE.USD,288537907.97999996,MAD,OC,recente,2,,office_des_changes\undated\Produits remarquables site 1_15.xlsx,2026-07-23T21:00:06.123397+0000
None-01-01,None,MA00,CHANGE,CHANGE.USD,278071885.20000005,MAD,OC,recente,2,,office_des_changes\undated\Produits remarquables site 1_15.xlsx,2026-07-23T21:00:06.123397+0000
None-01-01,None,MA00,CHANGE,CHANGE.USD,260644048.31600007,MAD,OC,recente,2,,office_des_changes\undated\Produits remarquables site 1_15.xlsx,2026-07-23T21:00:06.123397+0000
None-01-01,None,MA00,CHANGE,CHANGE.USD,207851521.126,MAD,OC,recente,2,,office_des_changes\undated\Produits remarquables site 1_15.xlsx,2026-07-23T21:00:06.123397+0000
None-01-01,None,MA00,CHANGE,CHANGE.USD,163216859.72599998,MAD,OC,recente,2,,office_des_changes\undated\Produits remarquables site 1_15.xlsx,2026-07-23T21:00:06.123397+0000
None-01-01,None,MA00,CHANGE,CHANGE.USD,153255538.24,MAD,OC,recente,2,,office_des_changes\undated\Produits remarquables site 1_15.xlsx,2026-07-23T21:00:06.123397+0000
None-01-01,None,MA00,CHANGE,CHANGE.USD,143063002.753,MAD,OC,recente,2,,office_des_changes\undated\Produits remarquables site 1_15.xlsx,2026-07-23T21:00:06.123397+0000
None-01-01,None,MA00,CHANGE,CHANGE.USD,138926268.762,MAD,OC,recente,2,,office_des_changes\undated\Produits remarquables site 1_15.xlsx,2026-07-23T21:00:06.123397+0000
None-01-01,None,MA00,CHANGE,CHANGE.USD,137735981.075,MAD,OC,recente,2,,office_des_changes\undated\Produits remarquables site 1_15.xlsx,2026-07-23T21:00:06.123397+0000
None-01-01,None,MA00,CHANGE,CHANGE.USD,109572002.00799999,MAD,OC,recente,2,,office_des_changes\undated\Produits remarquables site 1_15.xlsx,2026-07-23T21:00:06.123397+0000
None-01-01,None,MA00,CHANGE,CHANGE.USD,101986568.99799998,MAD,OC,recente,2,,office_des_changes\undated\Produits remarquables site 1_15.xlsx,2026-07-23T21:00:06.123397+0000
None-01-01,None,MA00,CHANGE,CHANGE.USD,90145509.70199996,MAD,OC,recente,2,,office_des_changes\undated\Produits remarquables site 1_15.xlsx,2026-07-23T21:00:06.123397+0000
None-01-01,None,MA00,CHANGE,CHANGE.USD,83048114.49599999,MAD,OC,recente,2,,office_des_changes\undated\Produits remarquables site 1_15.xlsx,2026-07-23T21:00:06.123397+0000
None-01-01,None,MA00,CHANGE,CHANGE.USD,75271765.188,MAD,OC,recente,2,,office_des_changes\undated\Produits remarquables site 1_15.xlsx,2026-07-23T21:00:06.123397+0000
None-01-01,None,MA00,CHANGE,CHANGE.USD,64481990.529,MAD,OC,recente,2,,office_des_changes\undated\Produits remarquables site 1_15.xlsx,2026-07-23T21:00:06.123397+0000
None-01-01,None,MA00,CHANGE,CHANGE.USD,59420958.59099999,MAD,OC,recente,2,,office_des_changes\undated\Produits remarquables site 1_15.xlsx,2026-07-23T21:00:06.123397+0000
None-01-01,None,MA00,CHANGE,CHANGE.USD,58327250.495000005,MAD,OC,recente,2,,office_des_changes\undated\Produits remarquables site 1_15.xlsx,2026-07-23T21:00:06.123397+0000
None-01-01,None,MA00,CHANGE,CHANGE.USD,52254979.341000006,MAD,OC,recente,2,,office_des_changes\undated\Produits remarquables site 1_15.xlsx,2026-07-23T21:00:06.123397+0000
None-01-01,None,MA00,CHANGE,CHANGE.USD,50812244.92600001,MAD,OC,recente,2,,office_des_changes\undated\Produits remarquables site 1_15.xlsx,2026-07-23T21:00:06.123397+0000
None-01-01,None,MA00,CHANGE,CHANGE.USD,50672383.613000005,MAD,OC,recente,2,,office_des_changes\undated\Produits remarquables site 1_15.xlsx,2026-07-23T21:00:06.123397+0000
None-01-01,None,MA00,CHANGE,CHANGE.USD,23809053.0,MAD,OC,recente,2,,office_des_changes\undated\Produits remarquables site 1_15.xlsx,2026-07-23T21:00:06.123397+0000
None-01-01,None,MA00,CHANGE,CHANGE.USD,18776215.0,MAD,OC,recente,2,,office_des_changes\undated\Produits remarquables site 1_15.xlsx,2026-07-23T21:00:06.123397+0000
None-01-01,None,MA00,CHANGE,CHANGE.USD,17925970.137000002,MAD,OC,recente,2,,office_des_changes\undated\Produits remarquables site 1_15.xlsx,2026-07-23T21:00:06.123397+0000
None-01-01,None,MA00,CHANGE,CHANGE.USD,15939199.534999998,MAD,OC,recente,2,,office_des_changes\undated\Produits remarquables site 1_15.xlsx,2026-07-23T21:00:06.123397+0000
None-01-01,None,MA00,CHANGE,CHANGE.USD,13082118.43,MAD,OC,recente,2,,office_des_changes\undated\Produits remarquables site 1_15.xlsx,2026-07-23T21:00:06.123397+0000
None-01-01,None,MA00,CHANGE,CHANGE.USD,12354298.298999999,MAD,OC,recente,2,,office_des_changes\undated\Produits remarquables site 1_15.xlsx,2026-07-23T21:00:06.123397+0000
None-01-01,None,MA00,CHANGE,CHANGE.USD,12251444.241,MAD,OC,recente,2,,office_des_changes\undated\Produits remarquables site 1_15.xlsx,2026-07-23T21:00:06.123397+0000
None-01-01,None,MA00,CHANGE,CHANGE.USD,12115969.275000002,MAD,OC,recente,2,,office_des_changes\undated\Produits remarquables site 1_15.xlsx,2026-07-23T21:00:06.123397+0000
None-01-01,None,MA00,CHANGE,CHANGE.USD,10804721.348999998,MAD,OC,recente,2,,office_des_changes\undated\Produits remarquables site 1_15.xlsx,2026-07-23T21:00:06.123397+0000
None-01-01,None,MA00,CHANGE,CHANGE.USD,10703451.2,MAD,OC,recente,2,,office_des_changes\undated\Produits remarquables site 1_15.xlsx,2026-07-23T21:00:06.123397+0000
None-01-01,None,MA00,CHANGE,CHANGE.USD,9345789.626000002,MAD,OC,recente,2,,office_des_changes\undated\Produits remarquables site 1_15.xlsx,2026-07-23T21:00:06.123397+0000
None-01-01,None,MA00,CHANGE,CHANGE.USD,8713599.879999999,MAD,OC,recente,2,,office_des_changes\undated\Produits remarquables site 1_15.xlsx,2026-07-23T21:00:06.123397+0000
None-01-01,None,MA00,CHANGE,CHANGE.USD,8259878.17,MAD,OC,recente,2,,office_des_changes\undated\Produits remarquables site 1_15.xlsx,2026-07-23T21:00:06.123397+0000
None-01-01,None,MA00,CHANGE,CHANGE.USD,7889581.794,MAD,OC,recente,2,,office_des_changes\undated\Produits remarquables site 1_15.xlsx,2026-07-23T21:00:06.123397+0000
None-01-01,None,MA00,CHANGE,CHANGE.USD,6599044.62,MAD,OC,recente,2,,office_des_changes\undated\Produits remarquables site 1_15.xlsx,2026-07-23T21:00:06.123397+0000
None-01-01,None,MA00,CHANGE,CHANGE.USD,6053598.180000001,MAD,OC,recente,2,,office_des_changes\undated\Produits remarquables site 1_15.xlsx,2026-07-23T21:00:06.123397+0000
None-01-01,None,MA00,CHANGE,CHANGE.USD,5759275.227000001,MAD,OC,recente,2,,office_des_changes\undated\Produits remarquables site 1_15.xlsx,2026-07-23T21:00:06.123397+0000
None-01-01,None,MA00,CHANGE,CHANGE.USD,4623517.301,MAD,OC,recente,2,,office_des_changes\undated\Produits remarquables site 1_15.xlsx,2026-07-23T21:00:06.123397+0000
None-01-01,None,MA00,CHANGE,CHANGE.USD,3911558.0,MAD,OC,recente,2,,office_des_changes\undated\Produits remarquables site 1_15.xlsx,2026-07-23T21:00:06.123397+0000
None-01-01,None,MA00,CHANGE,CHANGE.USD,3522311.962,MAD,OC,recente,2,,office_des_changes\undated\Produits remarquables site 1_15.xlsx,2026-07-23T21:00:06.123397+0000
None-01-01,None,MA00,CHANGE,CHANGE.USD,3191297.431,MAD,OC,recente,2,,office_des_changes\undated\Produits remarquables site 1_15.xlsx,2026-07-23T21:00:06.123397+0000
None-01-01,None,MA00,CHANGE,CHANGE.USD,3166290.559,MAD,OC,recente,2,,office_des_changes\undated\Produits remarquables site 1_15.xlsx,2026-07-23T21:00:06.123397+0000
None-01-01,None,MA00,CHANGE,CHANGE.USD,2872777.805,MAD,OC,recente,2,,office_des_changes\undated\Produits remarquables site 1_15.xlsx,2026-07-23T21:00:06.123397+0000
None-01-01,None,MA00,CHANGE,CHANGE.USD,2850073.2350000003,MAD,OC,recente,2,,office_des_changes\undated\Produits remarquables site 1_15.xlsx,2026-07-23T21:00:06.123397+0000
None-01-01,None,MA00,CHANGE,CHANGE.USD,2266793.5190000003,MAD,OC,recente,2,,office_des_changes\undated\Produits remarquables site 1_15.xlsx,2026-07-23T21:00:06.123397+0000
None-01-01,None,MA00,CHANGE,CHANGE.USD,1939468.1,MAD,OC,recente,2,,office_des_changes\undated\Produits remarquables site 1_15.xlsx,2026-07-23T21:00:06.123397+0000
None-01-01,None,MA00,CHANGE,CHANGE.USD,1721154.0,MAD,OC,recente,2,,office_des_changes\undated\Produits remarquables site 1_15.xlsx,2026-07-23T21:00:06.123397+0000
None-01-01,None,MA00,CHANGE,CHANGE.USD,1631227.19,MAD,OC,recente,2,,office_des_changes\undated\Produits remarquables site 1_15.xlsx,2026-07-23T21:00:06.123397+0000
None-01-01,None,MA00,CHANGE,CHANGE.USD,1521655.26,MAD,OC,recente,2,,office_des_changes\undated\Produits remarquables site 1_15.xlsx,2026-07-23T21:00:06.123397+0000
None-01-01,None,MA00,CHANGE,CHANGE.USD,1398726.09,MAD,OC,recente,2,,office_des_changes\undated\Produits remarquables site 1_15.xlsx,2026-07-23T21:00:06.123397+0000
None-01-01,None,MA00,CHANGE,CHANGE.USD,1137675.0820000002,MAD,OC,recente,2,,office_des_changes\undated\Produits remarquables site 1_15.xlsx,2026-07-23T21:00:06.123397+0000
None-01-01,None,MA00,CHANGE,CHANGE.USD,939230.1140000001,MAD,OC,recente,2,,office_des_changes\undated\Produits remarquables site 1_15.xlsx,2026-07-23T21:00:06.123397+0000
None-01-01,None,MA00,CHANGE,CHANGE.USD,901722.2999999999,MAD,OC,recente,2,,office_des_changes\undated\Produits remarquables site 1_15.xlsx,2026-07-23T21:00:06.123397+0000
None-01-01,None,MA00,CHANGE,CHANGE.USD,857601.0,MAD,OC,recente,2,,office_des_changes\undated\Produits remarquables site 1_15.xlsx,2026-07-23T21:00:06.123397+0000
None-01-01,None,MA00,CHANGE,CHANGE.USD,330680.0,MAD,OC,recente,2,,office_des_changes\undated\Produits remarquables site 1_15.xlsx,2026-07-23T21:00:06.123397+0000
None-01-01,None,MA00,CHANGE,CHANGE.USD,281313.0,MAD,OC,recente,2,,office_des_changes\undated\Produits remarquables site 1_15.xlsx,2026-07-23T21:00:06.123397+0000
None-01-01,None,MA00,CHANGE,CHANGE.USD,273471.89900000003,MAD,OC,recente,2,,office_des_changes\undated\Produits remarquables site 1_15.xlsx,2026-07-23T21:00:06.123397+0000
None-01-01,None,MA00,CHANGE,CHANGE.USD,183041.754,MAD,OC,recente,2,,office_des_changes\undated\Produits remarquables site 1_15.xlsx,2026-07-23T21:00:06.123397+0000
None-01-01,None,MA00,CHANGE,CHANGE.USD,81164.0,MAD,OC,recente,2,,office_des_changes\undated\Produits remarquables site 1_15.xlsx,2026-07-23T21:00:06.123397+0000
None-01-01,None,MA00,CHANGE,CHANGE.USD,48161.0,MAD,OC,recente,2,,office_des_changes\undated\Produits remarquables site 1_15.xlsx,2026-07-23T21:00:06.123397+0000
None-01-01,None,MA00,CHANGE,CHANGE.USD,42551.0,MAD,OC,recente,2,,office_des_changes\undated\Produits remarquables site 1_15.xlsx,2026-07-23T21:00:06.123397+0000
None-01-01,None,MA00,CHANGE,CHANGE.USD,26974.0,MAD,OC,recente,2,,office_des_changes\undated\Produits remarquables site 1_15.xlsx,2026-07-23T21:00:06.123397+0000
None-01-01,None,MA00,CHANGE,CHANGE.USD,18027.0,MAD,OC,recente,2,,office_des_changes\undated\Produits remarquables site 1_15.xlsx,2026-07-23T21:00:06.123397+0000
None-01-01,None,MA00,CHANGE,CHANGE.USD,1092.0,MAD,OC,recente,2,,office_des_changes\undated\Produits remarquables site 1_15.xlsx,2026-07-23T21:00:06.123397+0000
None-01-01,None,MA00,CHANGE,CHANGE.USD,519.0,MAD,OC,recente,2,,office_des_changes\undated\Produits remarquables site 1_15.xlsx,2026-07-23T21:00:06.123397+0000
None-01-01,None,MA00,CHANGE,CHANGE.USD,0.0,MAD,OC,recente,2,,office_des_changes\undated\Produits remarquables site 1_15.xlsx,2026-07-23T21:00:06.123397+0000
None-01-01,None,MA00,CHANGE,CHANGE.USD,0.0,MAD,OC,recente,2,,office_des_changes\undated\Produits remarquables site 1_15.xlsx,2026-07-23T21:00:06.123397+0000
02-01-01,02,MA00,CHANGE,CHANGE.USD,2564117524.35,MAD,OC,recente,2,,office_des_changes\undated\Produits remarquables site 1_15.xlsx,2026-07-23T21:00:06.123397+0000
03-01-01,03,MA00,CHANGE,CHANGE.USD,39086328.0,MAD,OC,recente,2,,office_des_changes\undated\Produits remarquables site 1_15.xlsx,2026-07-23T21:00:06.123397+0000
04-01-01,04,MA00,CHANGE,CHANGE.USD,19871122.0,MAD,OC,recente,2,,office_des_changes\undated\Produits remarquables site 1_15.xlsx,2026-07-23T21:00:06.123397+0000
05-01-01,05,MA00,CHANGE,CHANGE.USD,9657860.8,MAD,OC,recente,2,,office_des_changes\undated\Produits remarquables site 1_15.xlsx,2026-07-23T21:00:06.123397+0000
None-01-01,None,MA00,CHANGE,CHANGE.USD,1116326.81,MAD,OC,recente,2,,office_des_changes\undated\Produits remarquables site 1_15.xlsx,2026-07-23T21:00:06.123397+0000
None-01-01,None,MA00,CHANGE,CHANGE.USD,75824.0,MAD,OC,recente,2,,office_des_changes\undated\Produits remarquables site 1_15.xlsx,2026-07-23T21:00:06.123397+0000
None-01-01,None,MA00,CHANGE,CHANGE.USD,26179.0,MAD,OC,recente,2,,office_des_changes\undated\Produits remarquables site 1_15.xlsx,2026-07-23T21:00:06.123397+0000
02-01-01,02,MA00,CHANGE,CHANGE.USD,169183326.836,MAD,OC,recente,2,,office_des_changes\undated\Produits remarquables site 1_15.xlsx,2026-07-23T21:00:06.123397+0000
02-01-01,02,MA00,CHANGE,CHANGE.USD,1058799694.353,MAD,OC,recente,2,,office_des_changes\undated\Produits remarquables site 1_15.xlsx,2026-07-23T21:00:06.123397+0000
03-01-01,03,MA00,CHANGE,CHANGE.USD,443114065.1039998,MAD,OC,recente,2,,office_des_changes\undated\Produits remarquables site 1_15.xlsx,2026-07-23T21:00:06.123397+0000
04-01-01,04,MA00,CHANGE,CHANGE.USD,370554390.3109999,MAD,OC,recente,2,,office_des_changes\undated\Produits remarquables site 1_15.xlsx,2026-07-23T21:00:06.123397+0000
05-01-01,05,MA00,CHANGE,CHANGE.USD,225124240.95999998,MAD,OC,recente,2,,office_des_changes\undated\Produits remarquables site 1_15.xlsx,2026-07-23T21:00:06.123397+0000
None-01-01,None,MA00,CHANGE,CHANGE.USD,207295270.66000006,MAD,OC,recente,2,,office_des_changes\undated\Produits remarquables site 1_15.xlsx,2026-07-23T21:00:06.123397+0000
None-01-01,None,MA00,CHANGE,CHANGE.USD,146181859.13199997,MAD,OC,recente,2,,office_des_changes\undated\Produits remarquables site 1_15.xlsx,2026-07-23T21:00:06.123397+0000
None-01-01,None,MA00,CHANGE,CHANGE.USD,131291122.85200001,MAD,OC,recente,2,,office_des_changes\undated\Produits remarquables site 1_15.xlsx,2026-07-23T21:00:06.123397+0000
None-01-01,None,MA00,CHANGE,CHANGE.USD,114531037.0,MAD,OC,recente,2,,office_des_changes\undated\Produits remarquables site 1_15.xlsx,2026-07-23T21:00:06.123397+0000
None-01-01,None,MA00,CHANGE,CHANGE.USD,85586812.2,MAD,OC,recente,2,,office_des_changes\undated\Produits remarquables site 1_15.xlsx,2026-07-23T21:00:06.123397+0000
None-01-01,None,MA00,CHANGE,CHANGE.USD,83560318.314,MAD,OC,recente,2,,office_des_changes\undated\Produits remarquables site 1_15.xlsx,2026-07-23T21:00:06.123397+0000
None-01-01,None,MA00,CHANGE,CHANGE.USD,46020309.0,MAD,OC,recente,2,,office_des_changes\undated\Produits remarquables site 1_15.xlsx,2026-07-23T21:00:06.123397+0000
None-01-01,None,MA00,CHANGE,CHANGE.USD,38036701.0,MAD,OC,recente,2,,office_des_changes\undated\Produits remarquables site 1_15.xlsx,2026-07-23T21:00:06.123397+0000
None-01-01,None,MA00,CHANGE,CHANGE.USD,38028519.435,MAD,OC,recente,2,,office_des_changes\undated\Produits remarquables site 1_15.xlsx,2026-07-23T21:00:06.123397+0000
None-01-01,None,MA00,CHANGE,CHANGE.USD,35677798.091,MAD,OC,recente,2,,office_des_changes\undated\Produits remarquables site 1_15.xlsx,2026-07-23T21:00:06.123397+0000
None-01-01,None,MA00,CHANGE,CHANGE.USD,25518896.196999997,MAD,OC,recente,2,,office_des_changes\undated\Produits remarquables site 1_15.xlsx,2026-07-23T21:00:06.123397+0000
None-01-01,None,MA00,CHANGE,CHANGE.USD,24985757.509,MAD,OC,recente,2,,office_des_changes\undated\Produits remarquables site 1_15.xlsx,2026-07-23T21:00:06.123397+0000
None-01-01,None,MA00,CHANGE,CHANGE.USD,11257606.135000002,MAD,OC,recente,2,,office_des_changes\undated\Produits remarquables site 1_15.xlsx,2026-07-23T21:00:06.123397+0000
None-01-01,None,MA00,CHANGE,CHANGE.USD,3954176.0,MAD,OC,recente,2,,office_des_changes\undated\Produits remarquables site 1_15.xlsx,2026-07-23T21:00:06.123397+0000
None-01-01,None,MA00,CHANGE,CHANGE.USD,3025250.0,MAD,OC,recente,2,,office_des_changes\undated\Produits remarquables site 1_15.xlsx,2026-07-23T21:00:06.123397+0000
None-01-01,None,MA00,CHANGE,CHANGE.USD,2414179.4,MAD,OC,recente,2,,office_des_changes\undated\Produits remarquables site 1_15.xlsx,2026-07-23T21:00:06.123397+0000
None-01-01,None,MA00,CHANGE,CHANGE.USD,1748831.95,MAD,OC,recente,2,,office_des_changes\undated\Produits remarquables site 1_15.xlsx,2026-07-23T21:00:06.123397+0000
None-01-01,None,MA00,CHANGE,CHANGE.USD,1552210.7689999999,MAD,OC,recente,2,,office_des_changes\undated\Produits remarquables site 1_15.xlsx,2026-07-23T21:00:06.123397+0000
None-01-01,None,MA00,CHANGE,CHANGE.USD,1347331.0,MAD,OC,recente,2,,office_des_changes\undated\Produits remarquables site 1_15.xlsx,2026-07-23T21:00:06.123397+0000
None-01-01,None,MA00,CHANGE,CHANGE.USD,1265568.2820000001,MAD,OC,recente,2,,office_des_changes\undated\Produits remarquables site 1_15.xlsx,2026-07-23T21:00:06.123397+0000
None-01-01,None,MA00,CHANGE,CHANGE.USD,1082041.0,MAD,OC,recente,2,,office_des_changes\undated\Produits remarquables site 1_15.xlsx,2026-07-23T21:00:06.123397+0000
None-01-01,None,MA00,CHANGE,CHANGE.USD,580912.0,MAD,OC,recente,2,,office_des_changes\undated\Produits remarquables site 1_15.xlsx,2026-07-23T21:00:06.123397+0000
None-01-01,None,MA00,CHANGE,CHANGE.USD,98166.0,MAD,OC,recente,2,,office_des_changes\undated\Produits remarquables site 1_15.xlsx,2026-07-23T21:00:06.123397+0000
02-01-01,02,MA00,CHANGE,CHANGE.USD,3143428717.4230003,MAD,OC,recente,2,,office_des_changes\undated\Produits remarquables site 1_15.xlsx,2026-07-23T21:00:06.123397+0000
03-01-01,03,MA00,CHANGE,CHANGE.USD,2371886471.0,MAD,OC,recente,2,,office_des_changes\undated\Produits remarquables site 1_15.xlsx,2026-07-23T21:00:06.123397+0000
04-01-01,04,MA00,CHANGE,CHANGE.USD,659054175.3,MAD,OC,recente,2,,office_des_changes\undated\Produits remarquables site 1_15.xlsx,2026-07-23T21:00:06.123397+0000
05-01-01,05,MA00,CHANGE,CHANGE.USD,481071340.4,MAD,OC,recente,2,,office_des_changes\undated\Produits remarquables site 1_15.xlsx,2026-07-23T21:00:06.123397+0000
None-01-01,None,MA00,CHANGE,CHANGE.USD,455782636.0,MAD,OC,recente,2,,office_des_changes\undated\Produits remarquables site 1_15.xlsx,2026-07-23T21:00:06.123397+0000
None-01-01,None,MA00,CHANGE,CHANGE.USD,188243439.0,MAD,OC,recente,2,,office_des_changes\undated\Produits remarquables site 1_15.xlsx,2026-07-23T21:00:06.123397+0000
None-01-01,None,MA00,CHANGE,CHANGE.USD,173592720.10999995,MAD,OC,recente,2,,office_des_changes\undated\Produits remarquables site 1_15.xlsx,2026-07-23T21:00:06.123397+0000
None-01-01,None,MA00,CHANGE,CHANGE.USD,169757626.0,MAD,OC,recente,2,,office_des_changes\undated\Produits remarquables site 1_15.xlsx,2026-07-23T21:00:06.123397+0000
None-01-01,None,MA00,CHANGE,CHANGE.USD,128996873.0,MAD,OC,recente,2,,office_des_changes\undated\Produits remarquables site 1_15.xlsx,2026-07-23T21:00:06.123397+0000
None-01-01,None,MA00,CHANGE,CHANGE.USD,102390312.0,MAD,OC,recente,2,,office_des_changes\undated\Produits remarquables site 1_15.xlsx,2026-07-23T21:00:06.123397+0000
None-01-01,None,MA00,CHANGE,CHANGE.USD,74349508.0,MAD,OC,recente,2,,office_des_changes\undated\Produits remarquables site 1_15.xlsx,2026-07-23T21:00:06.123397+0000
None-01-01,None,MA00,CHANGE,CHANGE.USD,65054068.44,MAD,OC,recente,2,,office_des_changes\undated\Produits remarquables site 1_15.xlsx,2026-07-23T21:00:06.123397+0000
None-01-01,None,MA00,CHANGE,CHANGE.USD,45259451.46999999,MAD,OC,recente,2,,office_des_changes\undated\Produits remarquables site 1_15.xlsx,2026-07-23T21:00:06.123397+0000
None-01-01,None,MA00,CHANGE,CHANGE.USD,5518754.0,MAD,OC,recente,2,,office_des_changes\undated\Produits remarquables site 1_15.xlsx,2026-07-23T21:00:06.123397+0000
None-01-01,None,MA00,CHANGE,CHANGE.USD,4220699.0,MAD,OC,recente,2,,office_des_changes\undated\Produits remarquables site 1_15.xlsx,2026-07-23T21:00:06.123397+0000
None-01-01,None,MA00,CHANGE,CHANGE.USD,716219.686,MAD,OC,recente,2,,office_des_changes\undated\Produits remarquables site 1_15.xlsx,2026-07-23T21:00:06.123397+0000
02-01-01,02,MA00,CHANGE,CHANGE.USD,30298753023.537014,MAD,OC,recente,2,,office_des_changes\undated\Produits remarquables site 1_15.xlsx,2026-07-23T21:00:06.123397+0000
03-01-01,03,MA00,CHANGE,CHANGE.USD,11883312998.104996,MAD,OC,recente,2,,office_des_changes\undated\Produits remarquables site 1_15.xlsx,2026-07-23T21:00:06.123397+0000
04-01-01,04,MA00,CHANGE,CHANGE.USD,6963789852.864999,MAD,OC,recente,2,,office_des_changes\undated\Produits remarquables site 1_15.xlsx,2026-07-23T21:00:06.123397+0000
05-01-01,05,MA00,CHANGE,CHANGE.USD,3944913891.5920005,MAD,OC,recente,2,,office_des_changes\undated\Produits remarquables site 1_15.xlsx,2026-07-23T21:00:06.123397+0000
None-01-01,None,MA00,CHANGE,CHANGE.USD,3235331401.493999,MAD,OC,recente,2,,office_des_changes\undated\Produits remarquables site 1_15.xlsx,2026-07-23T21:00:06.123397+0000
None-01-01,None,MA00,CHANGE,CHANGE.USD,1814616232.329,MAD,OC,recente,2,,office_des_changes\undated\Produits remarquables site 1_15.xlsx,2026-07-23T21:00:06.123397+0000
None-01-01,None,MA00,CHANGE,CHANGE.USD,1149852946.7609997,MAD,OC,recente,2,,office_des_changes\undated\Produits remarquables site 1_15.xlsx,2026-07-23T21:00:06.123397+0000
None-01-01,None,MA00,CHANGE,CHANGE.USD,944074438.9589998,MAD,OC,recente,2,,office_des_changes\undated\Produits remarquables site 1_15.xlsx,2026-07-23T21:00:06.123397+0000
None-01-01,None,MA00,CHANGE,CHANGE.USD,804740211.8170005,MAD,OC,recente,2,,office_des_changes\undated\Produits remarquables site 1_15.xlsx,2026-07-23T21:00:06.123397+0000
None-01-01,None,MA00,CHANGE,CHANGE.USD,659362560.8880001,MAD,OC,recente,2,,office_des_changes\undated\Produits remarquables site 1_15.xlsx,2026-07-23T21:00:06.123397+0000
None-01-01,None,MA00,CHANGE,CHANGE.USD,650582278.767,MAD,OC,recente,2,,office_des_changes\undated\Produits remarquables site 1_15.xlsx,2026-07-23T21:00:06.123397+0000
None-01-01,None,MA00,CHANGE,CHANGE.USD,593135864.8670001,MAD,OC,recente,2,,office_des_changes\undated\Produits remarquables site 1_15.xlsx,2026-07-23T21:00:06.123397+0000
None-01-01,None,MA00,CHANGE,CHANGE.USD,416444654.6950002,MAD,OC,recente,2,,office_des_changes\undated\Produits remarquables site 1_15.xlsx,2026-07-23T21:00:06.123397+0000
None-01-01,None,MA00,CHANGE,CHANGE.USD,317176139.4,MAD,OC,recente,2,,office_des_changes\undated\Produits remarquables site 1_15.xlsx,2026-07-23T21:00:06.123397+0000
None-01-01,None,MA00,CHANGE,CHANGE.USD,279504556.81,MAD,OC,recente,2,,office_des_changes\undated\Produits remarquables site 1_15.xlsx,2026-07-23T21:00:06.123397+0000
None-01-01,None,MA00,CHANGE,CHANGE.USD,262830913.82300004,MAD,OC,recente,2,,office_des_changes\undated\Produits remarquables site 1_15.xlsx,2026-07-23T21:00:06.123397+0000
None-01-01,None,MA00,CHANGE,CHANGE.USD,253660771.798,MAD,OC,recente,2,,office_des_changes\undated\Produits remarquables site 1_15.xlsx,2026-07-23T21:00:06.123397+0000
None-01-01,None,MA00,CHANGE,CHANGE.USD,201588387.18699998,MAD,OC,recente,2,,office_des_changes\undated\Produits remarquables site 1_15.xlsx,2026-07-23T21:00:06.123397+0000
None-01-01,None,MA00,CHANGE,CHANGE.USD,177076830.44099998,MAD,OC,recente,2,,office_des_changes\undated\Produits remarquables site 1_15.xlsx,2026-07-23T21:00:06.123397+0000
None-01-01,None,MA00,CHANGE,CHANGE.USD,124193363.40799999,MAD,OC,recente,2,,office_des_changes\undated\Produits remarquables site 1_15.xlsx,2026-07-23T21:00:06.123397+0000
None-01-01,None,MA00,CHANGE,CHANGE.USD,114211248.71699998,MAD,OC,recente,2,,office_des_changes\undated\Produits remarquables site 1_15.xlsx,2026-07-23T21:00:06.123397+0000
None-01-01,None,MA00,CHANGE,CHANGE.USD,113275765.809,MAD,OC,recente,2,,office_des_changes\undated\Produits remarquables site 1_15.xlsx,2026-07-23T21:00:06.123397+0000
None-01-01,None,MA00,CHANGE,CHANGE.USD,113158225.07800005,MAD,OC,recente,2,,office_des_changes\undated\Produits remarquables site 1_15.xlsx,2026-07-23T21:00:06.123397+0000
None-01-01,None,MA00,CHANGE,CHANGE.USD,88309671.50199996,MAD,OC,recente,2,,office_des_changes\undated\Produits remarquables site 1_15.xlsx,2026-07-23T21:00:06.123397+0000
None-01-01,None,MA00,CHANGE,CHANGE.USD,68907334.75,MAD,OC,recente,2,,office_des_changes\undated\Produits remarquables site 1_15.xlsx,2026-07-23T21:00:06.123397+0000
None-01-01,None,MA00,CHANGE,CHANGE.USD,60696954.55300001,MAD,OC,recente,2,,office_des_changes\undated\Produits remarquables site 1_15.xlsx,2026-07-23T21:00:06.123397+0000
None-01-01,None,MA00,CHANGE,CHANGE.USD,60164952.706999995,MAD,OC,recente,2,,office_des_changes\undated\Produits remarquables site 1_15.xlsx,2026-07-23T21:00:06.123397+0000
None-01-01,None,MA00,CHANGE,CHANGE.USD,49398563.31200001,MAD,OC,recente,2,,office_des_changes\undated\Produits remarquables site 1_15.xlsx,2026-07-23T21:00:06.123397+0000
None-01-01,None,MA00,CHANGE,CHANGE.USD,48538620.00500001,MAD,OC,recente,2,,office_des_changes\undated\Produits remarquables site 1_15.xlsx,2026-07-23T21:00:06.123397+0000
None-01-01,None,MA00,CHANGE,CHANGE.USD,40609563.284,MAD,OC,recente,2,,office_des_changes\undated\Produits remarquables site 1_15.xlsx,2026-07-23T21:00:06.123397+0000
None-01-01,None,MA00,CHANGE,CHANGE.USD,30951089.259000007,MAD,OC,recente,2,,office_des_changes\undated\Produits remarquables site 1_15.xlsx,2026-07-23T21:00:06.123397+0000
None-01-01,None,MA00,CHANGE,CHANGE.USD,29488765.550999995,MAD,OC,recente,2,,office_des_changes\undated\Produits remarquables site 1_15.xlsx,2026-07-23T21:00:06.123397+0000
None-01-01,None,MA00,CHANGE,CHANGE.USD,20187609.796,MAD,OC,recente,2,,office_des_changes\undated\Produits remarquables site 1_15.xlsx,2026-07-23T21:00:06.123397+0000
None-01-01,None,MA00,CHANGE,CHANGE.USD,18705377.654,MAD,OC,recente,2,,office_des_changes\undated\Produits remarquables site 1_15.xlsx,2026-07-23T21:00:06.123397+0000
None-01-01,None,MA00,CHANGE,CHANGE.USD,15652191.272,MAD,OC,recente,2,,office_des_changes\undated\Produits remarquables site 1_15.xlsx,2026-07-23T21:00:06.123397+0000
None-01-01,None,MA00,CHANGE,CHANGE.USD,15028121.588,MAD,OC,recente,2,,office_des_changes\undated\Produits remarquables site 1_15.xlsx,2026-07-23T21:00:06.123397+0000
None-01-01,None,MA00,CHANGE,CHANGE.USD,12752763.0,MAD,OC,recente,2,,office_des_changes\undated\Produits remarquables site 1_15.xlsx,2026-07-23T21:00:06.123397+0000
None-01-01,None,MA00,CHANGE,CHANGE.USD,11717387.214999998,MAD,OC,recente,2,,office_des_changes\undated\Produits remarquables site 1_15.xlsx,2026-07-23T21:00:06.123397+0000
None-01-01,None,MA00,CHANGE,CHANGE.USD,7893516.235000001,MAD,OC,recente,2,,office_des_changes\undated\Produits remarquables site 1_15.xlsx,2026-07-23T21:00:06.123397+0000
None-01-01,None,MA00,CHANGE,CHANGE.USD,6739328.677,MAD,OC,recente,2,,office_des_changes\undated\Produits remarquables site 1_15.xlsx,2026-07-23T21:00:06.123397+0000
None-01-01,None,MA00,CHANGE,CHANGE.USD,6086053.882,MAD,OC,recente,2,,office_des_changes\undated\Produits remarquables site 1_15.xlsx,2026-07-23T21:00:06.123397+0000
None-01-01,None,MA00,CHANGE,CHANGE.USD,6049504.000999999,MAD,OC,recente,2,,office_des_changes\undated\Produits remarquables site 1_15.xlsx,2026-07-23T21:00:06.123397+0000
None-01-01,None,MA00,CHANGE,CHANGE.USD,4081090.0,MAD,OC,recente,2,,office_des_changes\undated\Produits remarquables site 1_15.xlsx,2026-07-23T21:00:06.123397+0000
None-01-01,None,MA00,CHANGE,CHANGE.USD,3446974.09,MAD,OC,recente,2,,office_des_changes\undated\Produits remarquables site 1_15.xlsx,2026-07-23T21:00:06.123397+0000
None-01-01,None,MA00,CHANGE,CHANGE.USD,2419853.73,MAD,OC,recente,2,,office_des_changes\undated\Produits remarquables site 1_15.xlsx,2026-07-23T21:00:06.123397+0000
None-01-01,None,MA00,CHANGE,CHANGE.USD,1912066.5060000003,MAD,OC,recente,2,,office_des_changes\undated\Produits remarquables site 1_15.xlsx,2026-07-23T21:00:06.123397+0000
None-01-01,None,MA00,CHANGE,CHANGE.USD,1762853.04,MAD,OC,recente,2,,office_des_changes\undated\Produits remarquables site 1_15.xlsx,2026-07-23T21:00:06.123397+0000
None-01-01,None,MA00,CHANGE,CHANGE.USD,1501309.692,MAD,OC,recente,2,,office_des_changes\undated\Produits remarquables site 1_15.xlsx,2026-07-23T21:00:06.123397+0000
None-01-01,None,MA00,CHANGE,CHANGE.USD,1222255.5559999999,MAD,OC,recente,2,,office_des_changes\undated\Produits remarquables site 1_15.xlsx,2026-07-23T21:00:06.123397+0000
None-01-01,None,MA00,CHANGE,CHANGE.USD,887901.283,MAD,OC,recente,2,,office_des_changes\undated\Produits remarquables site 1_15.xlsx,2026-07-23T21:00:06.123397+0000
None-01-01,None,MA00,CHANGE,CHANGE.USD,716158.33,MAD,OC,recente,2,,office_des_changes\undated\Produits remarquables site 1_15.xlsx,2026-07-23T21:00:06.123397+0000
None-01-01,None,MA00,CHANGE,CHANGE.USD,535159.5,MAD,OC,recente,2,,office_des_changes\undated\Produits remarquables site 1_15.xlsx,2026-07-23T21:00:06.123397+0000
None-01-01,None,MA00,CHANGE,CHANGE.USD,350000.0,MAD,OC,recente,2,,office_des_changes\undated\Produits remarquables site 1_15.xlsx,2026-07-23T21:00:06.123397+0000
None-01-01,None,MA00,CHANGE,CHANGE.USD,347269.308,MAD,OC,recente,2,,office_des_changes\undated\Produits remarquables site 1_15.xlsx,2026-07-23T21:00:06.123397+0000
None-01-01,None,MA00,CHANGE,CHANGE.USD,339714.6,MAD,OC,recente,2,,office_des_changes\undated\Produits remarquables site 1_15.xlsx,2026-07-23T21:00:06.123397+0000
None-01-01,None,MA00,CHANGE,CHANGE.USD,338313.745,MAD,OC,recente,2,,office_des_changes\undated\Produits remarquables site 1_15.xlsx,2026-07-23T21:00:06.123397+0000
None-01-01,None,MA00,CHANGE,CHANGE.USD,323857.0,MAD,OC,recente,2,,office_des_changes\undated\Produits remarquables site 1_15.xlsx,2026-07-23T21:00:06.123397+0000
None-01-01,None,MA00,CHANGE,CHANGE.USD,259351.0,MAD,OC,recente,2,,office_des_changes\undated\Produits remarquables site 1_15.xlsx,2026-07-23T21:00:06.123397+0000
None-01-01,None,MA00,CHANGE,CHANGE.USD,188652.547,MAD,OC,recente,2,,office_des_changes\undated\Produits remarquables site 1_15.xlsx,2026-07-23T21:00:06.123397+0000
None-01-01,None,MA00,CHANGE,CHANGE.USD,101217.175,MAD,OC,recente,2,,office_des_changes\undated\Produits remarquables site 1_15.xlsx,2026-07-23T21:00:06.123397+0000
None-01-01,None,MA00,CHANGE,CHANGE.USD,7238.0,MAD,OC,recente,2,,office_des_changes\undated\Produits remarquables site 1_15.xlsx,2026-07-23T21:00:06.123397+0000
None-01-01,None,MA00,CHANGE,CHANGE.USD,2490.0,MAD,OC,recente,2,,office_des_changes\undated\Produits remarquables site 1_15.xlsx,2026-07-23T21:00:06.123397+0000
None-01-01,None,MA00,CHANGE,CHANGE.USD,0.0,MAD,OC,recente,2,,office_des_changes\undated\Produits remarquables site 1_15.xlsx,2026-07-23T21:00:06.123397+0000
None-01-01,None,MA00,CHANGE,CHANGE.USD,0.0,MAD,OC,recente,2,,office_des_changes\undated\Produits remarquables site 1_15.xlsx,2026-07-23T21:00:06.123397+0000
None-01-01,None,MA00,CHANGE,CHANGE.USD,0.0,MAD,OC,recente,2,,office_des_changes\undated\Produits remarquables site 1_15.xlsx,2026-07-23T21:00:06.123397+0000
03-01-01,03,MA00,CHANGE,CHANGE.USD,8147031.185,MAD,OC,recente,2,,office_des_changes\undated\Produits remarquables site 1_15.xlsx,2026-07-23T21:00:06.123397+0000
04-01-01,04,MA00,CHANGE,CHANGE.USD,483027.0,MAD,OC,recente,2,,office_des_changes\undated\Produits remarquables site 1_15.xlsx,2026-07-23T21:00:06.123397+0000
02-01-01,02,MA00,CHANGE,CHANGE.USD,27034966618.858997,MAD,OC,recente,2,,office_des_changes\undated\Produits remarquables site 1_15.xlsx,2026-07-23T21:00:06.123397+0000
03-01-01,03,MA00,CHANGE,CHANGE.USD,8599289387.676,MAD,OC,recente,2,,office_des_changes\undated\Produits remarquables site 1_15.xlsx,2026-07-23T21:00:06.123397+0000
04-01-01,04,MA00,CHANGE,CHANGE.USD,4849045461.2109995,MAD,OC,recente,2,,office_des_changes\undated\Produits remarquables site 1_15.xlsx,2026-07-23T21:00:06.123397+0000
05-01-01,05,MA00,CHANGE,CHANGE.USD,778207109.99,MAD,OC,recente,2,,office_des_changes\undated\Produits remarquables site 1_15.xlsx,2026-07-23T21:00:06.123397+0000
None-01-01,None,MA00,CHANGE,CHANGE.USD,688977743.4599999,MAD,OC,recente,2,,office_des_changes\undated\Produits remarquables site 1_15.xlsx,2026-07-23T21:00:06.123397+0000
None-01-01,None,MA00,CHANGE,CHANGE.USD,591415962.999,MAD,OC,recente,2,,office_des_changes\undated\Produits remarquables site 1_15.xlsx,2026-07-23T21:00:06.123397+0000
None-01-01,None,MA00,CHANGE,CHANGE.USD,517300281.6989999,MAD,OC,recente,2,,office_des_changes\undated\Produits remarquables site 1_15.xlsx,2026-07-23T21:00:06.123397+0000
None-01-01,None,MA00,CHANGE,CHANGE.USD,410805037.9990001,MAD,OC,recente,2,,office_des_changes\undated\Produits remarquables site 1_15.xlsx,2026-07-23T21:00:06.123397+0000
None-01-01,None,MA00,CHANGE,CHANGE.USD,389707566.49,MAD,OC,recente,2,,office_des_changes\undated\Produits remarquables site 1_15.xlsx,2026-07-23T21:00:06.123397+0000
None-01-01,None,MA00,CHANGE,CHANGE.USD,387246795.42100006,MAD,OC,recente,2,,office_des_changes\undated\Produits remarquables site 1_15.xlsx,2026-07-23T21:00:06.123397+0000
None-01-01,None,MA00,CHANGE,CHANGE.USD,294693631.73,MAD,OC,recente,2,,office_des_changes\undated\Produits remarquables site 1_15.xlsx,2026-07-23T21:00:06.123397+0000
None-01-01,None,MA00,CHANGE,CHANGE.USD,287553420.336,MAD,OC,recente,2,,office_des_changes\undated\Produits remarquables site 1_15.xlsx,2026-07-23T21:00:06.123397+0000
None-01-01,None,MA00,CHANGE,CHANGE.USD,286116630.4480001,MAD,OC,recente,2,,office_des_changes\undated\Produits remarquables site 1_15.xlsx,2026-07-23T21:00:06.123397+0000
None-01-01,None,MA00,CHANGE,CHANGE.USD,259821057.0,MAD,OC,recente,2,,office_des_changes\undated\Produits remarquables site 1_15.xlsx,2026-07-23T21:00:06.123397+0000
None-01-01,None,MA00,CHANGE,CHANGE.USD,257816528.29400006,MAD,OC,recente,2,,office_des_changes\undated\Produits remarquables site 1_15.xlsx,2026-07-23T21:00:06.123397+0000
None-01-01,None,MA00,CHANGE,CHANGE.USD,256601373.607,MAD,OC,recente,2,,office_des_changes\undated\Produits remarquables site 1_15.xlsx,2026-07-23T21:00:06.123397+0000
None-01-01,None,MA00,CHANGE,CHANGE.USD,255434428.22000003,MAD,OC,recente,2,,office_des_changes\undated\Produits remarquables site 1_15.xlsx,2026-07-23T21:00:06.123397+0000
None-01-01,None,MA00,CHANGE,CHANGE.USD,201747576.70499998,MAD,OC,recente,2,,office_des_changes\undated\Produits remarquables site 1_15.xlsx,2026-07-23T21:00:06.123397+0000
None-01-01,None,MA00,CHANGE,CHANGE.USD,148609303.97100002,MAD,OC,recente,2,,office_des_changes\undated\Produits remarquables site 1_15.xlsx,2026-07-23T21:00:06.123397+0000
None-01-01,None,MA00,CHANGE,CHANGE.USD,137825821.24600002,MAD,OC,recente,2,,office_des_changes\undated\Produits remarquables site 1_15.xlsx,2026-07-23T21:00:06.123397+0000
None-01-01,None,MA00,CHANGE,CHANGE.USD,119791243.96800001,MAD,OC,recente,2,,office_des_changes\undated\Produits remarquables site 1_15.xlsx,2026-07-23T21:00:06.123397+0000
None-01-01,None,MA00,CHANGE,CHANGE.USD,92568942.58700001,MAD,OC,recente,2,,office_des_changes\undated\Produits remarquables site 1_15.xlsx,2026-07-23T21:00:06.123397+0000
None-01-01,None,MA00,CHANGE,CHANGE.USD,59235340.95,MAD,OC,recente,2,,office_des_changes\undated\Produits remarquables site 1_15.xlsx,2026-07-23T21:00:06.123397+0000
None-01-01,None,MA00,CHANGE,CHANGE.USD,54322252.67700001,MAD,OC,recente,2,,office_des_changes\undated\Produits remarquables site 1_15.xlsx,2026-07-23T21:00:06.123397+0000
None-01-01,None,MA00,CHANGE,CHANGE.USD,45182398.376,MAD,OC,recente,2,,office_des_changes\undated\Produits remarquables site 1_15.xlsx,2026-07-23T21:00:06.123397+0000
None-01-01,None,MA00,CHANGE,CHANGE.USD,41711842.20600001,MAD,OC,recente,2,,office_des_changes\undated\Produits remarquables site 1_15.xlsx,2026-07-23T21:00:06.123397+0000
None-01-01,None,MA00,CHANGE,CHANGE.USD,38519342.416999996,MAD,OC,recente,2,,office_des_changes\undated\Produits remarquables site 1_15.xlsx,2026-07-23T21:00:06.123397+0000
None-01-01,None,MA00,CHANGE,CHANGE.USD,36443758.52599999,MAD,OC,recente,2,,office_des_changes\undated\Produits remarquables site 1_15.xlsx,2026-07-23T21:00:06.123397+0000
None-01-01,None,MA00,CHANGE,CHANGE.USD,35910830.26,MAD,OC,recente,2,,office_des_changes\undated\Produits remarquables site 1_15.xlsx,2026-07-23T21:00:06.123397+0000
None-01-01,None,MA00,CHANGE,CHANGE.USD,35816818.732,MAD,OC,recente,2,,office_des_changes\undated\Produits remarquables site 1_15.xlsx,2026-07-23T21:00:06.123397+0000
None-01-01,None,MA00,CHANGE,CHANGE.USD,30063277.790000003,MAD,OC,recente,2,,office_des_changes\undated\Produits remarquables site 1_15.xlsx,2026-07-23T21:00:06.123397+0000
None-01-01,None,MA00,CHANGE,CHANGE.USD,27457262.138,MAD,OC,recente,2,,office_des_changes\undated\Produits remarquables site 1_15.xlsx,2026-07-23T21:00:06.123397+0000
None-01-01,None,MA00,CHANGE,CHANGE.USD,27087206.04,MAD,OC,recente,2,,office_des_changes\undated\Produits remarquables site 1_15.xlsx,2026-07-23T21:00:06.123397+0000
None-01-01,None,MA00,CHANGE,CHANGE.USD,25729847.557,MAD,OC,recente,2,,office_des_changes\undated\Produits remarquables site 1_15.xlsx,2026-07-23T21:00:06.123397+0000
None-01-01,None,MA00,CHANGE,CHANGE.USD,25576466.19,MAD,OC,recente,2,,office_des_changes\undated\Produits remarquables site 1_15.xlsx,2026-07-23T21:00:06.123397+0000
None-01-01,None,MA00,CHANGE,CHANGE.USD,24831466.283,MAD,OC,recente,2,,office_des_changes\undated\Produits remarquables site 1_15.xlsx,2026-07-23T21:00:06.123397+0000
None-01-01,None,MA00,CHANGE,CHANGE.USD,24286015.505000003,MAD,OC,recente,2,,office_des_changes\undated\Produits remarquables site 1_15.xlsx,2026-07-23T21:00:06.123397+0000
None-01-01,None,MA00,CHANGE,CHANGE.USD,21314649.200000003,MAD,OC,recente,2,,office_des_changes\undated\Produits remarquables site 1_15.xlsx,2026-07-23T21:00:06.123397+0000
None-01-01,None,MA00,CHANGE,CHANGE.USD,19923346.229999997,MAD,OC,recente,2,,office_des_changes\undated\Produits remarquables site 1_15.xlsx,2026-07-23T21:00:06.123397+0000
None-01-01,None,MA00,CHANGE,CHANGE.USD,15398911.0,MAD,OC,recente,2,,office_des_changes\undated\Produits remarquables site 1_15.xlsx,2026-07-23T21:00:06.123397+0000
None-01-01,None,MA00,CHANGE,CHANGE.USD,14823327.190000001,MAD,OC,recente,2,,office_des_changes\undated\Produits remarquables site 1_15.xlsx,2026-07-23T21:00:06.123397+0000
None-01-01,None,MA00,CHANGE,CHANGE.USD,13946588.894000001,MAD,OC,recente,2,,office_des_changes\undated\Produits remarquables site 1_15.xlsx,2026-07-23T21:00:06.123397+0000
None-01-01,None,MA00,CHANGE,CHANGE.USD,12529087.536000002,MAD,OC,recente,2,,office_des_changes\undated\Produits remarquables site 1_15.xlsx,2026-07-23T21:00:06.123397+0000
None-01-01,None,MA00,CHANGE,CHANGE.USD,12104831.0,MAD,OC,recente,2,,office_des_changes\undated\Produits remarquables site 1_15.xlsx,2026-07-23T21:00:06.123397+0000
None-01-01,None,MA00,CHANGE,CHANGE.USD,9741688.0,MAD,OC,recente,2,,office_des_changes\undated\Produits remarquables site 1_15.xlsx,2026-07-23T21:00:06.123397+0000
None-01-01,None,MA00,CHANGE,CHANGE.USD,8148440.862,MAD,OC,recente,2,,office_des_changes\undated\Produits remarquables site 1_15.xlsx,2026-07-23T21:00:06.123397+0000
None-01-01,None,MA00,CHANGE,CHANGE.USD,7443041.396,MAD,OC,recente,2,,office_des_changes\undated\Produits remarquables site 1_15.xlsx,2026-07-23T21:00:06.123397+0000
None-01-01,None,MA00,CHANGE,CHANGE.USD,6845513.7409999985,MAD,OC,recente,2,,office_des_changes\undated\Produits remarquables site 1_15.xlsx,2026-07-23T21:00:06.123397+0000
None-01-01,None,MA00,CHANGE,CHANGE.USD,6223062.294,MAD,OC,recente,2,,office_des_changes\undated\Produits remarquables site 1_15.xlsx,2026-07-23T21:00:06.123397+0000
None-01-01,None,MA00,CHANGE,CHANGE.USD,5966911.3889999995,MAD,OC,recente,2,,office_des_changes\undated\Produits remarquables site 1_15.xlsx,2026-07-23T21:00:06.123397+0000
None-01-01,None,MA00,CHANGE,CHANGE.USD,5959556.0,MAD,OC,recente,2,,office_des_changes\undated\Produits remarquables site 1_15.xlsx,2026-07-23T21:00:06.123397+0000
None-01-01,None,MA00,CHANGE,CHANGE.USD,4948087.659000002,MAD,OC,recente,2,,office_des_changes\undated\Produits remarquables site 1_15.xlsx,2026-07-23T21:00:06.123397+0000
None-01-01,None,MA00,CHANGE,CHANGE.USD,4757354.652000001,MAD,OC,recente,2,,office_des_changes\undated\Produits remarquables site 1_15.xlsx,2026-07-23T21:00:06.123397+0000
None-01-01,None,MA00,CHANGE,CHANGE.USD,3154883.0,MAD,OC,recente,2,,office_des_changes\undated\Produits remarquables site 1_15.xlsx,2026-07-23T21:00:06.123397+0000
None-01-01,None,MA00,CHANGE,CHANGE.USD,2991901.85,MAD,OC,recente,2,,office_des_changes\undated\Produits remarquables site 1_15.xlsx,2026-07-23T21:00:06.123397+0000
None-01-01,None,MA00,CHANGE,CHANGE.USD,2770911.0550000006,MAD,OC,recente,2,,office_des_changes\undated\Produits remarquables site 1_15.xlsx,2026-07-23T21:00:06.123397+0000
None-01-01,None,MA00,CHANGE,CHANGE.USD,1318741.96,MAD,OC,recente,2,,office_des_changes\undated\Produits remarquables site 1_15.xlsx,2026-07-23T21:00:06.123397+0000
None-01-01,None,MA00,CHANGE,CHANGE.USD,1092184.45,MAD,OC,recente,2,,office_des_changes\undated\Produits remarquables site 1_15.xlsx,2026-07-23T21:00:06.123397+0000
None-01-01,None,MA00,CHANGE,CHANGE.USD,1017581.0,MAD,OC,recente,2,,office_des_changes\undated\Produits remarquables site 1_15.xlsx,2026-07-23T21:00:06.123397+0000
None-01-01,None,MA00,CHANGE,CHANGE.USD,642717.809,MAD,OC,recente,2,,office_des_changes\undated\Produits remarquables site 1_15.xlsx,2026-07-23T21:00:06.123397+0000
None-01-01,None,MA00,CHANGE,CHANGE.USD,615664.259,MAD,OC,recente,2,,office_des_changes\undated\Produits remarquables site 1_15.xlsx,2026-07-23T21:00:06.123397+0000
None-01-01,None,MA00,CHANGE,CHANGE.USD,524012.0,MAD,OC,recente,2,,office_des_changes\undated\Produits remarquables site 1_15.xlsx,2026-07-23T21:00:06.123397+0000
None-01-01,None,MA00,CHANGE,CHANGE.USD,434654.37,MAD,OC,recente,2,,office_des_changes\undated\Produits remarquables site 1_15.xlsx,2026-07-23T21:00:06.123397+0000
None-01-01,None,MA00,CHANGE,CHANGE.USD,382151.04,MAD,OC,recente,2,,office_des_changes\undated\Produits remarquables site 1_15.xlsx,2026-07-23T21:00:06.123397+0000
None-01-01,None,MA00,CHANGE,CHANGE.USD,307000.0,MAD,OC,recente,2,,office_des_changes\undated\Produits remarquables site 1_15.xlsx,2026-07-23T21:00:06.123397+0000
None-01-01,None,MA00,CHANGE,CHANGE.USD,283376.1,MAD,OC,recente,2,,office_des_changes\undated\Produits remarquables site 1_15.xlsx,2026-07-23T21:00:06.123397+0000
None-01-01,None,MA00,CHANGE,CHANGE.USD,227625.91999999998,MAD,OC,recente,2,,office_des_changes\undated\Produits remarquables site 1_15.xlsx,2026-07-23T21:00:06.123397+0000
None-01-01,None,MA00,CHANGE,CHANGE.USD,57328.0,MAD,OC,recente,2,,office_des_changes\undated\Produits remarquables site 1_15.xlsx,2026-07-23T21:00:06.123397+0000
None-01-01,None,MA00,CHANGE,CHANGE.USD,54580.0,MAD,OC,recente,2,,office_des_changes\undated\Produits remarquables site 1_15.xlsx,2026-07-23T21:00:06.123397+0000
None-01-01,None,MA00,CHANGE,CHANGE.USD,49067.0,MAD,OC,recente,2,,office_des_changes\undated\Produits remarquables site 1_15.xlsx,2026-07-23T21:00:06.123397+0000
None-01-01,None,MA00,CHANGE,CHANGE.USD,29530.0,MAD,OC,recente,2,,office_des_changes\undated\Produits remarquables site 1_15.xlsx,2026-07-23T21:00:06.123397+0000
None-01-01,None,MA00,CHANGE,CHANGE.USD,6270.0,MAD,OC,recente,2,,office_des_changes\undated\Produits remarquables site 1_15.xlsx,2026-07-23T21:00:06.123397+0000
None-01-01,None,MA00,CHANGE,CHANGE.USD,630.0,MAD,OC,recente,2,,office_des_changes\undated\Produits remarquables site 1_15.xlsx,2026-07-23T21:00:06.123397+0000
None-01-01,None,MA00,CHANGE,CHANGE.USD,0.0,MAD,OC,recente,2,,office_des_changes\undated\Produits remarquables site 1_15.xlsx,2026-07-23T21:00:06.123397+0000
02-01-01,02,MA00,CHANGE,CHANGE.USD,8352014676.495001,MAD,OC,recente,2,,office_des_changes\undated\Produits remarquables site 1_15.xlsx,2026-07-23T21:00:06.123397+0000
03-01-01,03,MA00,CHANGE,CHANGE.USD,3737032643.313,MAD,OC,recente,2,,office_des_changes\undated\Produits remarquables site 1_15.xlsx,2026-07-23T21:00:06.123397+0000
04-01-01,04,MA00,CHANGE,CHANGE.USD,3500349723.824,MAD,OC,recente,2,,office_des_changes\undated\Produits remarquables site 1_15.xlsx,2026-07-23T21:00:06.123397+0000
05-01-01,05,MA00,CHANGE,CHANGE.USD,2655102319.6449995,MAD,OC,recente,2,,office_des_changes\undated\Produits remarquables site 1_15.xlsx,2026-07-23T21:00:06.123397+0000
None-01-01,None,MA00,CHANGE,CHANGE.USD,2031299899.0069997,MAD,OC,recente,2,,office_des_changes\undated\Produits remarquables site 1_15.xlsx,2026-07-23T21:00:06.123397+0000
None-01-01,None,MA00,CHANGE,CHANGE.USD,1875193064.0,MAD,OC,recente,2,,office_des_changes\undated\Produits remarquables site 1_15.xlsx,2026-07-23T21:00:06.123397+0000
None-01-01,None,MA00,CHANGE,CHANGE.USD,1328227151.584,MAD,OC,recente,2,,office_des_changes\undated\Produits remarquables site 1_15.xlsx,2026-07-23T21:00:06.123397+0000
None-01-01,None,MA00,CHANGE,CHANGE.USD,1179304995.3750005,MAD,OC,recente,2,,office_des_changes\undated\Produits remarquables site 1_15.xlsx,2026-07-23T21:00:06.123397+0000
None-01-01,None,MA00,CHANGE,CHANGE.USD,1014652950.6939999,MAD,OC,recente,2,,office_des_changes\undated\Produits remarquables site 1_15.xlsx,2026-07-23T21:00:06.123397+0000
None-01-01,None,MA00,CHANGE,CHANGE.USD,958194815.3169992,MAD,OC,recente,2,,office_des_changes\undated\Produits remarquables site 1_15.xlsx,2026-07-23T21:00:06.123397+0000
None-01-01,None,MA00,CHANGE,CHANGE.USD,958068298.9379997,MAD,OC,recente,2,,office_des_changes\undated\Produits remarquables site 1_15.xlsx,2026-07-23T21:00:06.123397+0000
None-01-01,None,MA00,CHANGE,CHANGE.USD,955907925.138,MAD,OC,recente,2,,office_des_changes\undated\Produits remarquables site 1_15.xlsx,2026-07-23T21:00:06.123397+0000
None-01-01,None,MA00,CHANGE,CHANGE.USD,835652357.0220001,MAD,OC,recente,2,,office_des_changes\undated\Produits remarquables site 1_15.xlsx,2026-07-23T21:00:06.123397+0000
None-01-01,None,MA00,CHANGE,CHANGE.USD,818293093.0129999,MAD,OC,recente,2,,office_des_changes\undated\Produits remarquables site 1_15.xlsx,2026-07-23T21:00:06.123397+0000
None-01-01,None,MA00,CHANGE,CHANGE.USD,796844511.191,MAD,OC,recente,2,,office_des_changes\undated\Produits remarquables site 1_15.xlsx,2026-07-23T21:00:06.123397+0000
None-01-01,None,MA00,CHANGE,CHANGE.USD,776260576.63,MAD,OC,recente,2,,office_des_changes\undated\Produits remarquables site 1_15.xlsx,2026-07-23T21:00:06.123397+0000
None-01-01,None,MA00,CHANGE,CHANGE.USD,734888626.706,MAD,OC,recente,2,,office_des_changes\undated\Produits remarquables site 1_15.xlsx,2026-07-23T21:00:06.123397+0000
None-01-01,None,MA00,CHANGE,CHANGE.USD,648581400.4619999,MAD,OC,recente,2,,office_des_changes\undated\Produits remarquables site 1_15.xlsx,2026-07-23T21:00:06.123397+0000
None-01-01,None,MA00,CHANGE,CHANGE.USD,616381871.043,MAD,OC,recente,2,,office_des_changes\undated\Produits remarquables site 1_15.xlsx,2026-07-23T21:00:06.123397+0000
None-01-01,None,MA00,CHANGE,CHANGE.USD,599754222.249,MAD,OC,recente,2,,office_des_changes\undated\Produits remarquables site 1_15.xlsx,2026-07-23T21:00:06.123397+0000
None-01-01,None,MA00,CHANGE,CHANGE.USD,587638418.536,MAD,OC,recente,2,,office_des_changes\undated\Produits remarquables site 1_15.xlsx,2026-07-23T21:00:06.123397+0000
None-01-01,None,MA00,CHANGE,CHANGE.USD,568118032.361,MAD,OC,recente,2,,office_des_changes\undated\Produits remarquables site 1_15.xlsx,2026-07-23T21:00:06.123397+0000
None-01-01,None,MA00,CHANGE,CHANGE.USD,487082390.43600005,MAD,OC,recente,2,,office_des_changes\undated\Produits remarquables site 1_15.xlsx,2026-07-23T21:00:06.123397+0000
None-01-01,None,MA00,CHANGE,CHANGE.USD,447960821.122,MAD,OC,recente,2,,office_des_changes\undated\Produits remarquables site 1_15.xlsx,2026-07-23T21:00:06.123397+0000
None-01-01,None,MA00,CHANGE,CHANGE.USD,375208597.80999994,MAD,OC,recente,2,,office_des_changes\undated\Produits remarquables site 1_15.xlsx,2026-07-23T21:00:06.123397+0000
None-01-01,None,MA00,CHANGE,CHANGE.USD,335453348.409,MAD,OC,recente,2,,office_des_changes\undated\Produits remarquables site 1_15.xlsx,2026-07-23T21:00:06.123397+0000
None-01-01,None,MA00,CHANGE,CHANGE.USD,305990484.10199994,MAD,OC,recente,2,,office_des_changes\undated\Produits remarquables site 1_15.xlsx,2026-07-23T21:00:06.123397+0000
None-01-01,None,MA00,CHANGE,CHANGE.USD,305338397.725,MAD,OC,recente,2,,office_des_changes\undated\Produits remarquables site 1_15.xlsx,2026-07-23T21:00:06.123397+0000
None-01-01,None,MA00,CHANGE,CHANGE.USD,257694072.0,MAD,OC,recente,2,,office_des_changes\undated\Produits remarquables site 1_15.xlsx,2026-07-23T21:00:06.123397+0000
None-01-01,None,MA00,CHANGE,CHANGE.USD,243517561.0,MAD,OC,recente,2,,office_des_changes\undated\Produits remarquables site 1_15.xlsx,2026-07-23T21:00:06.123397+0000
None-01-01,None,MA00,CHANGE,CHANGE.USD,229387670.22300008,MAD,OC,recente,2,,office_des_changes\undated\Produits remarquables site 1_15.xlsx,2026-07-23T21:00:06.123397+0000
None-01-01,None,MA00,CHANGE,CHANGE.USD,196469219.63199997,MAD,OC,recente,2,,office_des_changes\undated\Produits remarquables site 1_15.xlsx,2026-07-23T21:00:06.123397+0000
None-01-01,None,MA00,CHANGE,CHANGE.USD,193709725.69,MAD,OC,recente,2,,office_des_changes\undated\Produits remarquables site 1_15.xlsx,2026-07-23T21:00:06.123397+0000
None-01-01,None,MA00,CHANGE,CHANGE.USD,181779164.561,MAD,OC,recente,2,,office_des_changes\undated\Produits remarquables site 1_15.xlsx,2026-07-23T21:00:06.123397+0000
None-01-01,None,MA00,CHANGE,CHANGE.USD,164496147.73299995,MAD,OC,recente,2,,office_des_changes\undated\Produits remarquables site 1_15.xlsx,2026-07-23T21:00:06.123397+0000
None-01-01,None,MA00,CHANGE,CHANGE.USD,133687754.367,MAD,OC,recente,2,,office_des_changes\undated\Produits remarquables site 1_15.xlsx,2026-07-23T21:00:06.123397+0000
None-01-01,None,MA00,CHANGE,CHANGE.USD,109382703.432,MAD,OC,recente,2,,office_des_changes\undated\Produits remarquables site 1_15.xlsx,2026-07-23T21:00:06.123397+0000
None-01-01,None,MA00,CHANGE,CHANGE.USD,100265248.32999998,MAD,OC,recente,2,,office_des_changes\undated\Produits remarquables site 1_15.xlsx,2026-07-23T21:00:06.123397+0000
None-01-01,None,MA00,CHANGE,CHANGE.USD,85904030.678,MAD,OC,recente,2,,office_des_changes\undated\Produits remarquables site 1_15.xlsx,2026-07-23T21:00:06.123397+0000
None-01-01,None,MA00,CHANGE,CHANGE.USD,62176984.0,MAD,OC,recente,2,,office_des_changes\undated\Produits remarquables site 1_15.xlsx,2026-07-23T21:00:06.123397+0000
None-01-01,None,MA00,CHANGE,CHANGE.USD,50474598.1,MAD,OC,recente,2,,office_des_changes\undated\Produits remarquables site 1_15.xlsx,2026-07-23T21:00:06.123397+0000
None-01-01,None,MA00,CHANGE,CHANGE.USD,46851423.115,MAD,OC,recente,2,,office_des_changes\undated\Produits remarquables site 1_15.xlsx,2026-07-23T21:00:06.123397+0000
None-01-01,None,MA00,CHANGE,CHANGE.USD,30389335.0,MAD,OC,recente,2,,office_des_changes\undated\Produits remarquables site 1_15.xlsx,2026-07-23T21:00:06.123397+0000
None-01-01,None,MA00,CHANGE,CHANGE.USD,27642164.654999997,MAD,OC,recente,2,,office_des_changes\undated\Produits remarquables site 1_15.xlsx,2026-07-23T21:00:06.123397+0000
None-01-01,None,MA00,CHANGE,CHANGE.USD,22645732.312,MAD,OC,recente,2,,office_des_changes\undated\Produits remarquables site 1_15.xlsx,2026-07-23T21:00:06.123397+0000
None-01-01,None,MA00,CHANGE,CHANGE.USD,18441033.603,MAD,OC,recente,2,,office_des_changes\undated\Produits remarquables site 1_15.xlsx,2026-07-23T21:00:06.123397+0000
None-01-01,None,MA00,CHANGE,CHANGE.USD,16183531.0,MAD,OC,recente,2,,office_des_changes\undated\Produits remarquables site 1_15.xlsx,2026-07-23T21:00:06.123397+0000
None-01-01,None,MA00,CHANGE,CHANGE.USD,15197878.0,MAD,OC,recente,2,,office_des_changes\undated\Produits remarquables site 1_15.xlsx,2026-07-23T21:00:06.123397+0000
None-01-01,None,MA00,CHANGE,CHANGE.USD,7145204.166,MAD,OC,recente,2,,office_des_changes\undated\Produits remarquables site 1_15.xlsx,2026-07-23T21:00:06.123397+0000
None-01-01,None,MA00,CHANGE,CHANGE.USD,2712422.0,MAD,OC,recente,2,,office_des_changes\undated\Produits remarquables site 1_15.xlsx,2026-07-23T21:00:06.123397+0000
None-01-01,None,MA00,CHANGE,CHANGE.USD,906191.5,MAD,OC,recente,2,,office_des_changes\undated\Produits remarquables site 1_15.xlsx,2026-07-23T21:00:06.123397+0000
None-01-01,None,MA00,CHANGE,CHANGE.USD,208552.70299999998,MAD,OC,recente,2,,office_des_changes\undated\Produits remarquables site 1_15.xlsx,2026-07-23T21:00:06.123397+0000
None-01-01,None,MA00,CHANGE,CHANGE.USD,70899.95,MAD,OC,recente,2,,office_des_changes\undated\Produits remarquables site 1_15.xlsx,2026-07-23T21:00:06.123397+0000
02-01-01,02,MA00,CHANGE,CHANGE.USD,9268354087.151001,MAD,OC,recente,2,,office_des_changes\undated\Produits remarquables site 1_15.xlsx,2026-07-23T21:00:06.123397+0000
03-01-01,03,MA00,CHANGE,CHANGE.USD,6770605071.715999,MAD,OC,recente,2,,office_des_changes\undated\Produits remarquables site 1_15.xlsx,2026-07-23T21:00:06.123397+0000
04-01-01,04,MA00,CHANGE,CHANGE.USD,6397106582.172001,MAD,OC,recente,2,,office_des_changes\undated\Produits remarquables site 1_15.xlsx,2026-07-23T21:00:06.123397+0000
05-01-01,05,MA00,CHANGE,CHANGE.USD,3711870592.714,MAD,OC,recente,2,,office_des_changes\undated\Produits remarquables site 1_15.xlsx,2026-07-23T21:00:06.123397+0000
None-01-01,None,MA00,CHANGE,CHANGE.USD,3284284082.0,MAD,OC,recente,2,,office_des_changes\undated\Produits remarquables site 1_15.xlsx,2026-07-23T21:00:06.123397+0000
None-01-01,None,MA00,CHANGE,CHANGE.USD,3111711163.4319997,MAD,OC,recente,2,,office_des_changes\undated\Produits remarquables site 1_15.xlsx,2026-07-23T21:00:06.123397+0000
None-01-01,None,MA00,CHANGE,CHANGE.USD,2808741060.247,MAD,OC,recente,2,,office_des_changes\undated\Produits remarquables site 1_15.xlsx,2026-07-23T21:00:06.123397+0000
None-01-01,None,MA00,CHANGE,CHANGE.USD,1810516838.685001,MAD,OC,recente,2,,office_des_changes\undated\Produits remarquables site 1_15.xlsx,2026-07-23T21:00:06.123397+0000
None-01-01,None,MA00,CHANGE,CHANGE.USD,1725029128.8600001,MAD,OC,recente,2,,office_des_changes\undated\Produits remarquables site 1_15.xlsx,2026-07-23T21:00:06.123397+0000
None-01-01,None,MA00,CHANGE,CHANGE.USD,1634151605.107,MAD,OC,recente,2,,office_des_changes\undated\Produits remarquables site 1_15.xlsx,2026-07-23T21:00:06.123397+0000
None-01-01,None,MA00,CHANGE,CHANGE.USD,1624068541.363,MAD,OC,recente,2,,office_des_changes\undated\Produits remarquables site 1_15.xlsx,2026-07-23T21:00:06.123397+0000
None-01-01,None,MA00,CHANGE,CHANGE.USD,1494390359.4169998,MAD,OC,recente,2,,office_des_changes\undated\Produits remarquables site 1_15.xlsx,2026-07-23T21:00:06.123397+0000
None-01-01,None,MA00,CHANGE,CHANGE.USD,1431413468.1399996,MAD,OC,recente,2,,office_des_changes\undated\Produits remarquables site 1_15.xlsx,2026-07-23T21:00:06.123397+0000
None-01-01,None,MA00,CHANGE,CHANGE.USD,1289422170.034,MAD,OC,recente,2,,office_des_changes\undated\Produits remarquables site 1_15.xlsx,2026-07-23T21:00:06.123397+0000
None-01-01,None,MA00,CHANGE,CHANGE.USD,1277794073.2159998,MAD,OC,recente,2,,office_des_changes\undated\Produits remarquables site 1_15.xlsx,2026-07-23T21:00:06.123397+0000
None-01-01,None,MA00,CHANGE,CHANGE.USD,1264061307.0560002,MAD,OC,recente,2,,office_des_changes\undated\Produits remarquables site 1_15.xlsx,2026-07-23T21:00:06.123397+0000
None-01-01,None,MA00,CHANGE,CHANGE.USD,1242181619.496,MAD,OC,recente,2,,office_des_changes\undated\Produits remarquables site 1_15.xlsx,2026-07-23T21:00:06.123397+0000
None-01-01,None,MA00,CHANGE,CHANGE.USD,1151323095.841,MAD,OC,recente,2,,office_des_changes\undated\Produits remarquables site 1_15.xlsx,2026-07-23T21:00:06.123397+0000
None-01-01,None,MA00,CHANGE,CHANGE.USD,1134828935.503,MAD,OC,recente,2,,office_des_changes\undated\Produits remarquables site 1_15.xlsx,2026-07-23T21:00:06.123397+0000
None-01-01,None,MA00,CHANGE,CHANGE.USD,1129620972.7900004,MAD,OC,recente,2,,office_des_changes\undated\Produits remarquables site 1_15.xlsx,2026-07-23T21:00:06.123397+0000
None-01-01,None,MA00,CHANGE,CHANGE.USD,1126530000.5539997,MAD,OC,recente,2,,office_des_changes\undated\Produits remarquables site 1_15.xlsx,2026-07-23T21:00:06.123397+0000
None-01-01,None,MA00,CHANGE,CHANGE.USD,1060201268.7660002,MAD,OC,recente,2,,office_des_changes\undated\Produits remarquables site 1_15.xlsx,2026-07-23T21:00:06.123397+0000
None-01-01,None,MA00,CHANGE,CHANGE.USD,1040794932.3549999,MAD,OC,recente,2,,office_des_changes\undated\Produits remarquables site 1_15.xlsx,2026-07-23T21:00:06.123397+0000
None-01-01,None,MA00,CHANGE,CHANGE.USD,938967238.3279998,MAD,OC,recente,2,,office_des_changes\undated\Produits remarquables site 1_15.xlsx,2026-07-23T21:00:06.123397+0000
None-01-01,None,MA00,CHANGE,CHANGE.USD,922610713.3100003,MAD,OC,recente,2,,office_des_changes\undated\Produits remarquables site 1_15.xlsx,2026-07-23T21:00:06.123397+0000
None-01-01,None,MA00,CHANGE,CHANGE.USD,786756801.2049994,MAD,OC,recente,2,,office_des_changes\undated\Produits remarquables site 1_15.xlsx,2026-07-23T21:00:06.123397+0000
None-01-01,None,MA00,CHANGE,CHANGE.USD,772705491.4370003,MAD,OC,recente,2,,office_des_changes\undated\Produits remarquables site 1_15.xlsx,2026-07-23T21:00:06.123397+0000
None-01-01,None,MA00,CHANGE,CHANGE.USD,754771155.1660001,MAD,OC,recente,2,,office_des_changes\undated\Produits remarquables site 1_15.xlsx,2026-07-23T21:00:06.123397+0000
None-01-01,None,MA00,CHANGE,CHANGE.USD,728355683.0639999,MAD,OC,recente,2,,office_des_changes\undated\Produits remarquables site 1_15.xlsx,2026-07-23T21:00:06.123397+0000
None-01-01,None,MA00,CHANGE,CHANGE.USD,653297641.9419998,MAD,OC,recente,2,,office_des_changes\undated\Produits remarquables site 1_15.xlsx,2026-07-23T21:00:06.123397+0000
None-01-01,None,MA00,CHANGE,CHANGE.USD,643165060.7279997,MAD,OC,recente,2,,office_des_changes\undated\Produits remarquables site 1_15.xlsx,2026-07-23T21:00:06.123397+0000
None-01-01,None,MA00,CHANGE,CHANGE.USD,612298778.4660002,MAD,OC,recente,2,,office_des_changes\undated\Produits remarquables site 1_15.xlsx,2026-07-23T21:00:06.123397+0000
None-01-01,None,MA00,CHANGE,CHANGE.USD,524256160.3560002,MAD,OC,recente,2,,office_des_changes\undated\Produits remarquables site 1_15.xlsx,2026-07-23T21:00:06.123397+0000
None-01-01,None,MA00,CHANGE,CHANGE.USD,423530160.07299995,MAD,OC,recente,2,,office_des_changes\undated\Produits remarquables site 1_15.xlsx,2026-07-23T21:00:06.123397+0000
None-01-01,None,MA00,CHANGE,CHANGE.USD,395207905.36100006,MAD,OC,recente,2,,office_des_changes\undated\Produits remarquables site 1_15.xlsx,2026-07-23T21:00:06.123397+0000
None-01-01,None,MA00,CHANGE,CHANGE.USD,340761055.6799998,MAD,OC,recente,2,,office_des_changes\undated\Produits remarquables site 1_15.xlsx,2026-07-23T21:00:06.123397+0000
None-01-01,None,MA00,CHANGE,CHANGE.USD,310330416.69000006,MAD,OC,recente,2,,office_des_changes\undated\Produits remarquables site 1_15.xlsx,2026-07-23T21:00:06.123397+0000
None-01-01,None,MA00,CHANGE,CHANGE.USD,308359069.26899993,MAD,OC,recente,2,,office_des_changes\undated\Produits remarquables site 1_15.xlsx,2026-07-23T21:00:06.123397+0000
None-01-01,None,MA00,CHANGE,CHANGE.USD,306383460.214,MAD,OC,recente,2,,office_des_changes\undated\Produits remarquables site 1_15.xlsx,2026-07-23T21:00:06.123397+0000
None-01-01,None,MA00,CHANGE,CHANGE.USD,291481957.0759999,MAD,OC,recente,2,,office_des_changes\undated\Produits remarquables site 1_15.xlsx,2026-07-23T21:00:06.123397+0000
None-01-01,None,MA00,CHANGE,CHANGE.USD,265342124.45200002,MAD,OC,recente,2,,office_des_changes\undated\Produits remarquables site 1_15.xlsx,2026-07-23T21:00:06.123397+0000
None-01-01,None,MA00,CHANGE,CHANGE.USD,259278860.14100003,MAD,OC,recente,2,,office_des_changes\undated\Produits remarquables site 1_15.xlsx,2026-07-23T21:00:06.123397+0000
None-01-01,None,MA00,CHANGE,CHANGE.USD,223465833.1,MAD,OC,recente,2,,office_des_changes\undated\Produits remarquables site 1_15.xlsx,2026-07-23T21:00:06.123397+0000
None-01-01,None,MA00,CHANGE,CHANGE.USD,211518702.67899996,MAD,OC,recente,2,,office_des_changes\undated\Produits remarquables site 1_15.xlsx,2026-07-23T21:00:06.123397+0000
None-01-01,None,MA00,CHANGE,CHANGE.USD,203473286.15300003,MAD,OC,recente,2,,office_des_changes\undated\Produits remarquables site 1_15.xlsx,2026-07-23T21:00:06.123397+0000
None-01-01,None,MA00,CHANGE,CHANGE.USD,201520870.40399995,MAD,OC,recente,2,,office_des_changes\undated\Produits remarquables site 1_15.xlsx,2026-07-23T21:00:06.123397+0000
None-01-01,None,MA00,CHANGE,CHANGE.USD,169314097.224,MAD,OC,recente,2,,office_des_changes\undated\Produits remarquables site 1_15.xlsx,2026-07-23T21:00:06.123397+0000
None-01-01,None,MA00,CHANGE,CHANGE.USD,168216781.40699995,MAD,OC,recente,2,,office_des_changes\undated\Produits remarquables site 1_15.xlsx,2026-07-23T21:00:06.123397+0000
None-01-01,None,MA00,CHANGE,CHANGE.USD,158662289.41200003,MAD,OC,recente,2,,office_des_changes\undated\Produits remarquables site 1_15.xlsx,2026-07-23T21:00:06.123397+0000
None-01-01,None,MA00,CHANGE,CHANGE.USD,150015129.081,MAD,OC,recente,2,,office_des_changes\undated\Produits remarquables site 1_15.xlsx,2026-07-23T21:00:06.123397+0000
None-01-01,None,MA00,CHANGE,CHANGE.USD,143988207.49300003,MAD,OC,recente,2,,office_des_changes\undated\Produits remarquables site 1_15.xlsx,2026-07-23T21:00:06.123397+0000
None-01-01,None,MA00,CHANGE,CHANGE.USD,141804383.11800003,MAD,OC,recente,2,,office_des_changes\undated\Produits remarquables site 1_15.xlsx,2026-07-23T21:00:06.123397+0000
None-01-01,None,MA00,CHANGE,CHANGE.USD,135074890.99100006,MAD,OC,recente,2,,office_des_changes\undated\Produits remarquables site 1_15.xlsx,2026-07-23T21:00:06.123397+0000
None-01-01,None,MA00,CHANGE,CHANGE.USD,133941082.63500002,MAD,OC,recente,2,,office_des_changes\undated\Produits remarquables site 1_15.xlsx,2026-07-23T21:00:06.123397+0000
None-01-01,None,MA00,CHANGE,CHANGE.USD,119553693.69399999,MAD,OC,recente,2,,office_des_changes\undated\Produits remarquables site 1_15.xlsx,2026-07-23T21:00:06.123397+0000
None-01-01,None,MA00,CHANGE,CHANGE.USD,113547733.861,MAD,OC,recente,2,,office_des_changes\undated\Produits remarquables site 1_15.xlsx,2026-07-23T21:00:06.123397+0000
None-01-01,None,MA00,CHANGE,CHANGE.USD,109750402.13700005,MAD,OC,recente,2,,office_des_changes\undated\Produits remarquables site 1_15.xlsx,2026-07-23T21:00:06.123397+0000
None-01-01,None,MA00,CHANGE,CHANGE.USD,104476985.69699998,MAD,OC,recente,2,,office_des_changes\undated\Produits remarquables site 1_15.xlsx,2026-07-23T21:00:06.123397+0000
None-01-01,None,MA00,CHANGE,CHANGE.USD,93414467.13099998,MAD,OC,recente,2,,office_des_changes\undated\Produits remarquables site 1_15.xlsx,2026-07-23T21:00:06.123397+0000
None-01-01,None,MA00,CHANGE,CHANGE.USD,86391615.64600001,MAD,OC,recente,2,,office_des_changes\undated\Produits remarquables site 1_15.xlsx,2026-07-23T21:00:06.123397+0000
None-01-01,None,MA00,CHANGE,CHANGE.USD,73100355.833,MAD,OC,recente,2,,office_des_changes\undated\Produits remarquables site 1_15.xlsx,2026-07-23T21:00:06.123397+0000
None-01-01,None,MA00,CHANGE,CHANGE.USD,49721697.601,MAD,OC,recente,2,,office_des_changes\undated\Produits remarquables site 1_15.xlsx,2026-07-23T21:00:06.123397+0000
None-01-01,None,MA00,CHANGE,CHANGE.USD,46649679.596999995,MAD,OC,recente,2,,office_des_changes\undated\Produits remarquables site 1_15.xlsx,2026-07-23T21:00:06.123397+0000
None-01-01,None,MA00,CHANGE,CHANGE.USD,43206084.452,MAD,OC,recente,2,,office_des_changes\undated\Produits remarquables site 1_15.xlsx,2026-07-23T21:00:06.123397+0000
None-01-01,None,MA00,CHANGE,CHANGE.USD,39423880.002000004,MAD,OC,recente,2,,office_des_changes\undated\Produits remarquables site 1_15.xlsx,2026-07-23T21:00:06.123397+0000
None-01-01,None,MA00,CHANGE,CHANGE.USD,34990197.0,MAD,OC,recente,2,,office_des_changes\undated\Produits remarquables site 1_15.xlsx,2026-07-23T21:00:06.123397+0000
None-01-01,None,MA00,CHANGE,CHANGE.USD,29691527.468000002,MAD,OC,recente,2,,office_des_changes\undated\Produits remarquables site 1_15.xlsx,2026-07-23T21:00:06.123397+0000
None-01-01,None,MA00,CHANGE,CHANGE.USD,23794310.291000016,MAD,OC,recente,2,,office_des_changes\undated\Produits remarquables site 1_15.xlsx,2026-07-23T21:00:06.123397+0000
None-01-01,None,MA00,CHANGE,CHANGE.USD,21586749.95,MAD,OC,recente,2,,office_des_changes\undated\Produits remarquables site 1_15.xlsx,2026-07-23T21:00:06.123397+0000
None-01-01,None,MA00,CHANGE,CHANGE.USD,21440585.057,MAD,OC,recente,2,,office_des_changes\undated\Produits remarquables site 1_15.xlsx,2026-07-23T21:00:06.123397+0000
None-01-01,None,MA00,CHANGE,CHANGE.USD,6669295.964999999,MAD,OC,recente,2,,office_des_changes\undated\Produits remarquables site 1_15.xlsx,2026-07-23T21:00:06.123397+0000
None-01-01,None,MA00,CHANGE,CHANGE.USD,5685299.357000001,MAD,OC,recente,2,,office_des_changes\undated\Produits remarquables site 1_15.xlsx,2026-07-23T21:00:06.123397+0000
None-01-01,None,MA00,CHANGE,CHANGE.USD,4467851.720000001,MAD,OC,recente,2,,office_des_changes\undated\Produits remarquables site 1_15.xlsx,2026-07-23T21:00:06.123397+0000
None-01-01,None,MA00,CHANGE,CHANGE.USD,2774708.68,MAD,OC,recente,2,,office_des_changes\undated\Produits remarquables site 1_15.xlsx,2026-07-23T21:00:06.123397+0000
None-01-01,None,MA00,CHANGE,CHANGE.USD,2162700.026,MAD,OC,recente,2,,office_des_changes\undated\Produits remarquables site 1_15.xlsx,2026-07-23T21:00:06.123397+0000
None-01-01,None,MA00,CHANGE,CHANGE.USD,2039342.0,MAD,OC,recente,2,,office_des_changes\undated\Produits remarquables site 1_15.xlsx,2026-07-23T21:00:06.123397+0000
None-01-01,None,MA00,CHANGE,CHANGE.USD,1259533.0010000002,MAD,OC,recente,2,,office_des_changes\undated\Produits remarquables site 1_15.xlsx,2026-07-23T21:00:06.123397+0000
None-01-01,None,MA00,CHANGE,CHANGE.USD,843083.591,MAD,OC,recente,2,,office_des_changes\undated\Produits remarquables site 1_15.xlsx,2026-07-23T21:00:06.123397+0000
None-01-01,None,MA00,CHANGE,CHANGE.USD,603506.803,MAD,OC,recente,2,,office_des_changes\undated\Produits remarquables site 1_15.xlsx,2026-07-23T21:00:06.123397+0000
None-01-01,None,MA00,CHANGE,CHANGE.USD,567758.3659999999,MAD,OC,recente,2,,office_des_changes\undated\Produits remarquables site 1_15.xlsx,2026-07-23T21:00:06.123397+0000
None-01-01,None,MA00,CHANGE,CHANGE.USD,467657.02,MAD,OC,recente,2,,office_des_changes\undated\Produits remarquables site 1_15.xlsx,2026-07-23T21:00:06.123397+0000
None-01-01,None,MA00,CHANGE,CHANGE.USD,9147.39,MAD,OC,recente,2,,office_des_changes\undated\Produits remarquables site 1_15.xlsx,2026-07-23T21:00:06.123397+0000
None-01-01,None,MA00,CHANGE,CHANGE.USD,0.0,MAD,OC,recente,2,,office_des_changes\undated\Produits remarquables site 1_15.xlsx,2026-07-23T21:00:06.123397+0000
02-01-01,02,MA00,CHANGE,CHANGE.USD,29639642772.120995,MAD,OC,recente,2,,office_des_changes\undated\Produits remarquables site 1_15.xlsx,2026-07-23T21:00:06.123397+0000
03-01-01,03,MA00,CHANGE,CHANGE.USD,9197463601.428001,MAD,OC,recente,2,,office_des_changes\undated\Produits remarquables site 1_15.xlsx,2026-07-23T21:00:06.123397+0000
04-01-01,04,MA00,CHANGE,CHANGE.USD,6669299247.907997,MAD,OC,recente,2,,office_des_changes\undated\Produits remarquables site 1_15.xlsx,2026-07-23T21:00:06.123397+0000
05-01-01,05,MA00,CHANGE,CHANGE.USD,5136897840.525998,MAD,OC,recente,2,,office_des_changes\undated\Produits remarquables site 1_15.xlsx,2026-07-23T21:00:06.123397+0000
None-01-01,None,MA00,CHANGE,CHANGE.USD,3127659161.945999,MAD,OC,recente,2,,office_des_changes\undated\Produits remarquables site 1_15.xlsx,2026-07-23T21:00:06.123397+0000
None-01-01,None,MA00,CHANGE,CHANGE.USD,711336438.9020002,MAD,OC,recente,2,,office_des_changes\undated\Produits remarquables site 1_15.xlsx,2026-07-23T21:00:06.123397+0000
None-01-01,None,MA00,CHANGE,CHANGE.USD,702947609.0,MAD,OC,recente,2,,office_des_changes\undated\Produits remarquables site 1_15.xlsx,2026-07-23T21:00:06.123397+0000
02-01-01,02,MA00,CHANGE,CHANGE.USD,1002717564.14,MAD,OC,recente,2,,office_des_changes\undated\Produits remarquables site 1_15.xlsx,2026-07-23T21:00:06.123397+0000
02-01-01,02,MA00,CHANGE,CHANGE.USD,2988790475.0,MAD,OC,recente,2,,office_des_changes\undated\Produits remarquables site 1_15.xlsx,2026-07-23T21:00:06.123397+0000
03-01-01,03,MA00,CHANGE,CHANGE.USD,1079408712.231,MAD,OC,recente,2,,office_des_changes\undated\Produits remarquables site 1_15.xlsx,2026-07-23T21:00:06.123397+0000
04-01-01,04,MA00,CHANGE,CHANGE.USD,800646658.512,MAD,OC,recente,2,,office_des_changes\undated\Produits remarquables site 1_15.xlsx,2026-07-23T21:00:06.123397+0000
05-01-01,05,MA00,CHANGE,CHANGE.USD,537231566.0,MAD,OC,recente,2,,office_des_changes\undated\Produits remarquables site 1_15.xlsx,2026-07-23T21:00:06.123397+0000
None-01-01,None,MA00,CHANGE,CHANGE.USD,478277412.994,MAD,OC,recente,2,,office_des_changes\undated\Produits remarquables site 1_15.xlsx,2026-07-23T21:00:06.123397+0000
None-01-01,None,MA00,CHANGE,CHANGE.USD,325254480.0,MAD,OC,recente,2,,office_des_changes\undated\Produits remarquables site 1_15.xlsx,2026-07-23T21:00:06.123397+0000
None-01-01,None,MA00,CHANGE,CHANGE.USD,308414448.962,MAD,OC,recente,2,,office_des_changes\undated\Produits remarquables site 1_15.xlsx,2026-07-23T21:00:06.123397+0000
None-01-01,None,MA00,CHANGE,CHANGE.USD,263955391.048,MAD,OC,recente,2,,office_des_changes\undated\Produits remarquables site 1_15.xlsx,2026-07-23T21:00:06.123397+0000
None-01-01,None,MA00,CHANGE,CHANGE.USD,193444833.0,MAD,OC,recente,2,,office_des_changes\undated\Produits remarquables site 1_15.xlsx,2026-07-23T21:00:06.123397+0000
None-01-01,None,MA00,CHANGE,CHANGE.USD,186504689.526,MAD,OC,recente,2,,office_des_changes\undated\Produits remarquables site 1_15.xlsx,2026-07-23T21:00:06.123397+0000
None-01-01,None,MA00,CHANGE,CHANGE.USD,173486302.48,MAD,OC,recente,2,,office_des_changes\undated\Produits remarquables site 1_15.xlsx,2026-07-23T21:00:06.123397+0000
None-01-01,None,MA00,CHANGE,CHANGE.USD,159064420.149,MAD,OC,recente,2,,office_des_changes\undated\Produits remarquables site 1_15.xlsx,2026-07-23T21:00:06.123397+0000
None-01-01,None,MA00,CHANGE,CHANGE.USD,94031733.911,MAD,OC,recente,2,,office_des_changes\undated\Produits remarquables site 1_15.xlsx,2026-07-23T21:00:06.123397+0000
None-01-01,None,MA00,CHANGE,CHANGE.USD,62081828.66,MAD,OC,recente,2,,office_des_changes\undated\Produits remarquables site 1_15.xlsx,2026-07-23T21:00:06.123397+0000
None-01-01,None,MA00,CHANGE,CHANGE.USD,59268412.00199999,MAD,OC,recente,2,,office_des_changes\undated\Produits remarquables site 1_15.xlsx,2026-07-23T21:00:06.123397+0000
None-01-01,None,MA00,CHANGE,CHANGE.USD,59189981.0,MAD,OC,recente,2,,office_des_changes\undated\Produits remarquables site 1_15.xlsx,2026-07-23T21:00:06.123397+0000
None-01-01,None,MA00,CHANGE,CHANGE.USD,47368273.052999996,MAD,OC,recente,2,,office_des_changes\undated\Produits remarquables site 1_15.xlsx,2026-07-23T21:00:06.123397+0000
None-01-01,None,MA00,CHANGE,CHANGE.USD,37936959.315000005,MAD,OC,recente,2,,office_des_changes\undated\Produits remarquables site 1_15.xlsx,2026-07-23T21:00:06.123397+0000
None-01-01,None,MA00,CHANGE,CHANGE.USD,28430038.919000003,MAD,OC,recente,2,,office_des_changes\undated\Produits remarquables site 1_15.xlsx,2026-07-23T21:00:06.123397+0000
None-01-01,None,MA00,CHANGE,CHANGE.USD,16165124.512000002,MAD,OC,recente,2,,office_des_changes\undated\Produits remarquables site 1_15.xlsx,2026-07-23T21:00:06.123397+0000
None-01-01,None,MA00,CHANGE,CHANGE.USD,10771513.953999998,MAD,OC,recente,2,,office_des_changes\undated\Produits remarquables site 1_15.xlsx,2026-07-23T21:00:06.123397+0000
None-01-01,None,MA00,CHANGE,CHANGE.USD,6490194.146999999,MAD,OC,recente,2,,office_des_changes\undated\Produits remarquables site 1_15.xlsx,2026-07-23T21:00:06.123397+0000
None-01-01,None,MA00,CHANGE,CHANGE.USD,3877207.875,MAD,OC,recente,2,,office_des_changes\undated\Produits remarquables site 1_15.xlsx,2026-07-23T21:00:06.123397+0000
None-01-01,None,MA00,CHANGE,CHANGE.USD,2070678.1900000002,MAD,OC,recente,2,,office_des_changes\undated\Produits remarquables site 1_15.xlsx,2026-07-23T21:00:06.123397+0000
None-01-01,None,MA00,CHANGE,CHANGE.USD,821189.3729999999,MAD,OC,recente,2,,office_des_changes\undated\Produits remarquables site 1_15.xlsx,2026-07-23T21:00:06.123397+0000
None-01-01,None,MA00,CHANGE,CHANGE.USD,764224.0,MAD,OC,recente,2,,office_des_changes\undated\Produits remarquables site 1_15.xlsx,2026-07-23T21:00:06.123397+0000
None-01-01,None,MA00,CHANGE,CHANGE.USD,487701.627,MAD,OC,recente,2,,office_des_changes\undated\Produits remarquables site 1_15.xlsx,2026-07-23T21:00:06.123397+0000
None-01-01,None,MA00,CHANGE,CHANGE.USD,378641.0,MAD,OC,recente,2,,office_des_changes\undated\Produits remarquables site 1_15.xlsx,2026-07-23T21:00:06.123397+0000
02-01-01,02,MA00,CHANGE,CHANGE.USD,12869395242.03,MAD,OC,recente,2,,office_des_changes\undated\Produits remarquables site 1_15.xlsx,2026-07-23T21:00:06.123397+0000
03-01-01,03,MA00,CHANGE,CHANGE.USD,2516058923.0,MAD,OC,recente,2,,office_des_changes\undated\Produits remarquables site 1_15.xlsx,2026-07-23T21:00:06.123397+0000
04-01-01,04,MA00,CHANGE,CHANGE.USD,227381252.803,MAD,OC,recente,2,,office_des_changes\undated\Produits remarquables site 1_15.xlsx,2026-07-23T21:00:06.123397+0000
05-01-01,05,MA00,CHANGE,CHANGE.USD,210014758.49899998,MAD,OC,recente,2,,office_des_changes\undated\Produits remarquables site 1_15.xlsx,2026-07-23T21:00:06.123397+0000
None-01-01,None,MA00,CHANGE,CHANGE.USD,150058080.29599997,MAD,OC,recente,2,,office_des_changes\undated\Produits remarquables site 1_15.xlsx,2026-07-23T21:00:06.123397+0000
None-01-01,None,MA00,CHANGE,CHANGE.USD,52733223.75699999,MAD,OC,recente,2,,office_des_changes\undated\Produits remarquables site 1_15.xlsx,2026-07-23T21:00:06.123397+0000
None-01-01,None,MA00,CHANGE,CHANGE.USD,25707150.685,MAD,OC,recente,2,,office_des_changes\undated\Produits remarquables site 1_15.xlsx,2026-07-23T21:00:06.123397+0000
None-01-01,None,MA00,CHANGE,CHANGE.USD,15537373.0,MAD,OC,recente,2,,office_des_changes\undated\Produits remarquables site 1_15.xlsx,2026-07-23T21:00:06.123397+0000
None-01-01,None,MA00,CHANGE,CHANGE.USD,13046648.0,MAD,OC,recente,2,,office_des_changes\undated\Produits remarquables site 1_15.xlsx,2026-07-23T21:00:06.123397+0000
None-01-01,None,MA00,CHANGE,CHANGE.USD,25150.0,MAD,OC,recente,2,,office_des_changes\undated\Produits remarquables site 1_15.xlsx,2026-07-23T21:00:06.123397+0000
None-01-01,None,MA00,CHANGE,CHANGE.USD,11412.0,MAD,OC,recente,2,,office_des_changes\undated\Produits remarquables site 1_15.xlsx,2026-07-23T21:00:06.123397+0000
None-01-01,None,MA00,CHANGE,CHANGE.USD,0.0,MAD,OC,recente,2,,office_des_changes\undated\Produits remarquables site 1_15.xlsx,2026-07-23T21:00:06.123397+0000
None-01-01,None,MA00,CHANGE,CHANGE.USD,0.0,MAD,OC,recente,2,,office_des_changes\undated\Produits remarquables site 1_15.xlsx,2026-07-23T21:00:06.123397+0000
02-01-01,02,MA00,CHANGE,CHANGE.USD,17338047230.002003,MAD,OC,recente,2,,office_des_changes\undated\Produits remarquables site 1_15.xlsx,2026-07-23T21:00:06.123397+0000
03-01-01,03,MA00,CHANGE,CHANGE.USD,16124763297.858004,MAD,OC,recente,2,,office_des_changes\undated\Produits remarquables site 1_15.xlsx,2026-07-23T21:00:06.123397+0000
05-01-01,05,MA00,CHANGE,CHANGE.USD,5668382563.139001,MAD,OC,recente,2,,office_des_changes\undated\Produits remarquables site 1_15.xlsx,2026-07-23T21:00:06.123397+0000
None-01-01,None,MA00,CHANGE,CHANGE.USD,5490782892.477004,MAD,OC,recente,2,,office_des_changes\undated\Produits remarquables site 1_15.xlsx,2026-07-23T21:00:06.123397+0000
None-01-01,None,MA00,CHANGE,CHANGE.USD,4842139712.041998,MAD,OC,recente,2,,office_des_changes\undated\Produits remarquables site 1_15.xlsx,2026-07-23T21:00:06.123397+0000
None-01-01,None,MA00,CHANGE,CHANGE.USD,3210296742.8610024,MAD,OC,recente,2,,office_des_changes\undated\Produits remarquables site 1_15.xlsx,2026-07-23T21:00:06.123397+0000
None-01-01,None,MA00,CHANGE,CHANGE.USD,2665505838.699001,MAD,OC,recente,2,,office_des_changes\undated\Produits remarquables site 1_15.xlsx,2026-07-23T21:00:06.123397+0000
None-01-01,None,MA00,CHANGE,CHANGE.USD,1822101987.276,MAD,OC,recente,2,,office_des_changes\undated\Produits remarquables site 1_15.xlsx,2026-07-23T21:00:06.123397+0000
None-01-01,None,MA00,CHANGE,CHANGE.USD,1813303776.2539995,MAD,OC,recente,2,,office_des_changes\undated\Produits remarquables site 1_15.xlsx,2026-07-23T21:00:06.123397+0000
None-01-01,None,MA00,CHANGE,CHANGE.USD,1784527835.3500001,MAD,OC,recente,2,,office_des_changes\undated\Produits remarquables site 1_15.xlsx,2026-07-23T21:00:06.123397+0000
None-01-01,None,MA00,CHANGE,CHANGE.USD,1518592044.6720002,MAD,OC,recente,2,,office_des_changes\undated\Produits remarquables site 1_15.xlsx,2026-07-23T21:00:06.123397+0000
None-01-01,None,MA00,CHANGE,CHANGE.USD,1433910925.7850006,MAD,OC,recente,2,,office_des_changes\undated\Produits remarquables site 1_15.xlsx,2026-07-23T21:00:06.123397+0000
None-01-01,None,MA00,CHANGE,CHANGE.USD,1350840123.1779995,MAD,OC,recente,2,,office_des_changes\undated\Produits remarquables site 1_15.xlsx,2026-07-23T21:00:06.123397+0000
None-01-01,None,MA00,CHANGE,CHANGE.USD,1337589720.0499997,MAD,OC,recente,2,,office_des_changes\undated\Produits remarquables site 1_15.xlsx,2026-07-23T21:00:06.123397+0000
None-01-01,None,MA00,CHANGE,CHANGE.USD,1190743385.999,MAD,OC,recente,2,,office_des_changes\undated\Produits remarquables site 1_15.xlsx,2026-07-23T21:00:06.123397+0000
None-01-01,None,MA00,CHANGE,CHANGE.USD,1175181234.632,MAD,OC,recente,2,,office_des_changes\undated\Produits remarquables site 1_15.xlsx,2026-07-23T21:00:06.123397+0000
None-01-01,None,MA00,CHANGE,CHANGE.USD,952974141.2749999,MAD,OC,recente,2,,office_des_changes\undated\Produits remarquables site 1_15.xlsx,2026-07-23T21:00:06.123397+0000
None-01-01,None,MA00,CHANGE,CHANGE.USD,892197956.3709997,MAD,OC,recente,2,,office_des_changes\undated\Produits remarquables site 1_15.xlsx,2026-07-23T21:00:06.123397+0000
None-01-01,None,MA00,CHANGE,CHANGE.USD,858880999.0600004,MAD,OC,recente,2,,office_des_changes\undated\Produits remarquables site 1_15.xlsx,2026-07-23T21:00:06.123397+0000
None-01-01,None,MA00,CHANGE,CHANGE.USD,779027117.8989999,MAD,OC,recente,2,,office_des_changes\undated\Produits remarquables site 1_15.xlsx,2026-07-23T21:00:06.123397+0000
None-01-01,None,MA00,CHANGE,CHANGE.USD,758895010.014,MAD,OC,recente,2,,office_des_changes\undated\Produits remarquables site 1_15.xlsx,2026-07-23T21:00:06.123397+0000
None-01-01,None,MA00,CHANGE,CHANGE.USD,746087891.438,MAD,OC,recente,2,,office_des_changes\undated\Produits remarquables site 1_15.xlsx,2026-07-23T21:00:06.123397+0000
None-01-01,None,MA00,CHANGE,CHANGE.USD,742954933.6690001,MAD,OC,recente,2,,office_des_changes\undated\Produits remarquables site 1_15.xlsx,2026-07-23T21:00:06.123397+0000
None-01-01,None,MA00,CHANGE,CHANGE.USD,653899385.209,MAD,OC,recente,2,,office_des_changes\undated\Produits remarquables site 1_15.xlsx,2026-07-23T21:00:06.123397+0000
None-01-01,None,MA00,CHANGE,CHANGE.USD,631342948.3710002,MAD,OC,recente,2,,office_des_changes\undated\Produits remarquables site 1_15.xlsx,2026-07-23T21:00:06.123397+0000
None-01-01,None,MA00,CHANGE,CHANGE.USD,610614882.4549998,MAD,OC,recente,2,,office_des_changes\undated\Produits remarquables site 1_15.xlsx,2026-07-23T21:00:06.123397+0000
None-01-01,None,MA00,CHANGE,CHANGE.USD,530924233.4449999,MAD,OC,recente,2,,office_des_changes\undated\Produits remarquables site 1_15.xlsx,2026-07-23T21:00:06.123397+0000
None-01-01,None,MA00,CHANGE,CHANGE.USD,466150283.1,MAD,OC,recente,2,,office_des_changes\undated\Produits remarquables site 1_15.xlsx,2026-07-23T21:00:06.123397+0000
None-01-01,None,MA00,CHANGE,CHANGE.USD,389917881.00799996,MAD,OC,recente,2,,office_des_changes\undated\Produits remarquables site 1_15.xlsx,2026-07-23T21:00:06.123397+0000
None-01-01,None,MA00,CHANGE,CHANGE.USD,370299138.64900005,MAD,OC,recente,2,,office_des_changes\undated\Produits remarquables site 1_15.xlsx,2026-07-23T21:00:06.123397+0000
None-01-01,None,MA00,CHANGE,CHANGE.USD,353277396.6259999,MAD,OC,recente,2,,office_des_changes\undated\Produits remarquables site 1_15.xlsx,2026-07-23T21:00:06.123397+0000
None-01-01,None,MA00,CHANGE,CHANGE.USD,348045207.48799986,MAD,OC,recente,2,,office_des_changes\undated\Produits remarquables site 1_15.xlsx,2026-07-23T21:00:06.123397+0000
None-01-01,None,MA00,CHANGE,CHANGE.USD,339984861.568,MAD,OC,recente,2,,office_des_changes\undated\Produits remarquables site 1_15.xlsx,2026-07-23T21:00:06.123397+0000
None-01-01,None,MA00,CHANGE,CHANGE.USD,275450310.548,MAD,OC,recente,2,,office_des_changes\undated\Produits remarquables site 1_15.xlsx,2026-07-23T21:00:06.123397+0000
None-01-01,None,MA00,CHANGE,CHANGE.USD,272826359.966,MAD,OC,recente,2,,office_des_changes\undated\Produits remarquables site 1_15.xlsx,2026-07-23T21:00:06.123397+0000
None-01-01,None,MA00,CHANGE,CHANGE.USD,258590978.53600007,MAD,OC,recente,2,,office_des_changes\undated\Produits remarquables site 1_15.xlsx,2026-07-23T21:00:06.123397+0000
None-01-01,None,MA00,CHANGE,CHANGE.USD,257781522.388,MAD,OC,recente,2,,office_des_changes\undated\Produits remarquables site 1_15.xlsx,2026-07-23T21:00:06.123397+0000
None-01-01,None,MA00,CHANGE,CHANGE.USD,209431174.83600003,MAD,OC,recente,2,,office_des_changes\undated\Produits remarquables site 1_15.xlsx,2026-07-23T21:00:06.123397+0000
None-01-01,None,MA00,CHANGE,CHANGE.USD,168880423.62,MAD,OC,recente,2,,office_des_changes\undated\Produits remarquables site 1_15.xlsx,2026-07-23T21:00:06.123397+0000
None-01-01,None,MA00,CHANGE,CHANGE.USD,164538277.8,MAD,OC,recente,2,,office_des_changes\undated\Produits remarquables site 1_15.xlsx,2026-07-23T21:00:06.123397+0000
None-01-01,None,MA00,CHANGE,CHANGE.USD,150094190.07799998,MAD,OC,recente,2,,office_des_changes\undated\Produits remarquables site 1_15.xlsx,2026-07-23T21:00:06.123397+0000
None-01-01,None,MA00,CHANGE,CHANGE.USD,148463328.74599996,MAD,OC,recente,2,,office_des_changes\undated\Produits remarquables site 1_15.xlsx,2026-07-23T21:00:06.123397+0000
None-01-01,None,MA00,CHANGE,CHANGE.USD,124710240.408,MAD,OC,recente,2,,office_des_changes\undated\Produits remarquables site 1_15.xlsx,2026-07-23T21:00:06.123397+0000
None-01-01,None,MA00,CHANGE,CHANGE.USD,116400279.90899998,MAD,OC,recente,2,,office_des_changes\undated\Produits remarquables site 1_15.xlsx,2026-07-23T21:00:06.123397+0000
None-01-01,None,MA00,CHANGE,CHANGE.USD,115299913.95299996,MAD,OC,recente,2,,office_des_changes\undated\Produits remarquables site 1_15.xlsx,2026-07-23T21:00:06.123397+0000
None-01-01,None,MA00,CHANGE,CHANGE.USD,113756784.54200004,MAD,OC,recente,2,,office_des_changes\undated\Produits remarquables site 1_15.xlsx,2026-07-23T21:00:06.123397+0000
None-01-01,None,MA00,CHANGE,CHANGE.USD,100154132.28500001,MAD,OC,recente,2,,office_des_changes\undated\Produits remarquables site 1_15.xlsx,2026-07-23T21:00:06.123397+0000
None-01-01,None,MA00,CHANGE,CHANGE.USD,94319291.821,MAD,OC,recente,2,,office_des_changes\undated\Produits remarquables site 1_15.xlsx,2026-07-23T21:00:06.123397+0000
None-01-01,None,MA00,CHANGE,CHANGE.USD,52881427.973,MAD,OC,recente,2,,office_des_changes\undated\Produits remarquables site 1_15.xlsx,2026-07-23T21:00:06.123397+0000
None-01-01,None,MA00,CHANGE,CHANGE.USD,47970123.280999996,MAD,OC,recente,2,,office_des_changes\undated\Produits remarquables site 1_15.xlsx,2026-07-23T21:00:06.123397+0000
None-01-01,None,MA00,CHANGE,CHANGE.USD,44818447.146,MAD,OC,recente,2,,office_des_changes\undated\Produits remarquables site 1_15.xlsx,2026-07-23T21:00:06.123397+0000
None-01-01,None,MA00,CHANGE,CHANGE.USD,37550842.0,MAD,OC,recente,2,,office_des_changes\undated\Produits remarquables site 1_15.xlsx,2026-07-23T21:00:06.123397+0000
None-01-01,None,MA00,CHANGE,CHANGE.USD,36481721.933,MAD,OC,recente,2,,office_des_changes\undated\Produits remarquables site 1_15.xlsx,2026-07-23T21:00:06.123397+0000
None-01-01,None,MA00,CHANGE,CHANGE.USD,34008376.20899999,MAD,OC,recente,2,,office_des_changes\undated\Produits remarquables site 1_15.xlsx,2026-07-23T21:00:06.123397+0000
None-01-01,None,MA00,CHANGE,CHANGE.USD,28845002.059,MAD,OC,recente,2,,office_des_changes\undated\Produits remarquables site 1_15.xlsx,2026-07-23T21:00:06.123397+0000
None-01-01,None,MA00,CHANGE,CHANGE.USD,27729062.56300001,MAD,OC,recente,2,,office_des_changes\undated\Produits remarquables site 1_15.xlsx,2026-07-23T21:00:06.123397+0000
None-01-01,None,MA00,CHANGE,CHANGE.USD,24840639.831999995,MAD,OC,recente,2,,office_des_changes\undated\Produits remarquables site 1_15.xlsx,2026-07-23T21:00:06.123397+0000
None-01-01,None,MA00,CHANGE,CHANGE.USD,23486610.641999997,MAD,OC,recente,2,,office_des_changes\undated\Produits remarquables site 1_15.xlsx,2026-07-23T21:00:06.123397+0000
None-01-01,None,MA00,CHANGE,CHANGE.USD,22820161.23,MAD,OC,recente,2,,office_des_changes\undated\Produits remarquables site 1_15.xlsx,2026-07-23T21:00:06.123397+0000
None-01-01,None,MA00,CHANGE,CHANGE.USD,19737099.602999996,MAD,OC,recente,2,,office_des_changes\undated\Produits remarquables site 1_15.xlsx,2026-07-23T21:00:06.123397+0000
None-01-01,None,MA00,CHANGE,CHANGE.USD,7391967.287999999,MAD,OC,recente,2,,office_des_changes\undated\Produits remarquables site 1_15.xlsx,2026-07-23T21:00:06.123397+0000
None-01-01,None,MA00,CHANGE,CHANGE.USD,5892907.54,MAD,OC,recente,2,,office_des_changes\undated\Produits remarquables site 1_15.xlsx,2026-07-23T21:00:06.123397+0000
None-01-01,None,MA00,CHANGE,CHANGE.USD,5669481.0,MAD,OC,recente,2,,office_des_changes\undated\Produits remarquables site 1_15.xlsx,2026-07-23T21:00:06.123397+0000
None-01-01,None,MA00,CHANGE,CHANGE.USD,5374389.0,MAD,OC,recente,2,,office_des_changes\undated\Produits remarquables site 1_15.xlsx,2026-07-23T21:00:06.123397+0000
None-01-01,None,MA00,CHANGE,CHANGE.USD,5011283.428000001,MAD,OC,recente,2,,office_des_changes\undated\Produits remarquables site 1_15.xlsx,2026-07-23T21:00:06.123397+0000
None-01-01,None,MA00,CHANGE,CHANGE.USD,3145263.0,MAD,OC,recente,2,,office_des_changes\undated\Produits remarquables site 1_15.xlsx,2026-07-23T21:00:06.123397+0000
None-01-01,None,MA00,CHANGE,CHANGE.USD,1065854.0,MAD,OC,recente,2,,office_des_changes\undated\Produits remarquables site 1_15.xlsx,2026-07-23T21:00:06.123397+0000
None-01-01,None,MA00,CHANGE,CHANGE.USD,37628.0,MAD,OC,recente,2,,office_des_changes\undated\Produits remarquables site 1_15.xlsx,2026-07-23T21:00:06.123397+0000
02-01-01,02,MA00,CHANGE,CHANGE.USD,650221851.1339997,MAD,OC,recente,2,,office_des_changes\undated\Produits remarquables site 1_15.xlsx,2026-07-23T21:00:06.123397+0000
03-01-01,03,MA00,CHANGE,CHANGE.USD,229289677.61900002,MAD,OC,recente,2,,office_des_changes\undated\Produits remarquables site 1_15.xlsx,2026-07-23T21:00:06.123397+0000
02-01-01,02,MA00,CHANGE,CHANGE.USD,9235434233.102001,MAD,OC,recente,2,,office_des_changes\undated\Produits remarquables site 1_15.xlsx,2026-07-23T21:00:06.123397+0000
03-01-01,03,MA00,CHANGE,CHANGE.USD,7820467806.481003,MAD,OC,recente,2,,office_des_changes\undated\Produits remarquables site 1_15.xlsx,2026-07-23T21:00:06.123397+0000
04-01-01,04,MA00,CHANGE,CHANGE.USD,7053319313.537996,MAD,OC,recente,2,,office_des_changes\undated\Produits remarquables site 1_15.xlsx,2026-07-23T21:00:06.123397+0000
05-01-01,05,MA00,CHANGE,CHANGE.USD,7023401216.448997,MAD,OC,recente,2,,office_des_changes\undated\Produits remarquables site 1_15.xlsx,2026-07-23T21:00:06.123397+0000
None-01-01,None,MA00,CHANGE,CHANGE.USD,5801795040.148001,MAD,OC,recente,2,,office_des_changes\undated\Produits remarquables site 1_15.xlsx,2026-07-23T21:00:06.123397+0000
None-01-01,None,MA00,CHANGE,CHANGE.USD,5034482789.857998,MAD,OC,recente,2,,office_des_changes\undated\Produits remarquables site 1_15.xlsx,2026-07-23T21:00:06.123397+0000
None-01-01,None,MA00,CHANGE,CHANGE.USD,3986684055.93,MAD,OC,recente,2,,office_des_changes\undated\Produits remarquables site 1_15.xlsx,2026-07-23T21:00:06.123397+0000
None-01-01,None,MA00,CHANGE,CHANGE.USD,2715489618.078,MAD,OC,recente,2,,office_des_changes\undated\Produits remarquables site 1_15.xlsx,2026-07-23T21:00:06.123397+0000
None-01-01,None,MA00,CHANGE,CHANGE.USD,2571270151.4009995,MAD,OC,recente,2,,office_des_changes\undated\Produits remarquables site 1_15.xlsx,2026-07-23T21:00:06.123397+0000
None-01-01,None,MA00,CHANGE,CHANGE.USD,2453727453.442,MAD,OC,recente,2,,office_des_changes\undated\Produits remarquables site 1_15.xlsx,2026-07-23T21:00:06.123397+0000
None-01-01,None,MA00,CHANGE,CHANGE.USD,2212462050.7849994,MAD,OC,recente,2,,office_des_changes\undated\Produits remarquables site 1_15.xlsx,2026-07-23T21:00:06.123397+0000
None-01-01,None,MA00,CHANGE,CHANGE.USD,2058490945.0559998,MAD,OC,recente,2,,office_des_changes\undated\Produits remarquables site 1_15.xlsx,2026-07-23T21:00:06.123397+0000
None-01-01,None,MA00,CHANGE,CHANGE.USD,1942404923.3930006,MAD,OC,recente,2,,office_des_changes\undated\Produits remarquables site 1_15.xlsx,2026-07-23T21:00:06.123397+0000
None-01-01,None,MA00,CHANGE,CHANGE.USD,1914617561.409,MAD,OC,recente,2,,office_des_changes\undated\Produits remarquables site 1_15.xlsx,2026-07-23T21:00:06.123397+0000
None-01-01,None,MA00,CHANGE,CHANGE.USD,1834075059.043001,MAD,OC,recente,2,,office_des_changes\undated\Produits remarquables site 1_15.xlsx,2026-07-23T21:00:06.123397+0000
None-01-01,None,MA00,CHANGE,CHANGE.USD,1605408347.4,MAD,OC,recente,2,,office_des_changes\undated\Produits remarquables site 1_15.xlsx,2026-07-23T21:00:06.123397+0000
None-01-01,None,MA00,CHANGE,CHANGE.USD,1559095384.724,MAD,OC,recente,2,,office_des_changes\undated\Produits remarquables site 1_15.xlsx,2026-07-23T21:00:06.123397+0000
None-01-01,None,MA00,CHANGE,CHANGE.USD,1426153894.694,MAD,OC,recente,2,,office_des_changes\undated\Produits remarquables site 1_15.xlsx,2026-07-23T21:00:06.123397+0000
None-01-01,None,MA00,CHANGE,CHANGE.USD,1370645048.3110006,MAD,OC,recente,2,,office_des_changes\undated\Produits remarquables site 1_15.xlsx,2026-07-23T21:00:06.123397+0000
None-01-01,None,MA00,CHANGE,CHANGE.USD,1276679350.653,MAD,OC,recente,2,,office_des_changes\undated\Produits remarquables site 1_15.xlsx,2026-07-23T21:00:06.123397+0000
None-01-01,None,MA00,CHANGE,CHANGE.USD,1251758141.4429998,MAD,OC,recente,2,,office_des_changes\undated\Produits remarquables site 1_15.xlsx,2026-07-23T21:00:06.123397+0000
None-01-01,None,MA00,CHANGE,CHANGE.USD,1193835967.946,MAD,OC,recente,2,,office_des_changes\undated\Produits remarquables site 1_15.xlsx,2026-07-23T21:00:06.123397+0000
None-01-01,None,MA00,CHANGE,CHANGE.USD,1027724219.5439999,MAD,OC,recente,2,,office_des_changes\undated\Produits remarquables site 1_15.xlsx,2026-07-23T21:00:06.123397+0000
None-01-01,None,MA00,CHANGE,CHANGE.USD,1002966992.7700001,MAD,OC,recente,2,,office_des_changes\undated\Produits remarquables site 1_15.xlsx,2026-07-23T21:00:06.123397+0000
None-01-01,None,MA00,CHANGE,CHANGE.USD,907480239.9889998,MAD,OC,recente,2,,office_des_changes\undated\Produits remarquables site 1_15.xlsx,2026-07-23T21:00:06.123397+0000
None-01-01,None,MA00,CHANGE,CHANGE.USD,753360208.2630004,MAD,OC,recente,2,,office_des_changes\undated\Produits remarquables site 1_15.xlsx,2026-07-23T21:00:06.123397+0000
None-01-01,None,MA00,CHANGE,CHANGE.USD,676915844.4409999,MAD,OC,recente,2,,office_des_changes\undated\Produits remarquables site 1_15.xlsx,2026-07-23T21:00:06.123397+0000
None-01-01,None,MA00,CHANGE,CHANGE.USD,660443247.2040001,MAD,OC,recente,2,,office_des_changes\undated\Produits remarquables site 1_15.xlsx,2026-07-23T21:00:06.123397+0000
None-01-01,None,MA00,CHANGE,CHANGE.USD,651209861.6119999,MAD,OC,recente,2,,office_des_changes\undated\Produits remarquables site 1_15.xlsx,2026-07-23T21:00:06.123397+0000
None-01-01,None,MA00,CHANGE,CHANGE.USD,641285297.7909999,MAD,OC,recente,2,,office_des_changes\undated\Produits remarquables site 1_15.xlsx,2026-07-23T21:00:06.123397+0000
None-01-01,None,MA00,CHANGE,CHANGE.USD,634077858.268,MAD,OC,recente,2,,office_des_changes\undated\Produits remarquables site 1_15.xlsx,2026-07-23T21:00:06.123397+0000
None-01-01,None,MA00,CHANGE,CHANGE.USD,610211863.8229997,MAD,OC,recente,2,,office_des_changes\undated\Produits remarquables site 1_15.xlsx,2026-07-23T21:00:06.123397+0000
None-01-01,None,MA00,CHANGE,CHANGE.USD,584213741.713,MAD,OC,recente,2,,office_des_changes\undated\Produits remarquables site 1_15.xlsx,2026-07-23T21:00:06.123397+0000
None-01-01,None,MA00,CHANGE,CHANGE.USD,568776795.7119997,MAD,OC,recente,2,,office_des_changes\undated\Produits remarquables site 1_15.xlsx,2026-07-23T21:00:06.123397+0000
None-01-01,None,MA00,CHANGE,CHANGE.USD,546622412.351,MAD,OC,recente,2,,office_des_changes\undated\Produits remarquables site 1_15.xlsx,2026-07-23T21:00:06.123397+0000
None-01-01,None,MA00,CHANGE,CHANGE.USD,528202618.644,MAD,OC,recente,2,,office_des_changes\undated\Produits remarquables site 1_15.xlsx,2026-07-23T21:00:06.123397+0000
None-01-01,None,MA00,CHANGE,CHANGE.USD,510092923.611,MAD,OC,recente,2,,office_des_changes\undated\Produits remarquables site 1_15.xlsx,2026-07-23T21:00:06.123397+0000
None-01-01,None,MA00,CHANGE,CHANGE.USD,462298342.5489999,MAD,OC,recente,2,,office_des_changes\undated\Produits remarquables site 1_15.xlsx,2026-07-23T21:00:06.123397+0000
None-01-01,None,MA00,CHANGE,CHANGE.USD,454255322.85700005,MAD,OC,recente,2,,office_des_changes\undated\Produits remarquables site 1_15.xlsx,2026-07-23T21:00:06.123397+0000
None-01-01,None,MA00,CHANGE,CHANGE.USD,422876315.117,MAD,OC,recente,2,,office_des_changes\undated\Produits remarquables site 1_15.xlsx,2026-07-23T21:00:06.123397+0000
None-01-01,None,MA00,CHANGE,CHANGE.USD,375219324.159,MAD,OC,recente,2,,office_des_changes\undated\Produits remarquables site 1_15.xlsx,2026-07-23T21:00:06.123397+0000
None-01-01,None,MA00,CHANGE,CHANGE.USD,366898646.721,MAD,OC,recente,2,,office_des_changes\undated\Produits remarquables site 1_15.xlsx,2026-07-23T21:00:06.123397+0000
None-01-01,None,MA00,CHANGE,CHANGE.USD,355910696.4099999,MAD,OC,recente,2,,office_des_changes\undated\Produits remarquables site 1_15.xlsx,2026-07-23T21:00:06.123397+0000
None-01-01,None,MA00,CHANGE,CHANGE.USD,266574659.174,MAD,OC,recente,2,,office_des_changes\undated\Produits remarquables site 1_15.xlsx,2026-07-23T21:00:06.123397+0000
None-01-01,None,MA00,CHANGE,CHANGE.USD,260815073.708,MAD,OC,recente,2,,office_des_changes\undated\Produits remarquables site 1_15.xlsx,2026-07-23T21:00:06.123397+0000
None-01-01,None,MA00,CHANGE,CHANGE.USD,255873534.32999998,MAD,OC,recente,2,,office_des_changes\undated\Produits remarquables site 1_15.xlsx,2026-07-23T21:00:06.123397+0000
None-01-01,None,MA00,CHANGE,CHANGE.USD,230079319.99399996,MAD,OC,recente,2,,office_des_changes\undated\Produits remarquables site 1_15.xlsx,2026-07-23T21:00:06.123397+0000
None-01-01,None,MA00,CHANGE,CHANGE.USD,208384923.314,MAD,OC,recente,2,,office_des_changes\undated\Produits remarquables site 1_15.xlsx,2026-07-23T21:00:06.123397+0000
None-01-01,None,MA00,CHANGE,CHANGE.USD,204961237.26299995,MAD,OC,recente,2,,office_des_changes\undated\Produits remarquables site 1_15.xlsx,2026-07-23T21:00:06.123397+0000
None-01-01,None,MA00,CHANGE,CHANGE.USD,185374335.3380001,MAD,OC,recente,2,,office_des_changes\undated\Produits remarquables site 1_15.xlsx,2026-07-23T21:00:06.123397+0000
None-01-01,None,MA00,CHANGE,CHANGE.USD,152112796.355,MAD,OC,recente,2,,office_des_changes\undated\Produits remarquables site 1_15.xlsx,2026-07-23T21:00:06.123397+0000
None-01-01,None,MA00,CHANGE,CHANGE.USD,137057520.569,MAD,OC,recente,2,,office_des_changes\undated\Produits remarquables site 1_15.xlsx,2026-07-23T21:00:06.123397+0000
None-01-01,None,MA00,CHANGE,CHANGE.USD,125226886.013,MAD,OC,recente,2,,office_des_changes\undated\Produits remarquables site 1_15.xlsx,2026-07-23T21:00:06.123397+0000
None-01-01,None,MA00,CHANGE,CHANGE.USD,96658291.288,MAD,OC,recente,2,,office_des_changes\undated\Produits remarquables site 1_15.xlsx,2026-07-23T21:00:06.123397+0000
None-01-01,None,MA00,CHANGE,CHANGE.USD,93959789.885,MAD,OC,recente,2,,office_des_changes\undated\Produits remarquables site 1_15.xlsx,2026-07-23T21:00:06.123397+0000
None-01-01,None,MA00,CHANGE,CHANGE.USD,92254681.75500001,MAD,OC,recente,2,,office_des_changes\undated\Produits remarquables site 1_15.xlsx,2026-07-23T21:00:06.123397+0000
None-01-01,None,MA00,CHANGE,CHANGE.USD,85312204.461,MAD,OC,recente,2,,office_des_changes\undated\Produits remarquables site 1_15.xlsx,2026-07-23T21:00:06.123397+0000
None-01-01,None,MA00,CHANGE,CHANGE.USD,79623824.49900001,MAD,OC,recente,2,,office_des_changes\undated\Produits remarquables site 1_15.xlsx,2026-07-23T21:00:06.123397+0000
None-01-01,None,MA00,CHANGE,CHANGE.USD,77100935.16499999,MAD,OC,recente,2,,office_des_changes\undated\Produits remarquables site 1_15.xlsx,2026-07-23T21:00:06.123397+0000
None-01-01,None,MA00,CHANGE,CHANGE.USD,65194861.631,MAD,OC,recente,2,,office_des_changes\undated\Produits remarquables site 1_15.xlsx,2026-07-23T21:00:06.123397+0000
None-01-01,None,MA00,CHANGE,CHANGE.USD,42748787.13100002,MAD,OC,recente,2,,office_des_changes\undated\Produits remarquables site 1_15.xlsx,2026-07-23T21:00:06.123397+0000
None-01-01,None,MA00,CHANGE,CHANGE.USD,34951721.501,MAD,OC,recente,2,,office_des_changes\undated\Produits remarquables site 1_15.xlsx,2026-07-23T21:00:06.123397+0000
None-01-01,None,MA00,CHANGE,CHANGE.USD,26316316.264000002,MAD,OC,recente,2,,office_des_changes\undated\Produits remarquables site 1_15.xlsx,2026-07-23T21:00:06.123397+0000
None-01-01,None,MA00,CHANGE,CHANGE.USD,22768252.592,MAD,OC,recente,2,,office_des_changes\undated\Produits remarquables site 1_15.xlsx,2026-07-23T21:00:06.123397+0000
None-01-01,None,MA00,CHANGE,CHANGE.USD,16428687.301,MAD,OC,recente,2,,office_des_changes\undated\Produits remarquables site 1_15.xlsx,2026-07-23T21:00:06.123397+0000
None-01-01,None,MA00,CHANGE,CHANGE.USD,15836888.602999998,MAD,OC,recente,2,,office_des_changes\undated\Produits remarquables site 1_15.xlsx,2026-07-23T21:00:06.123397+0000
None-01-01,None,MA00,CHANGE,CHANGE.USD,14233450.708,MAD,OC,recente,2,,office_des_changes\undated\Produits remarquables site 1_15.xlsx,2026-07-23T21:00:06.123397+0000
None-01-01,None,MA00,CHANGE,CHANGE.USD,10281569.419,MAD,OC,recente,2,,office_des_changes\undated\Produits remarquables site 1_15.xlsx,2026-07-23T21:00:06.123397+0000
None-01-01,None,MA00,CHANGE,CHANGE.USD,9833168.038,MAD,OC,recente,2,,office_des_changes\undated\Produits remarquables site 1_15.xlsx,2026-07-23T21:00:06.123397+0000
None-01-01,None,MA00,CHANGE,CHANGE.USD,9091645.556,MAD,OC,recente,2,,office_des_changes\undated\Produits remarquables site 1_15.xlsx,2026-07-23T21:00:06.123397+0000
None-01-01,None,MA00,CHANGE,CHANGE.USD,6404764.5430000005,MAD,OC,recente,2,,office_des_changes\undated\Produits remarquables site 1_15.xlsx,2026-07-23T21:00:06.123397+0000
None-01-01,None,MA00,CHANGE,CHANGE.USD,6301292.317,MAD,OC,recente,2,,office_des_changes\undated\Produits remarquables site 1_15.xlsx,2026-07-23T21:00:06.123397+0000
None-01-01,None,MA00,CHANGE,CHANGE.USD,2989377.69,MAD,OC,recente,2,,office_des_changes\undated\Produits remarquables site 1_15.xlsx,2026-07-23T21:00:06.123397+0000
None-01-01,None,MA00,CHANGE,CHANGE.USD,680325.6170000001,MAD,OC,recente,2,,office_des_changes\undated\Produits remarquables site 1_15.xlsx,2026-07-23T21:00:06.123397+0000
None-01-01,None,MA00,CHANGE,CHANGE.USD,404371.0,MAD,OC,recente,2,,office_des_changes\undated\Produits remarquables site 1_15.xlsx,2026-07-23T21:00:06.123397+0000
None-01-01,None,MA00,CHANGE,CHANGE.USD,75874.921,MAD,OC,recente,2,,office_des_changes\undated\Produits remarquables site 1_15.xlsx,2026-07-23T21:00:06.123397+0000
